source_row,targetid,split
30335,234520892669963,test
21856,2323696089825280,test
1166,2389447454752769,test
639,2780687786573828,test
4979,2780802660171783,test
4316,2780809119399941,test
1048,2780825321996294,test
1059,2780831353405442,test
4179,2780851142131732,test
2949,2780851578339341,test
4464,2780857370673161,test
1948,2780870071025668,test
1108,2780873434857473,test
1507,2780899741532163,test
3054,2780906024599571,test
3055,2780906028793864,test
1232,2780909619118086,test
4262,2780911439446028,test
2002,2780918397796358,test
1243,2780939822301191,test
4460,2780941814595591,test
3100,2780948395458567,test
5238,2780959401312257,test
3167,2780960391168008,test
2501,2780996797726726,test
2479,2780996835475459,test
5519,2781128612118534,test
2773,2781141404745738,test
5376,2781164255313923,test
3996,2781165115146255,test
3993,2781171138166795,test
6358,2781182148214785,test
6969,2781566094802957,test
6898,2781811797131267,test
1367,2785183203852288,test
23950,2789543308689409,test
26146,2789995907645442,test
8268,2842266511081477,test
19203,2842399449546753,test
10737,2842399961251840,test
14708,2842442340499456,test
18901,2842611085737990,test
21544,2842629377097732,test
29707,2842654127685634,test
21890,2842701636567045,test
14849,2846912885555201,test
12398,2851244943081473,test
9219,2851260524920832,test
20003,2851346382323712,test
20118,2851358411587584,test
27825,2851846561464321,test
30003,39627217143079414,test
29997,39627228220237740,test
29850,39627306620163234,test
22862,39627334596172995,test
22863,39627334600364803,test
23250,39627339960680656,test
22861,39627340321393834,test
22767,39627346147287095,test
22723,39627346231170060,test
22735,39627346247945858,test
23456,39627351662796319,test
22876,39627351792821815,test
23285,39627357174110334,test
22771,39627357635478144,test
5898,39627363016770222,test
23318,39627363029359565,test
22975,39627363377485106,test
22794,39627369220149046,test
22798,39627369245317484,test
22841,39627374953766708,test
548,39627375067009213,test
5900,39627380356026012,test
23239,39627380448302327,test
22831,39627380762874665,test
22816,39627380775460123,test
22810,39627380783848865,test
22807,39627380796431674,test
23471,39627386274186343,test
5831,39627386492289378,test
22980,39627386492289378,test
8024,39627386592954122,test
7993,39627386609735671,test
22994,39627392293018856,test
22850,39627392330770609,test
22821,39627392360127594,test
7998,39627392397871300,test
23349,39627397674306171,test
5905,39627397682699879,test
23336,39627397712056527,test
23490,39627397833693851,test
22925,39627397980493598,test
22852,39627398135681562,test
22851,39627398139876376,test
7997,39627398198595594,test
23491,39627403646999004,test
22953,39627403756045596,test
23085,39627403789604990,test
8026,39627403990928411,test
5909,39627409334471559,test
22956,39627409565159826,test
22961,39627409573547554,test
22951,39627409581935496,test
23000,39627409728737589,test
23083,39627415453963183,test
23076,39627415458156707,test
23094,39627415466546869,test
5848,39627415500100668,test
8035,39627415638508711,test
23385,39627420940114800,test
23557,39627421086910726,test
23551,39627421103690426,test
22968,39627421229518729,test
8077,39627421443428385,test
23375,39627426770193510,test
23574,39627426967322906,test
23090,39627427122519619,test
8075,39627427273511273,test
565,39627427311256876,test
23378,39627432612864931,test
5856,39627433053265424,test
23021,39627433053265424,test
8085,39627433120374075,test
8054,39627433170699112,test
5855,39627438937869589,test
8089,39627438950452864,test
23593,39627444486930658,test
23579,39627444516295058,test
23530,39627444528875628,test
5866,39627444755370162,test
8095,39627444814092259,test
23409,39627450170219030,test
23407,39627450182798650,test
23418,39627450203767500,test
23713,39627450476399049,test
23128,39627450530927685,test
577,39627450749031184,test
8120,39627450749031184,test
23410,39627456046434766,test
23415,39627456071599959,test
23615,39627456193237089,test
23127,39627456386177927,test
5865,39627456482640479,test
23540,39627462140761521,test
23722,39627462203672459,test
23048,39627462337890436,test
8134,39627462484689823,test
23607,39627467958261795,test
23720,39627468092475464,test
23068,39627468235081450,test
23364,39627473771563590,test
5927,39627473909979806,test
23134,39627474027415007,test
23723,39627479865890219,test
23147,39627479928804626,test
581,39627480146903382,test
24221,39627485603693437,test
23624,39627485628860868,test
23626,39627485637254328,test
23628,39627485641445582,test
23755,39627485763080633,test
23191,39627485838578673,test
8192,39627486014739215,test
23431,39627491425386908,test
23369,39627491446360857,test
23748,39627491660271319,test
23735,39627491693828505,test
23142,39627491727380380,test
23200,39627491744155348,test
23192,39627491748349194,test
23178,39627491802876693,test
23176,39627491811267901,test
23177,39627491811267932,test
8519,39627491828045084,test
8114,39627491907734402,test
24245,39627497377110041,test
24215,39627497435828388,test
23677,39627497502938426,test
23765,39627497557464463,test
23739,39627497607795557,test
23187,39627497695873407,test
23172,39627497725231668,test
636,39627497750400870,test
8516,39627497750400870,test
8493,39627497813315117,test
8152,39627497863647414,test
24292,39627503366575533,test
23672,39627503442070586,test
23674,39627503442071992,test
23766,39627503463043225,test
23782,39627503500788802,test
23193,39627503584677986,test
8609,39627503639201762,test
8514,39627503681146458,test
23683,39627509356042394,test
23770,39627509406372682,test
23807,39627509460898537,test
23809,39627509460901532,test
663,39627509557366591,test
8616,39627509557366788,test
8504,39627509624473884,test
24407,39627515127404564,test
24283,39627515152568083,test
24233,39627515186121341,test
23699,39627515240647162,test
23703,39627515261618142,test
8198,39627515597163883,test
24297,39627521125259313,test
23828,39627521322385764,test
23812,39627521330778593,test
23223,39627521351749362,test
8617,39627521431438724,test
8566,39627521506937576,test
8554,39627521519523576,test
24278,39627527018258713,test
23706,39627527135695902,test
23216,39627527324440827,test
666,39627527349604689,test
8316,39627527521569510,test
8227,39627527576092974,test
8225,39627527584483102,test
5968,39627533108382672,test
23988,39627533129359072,test
23212,39627533259378465,test
642,39627533351649574,test
8550,39627533351649574,test
8229,39627533532006567,test
8223,39627533536204704,test
24416,39627538892331783,test
24310,39627538992992354,test
24014,39627539034931561,test
23978,39627539081075950,test
23848,39627539177538132,test
8226,39627539466944894,test
24333,39627544890182051,test
23969,39627545007625430,test
23836,39627545099899502,test
23845,39627545116676658,test
8237,39627545427054751,test
17247,39627546857310956,test
23995,39627551001288022,test
23994,39627551005478114,test
23906,39627551043224496,test
23839,39627551055807934,test
23868,39627551076781317,test
23846,39627551076782047,test
8651,39627551127114617,test
8589,39627551240355863,test
8326,39627551299078194,test
24359,39627556831364902,test
5948,39627557028496401,test
23865,39627557028496401,test
23878,39627557028500240,test
23877,39627557032690361,test
8568,39627557229829370,test
597,39627557259184673,test
8334,39627557259184673,test
592,39627557288546896,test
11132,39627559427641700,test
24440,39627562715980846,test
24444,39627562741139640,test
24443,39627562741140101,test
23913,39627562950857259,test
5949,39627562984410924,test
23879,39627562988605097,test
8669,39627563055710298,test
8637,39627563097656850,test
4062,39627564733436447,test
11170,39627565324830850,test
24432,39627568688666126,test
24358,39627568755773059,test
24360,39627568759967131,test
24326,39627568789324997,test
24519,39627568810297080,test
24040,39627568843855786,test
8667,39627569003238153,test
8668,39627569011622995,test
8812,39627569179396227,test
599,39627569217146962,test
10286,39627571159109688,test
11291,39627571423350906,test
24345,39627574707488755,test
24327,39627574745242149,test
24033,39627574829125236,test
24053,39627574833316444,test
24083,39627574879456050,test
5952,39627574946564951,test
23886,39627574946564951,test
1021,39627574967535446,test
9488,39627574967535446,test
656,39627575084974148,test
8351,39627575202418158,test
8254,39627575261135869,test
4065,39627576662032863,test
17270,39627576699785798,test
10408,39627576968218743,test
1330,39627576980800164,test
14399,39627577211487078,test
11176,39627577253433901,test
24048,39627580801815458,test
23942,39627580873118209,test
9500,39627580940226870,test
9501,39627580948612112,test
8699,39627580961198493,test
8695,39627580965392204,test
8693,39627580965393005,test
8679,39627580990555340,test
8688,39627580994750371,test
8724,39627581015720946,test
8823,39627581103805251,test
8825,39627581107999468,test
738,39627581133166413,test
8261,39627581250603156,test
25011,39627582320154625,test
25006,39627582332736890,test
25005,39627582332737275,test
17266,39627582672471768,test
4056,39627582743773472,test
10437,39627582844440197,test
10418,39627582928325983,test
10298,39627583049960529,test
10300,39627583058347260,test
10316,39627583083512126,test
10291,39627583133843700,test
11180,39627583226122404,test
11299,39627583377115900,test
10983,39627583490361262,test
24373,39627586694811607,test
24377,39627586703201588,test
24555,39627586728364419,test
24577,39627586757725006,test
23948,39627586866779553,test
8871,39627587084879289,test
8817,39627587122628585,test
8842,39627587131017319,test
8377,39627587185542125,test
25058,39627588292841503,test
17356,39627588468998289,test
17296,39627588716462917,test
4053,39627588745824513,test
17729,39627588812933817,test
10532,39627588951345698,test
11150,39627589307861419,test
11305,39627589333027572,test
11042,39627589416914079,test
26801,39627589718907840,test
24479,39627592642337712,test
24391,39627592671693712,test
24071,39627592759772631,test
24090,39627592797520159,test
9549,39627592873019507,test
8604,39627593044987541,test
736,39627593099513072,test
8820,39627593103708633,test
25112,39627594152284067,test
24987,39627594269722432,test
24972,39627594345221465,test
19107,39627594370385623,test
10440,39627594810789103,test
10484,39627594852729221,test
10302,39627595007920840,test
10351,39627595020505228,test
10299,39627595024696294,test
14415,39627595171498205,test
1605,39627595267966187,test
11207,39627595267966187,test
11307,39627595322495108,test
24477,39627598631804943,test
24606,39627598673744992,test
24604,39627598682130889,test
24571,39627598719878460,test
8607,39627599038645385,test
8843,39627599109950431,test
25114,39627600158526238,test
25026,39627600326297336,test
6034,39627600338879552,test
24975,39627600338880818,test
24974,39627600347268269,test
19083,39627600385016408,test
4114,39627600494070090,test
17447,39627600573764690,test
17316,39627600653453724,test
10461,39627600854781715,test
10467,39627600867365540,test
10306,39627600989000950,test
10356,39627601030940413,test
10297,39627601081274912,test
1313,39627601093857608,test
14422,39627601169355621,test
1581,39627601278407193,test
1650,39627601311961315,test
11309,39627601311961315,test
26768,39627601639113053,test
26749,39627601651700647,test
26808,39627601714610456,test
24481,39627604625462841,test
24066,39627604747095030,test
24097,39627604780651591,test
9515,39627604877118648,test
9513,39627604881311517,test
8772,39627604956808675,test
8776,39627604965198005,test
8770,39627604969390750,test
8415,39627605145551143,test
25118,39627606135412786,test
25165,39627606185742839,test
6097,39627606202519092,test
6099,39627606206715282,test
6067,39627606278016920,test
25028,39627606307376991,test
4116,39627606475146651,test
17371,39627606500312848,test
17353,39627606521286185,test
4101,39627606630339924,test
1350,39627606844246942,test
10458,39627606852635357,test
1355,39627606873606597,test
2815,39627607112680600,test
11328,39627607326594001,test
11315,39627607343370459,test
11013,39627607406281709,test
10990,39627607452420803,test
26813,39627607708274716,test
24500,39627610640093474,test
24499,39627610640096070,test
24143,39627610744951362,test
9526,39627610925302998,test
698,39627611017579965,test
8745,39627611017579965,test
8890,39627611034357851,test
8421,39627611139215524,test
8396,39627611197931992,test
6104,39627612166819314,test
25187,39627612166819314,test
25194,39627612171012458,test
25038,39627612326199499,test
4916,39627612372342562,test
19093,39627612389119374,test
17404,39627612435251823,test
17370,39627612468808970,test
4121,39627612489779588,test
17379,39627612489780444,test
4149,39627612582055396,test
17759,39627612716270654,test
17745,39627612766601332,test
10500,39627612821130669,test
10493,39627612833714056,test
10540,39627612925988897,test
10526,39627612959542128,test
1314,39627613072789729,test
10325,39627613072789729,test
14434,39627613102147995,test
2807,39627613148283171,test
11346,39627613303476833,test
11326,39627613320249524,test
11316,39627613341224053,test
11023,39627613454470789,test
24495,39627616629562732,test
24637,39627616688280321,test
24113,39627616822497656,test
24116,39627616822498021,test
9573,39627616830888205,test
9580,39627616881214734,test
9527,39627616906384039,test
8782,39627616931545528,test
8881,39627617061570681,test
8443,39627617153847760,test
8394,39627617187400772,test
6083,39627618126922404,test
25117,39627618126922404,test
6113,39627618189840533,test
25215,39627618189840533,test
25074,39627618256948191,test
25044,39627618298893525,test
17378,39627618496023350,test
17376,39627618504410568,test
17461,39627618575718800,test
17332,39627618634436028,test
10486,39627618835759957,test
10529,39627618953202152,test
10365,39627619028701464,test
10338,39627619049671717,test
11236,39627619183887063,test
11229,39627619204860575,test
1609,39627619246804061,test
11211,39627619246804061,test
11064,39627619376829604,test
11060,39627619389408902,test
1542,39627619414576297,test
1840,39627619485879594,test
11836,39627619485879594,test
26810,39627619691403596,test
24838,39627622639996771,test
24634,39627622686131382,test
9536,39627622904238445,test
9068,39627623021679575,test
8946,39627623101370703,test
8427,39627623122338524,test
8439,39627623134924647,test
25177,39627624204473094,test
6071,39627624254804798,test
25075,39627624254804798,test
19121,39627624355466648,test
17395,39627624460323602,test
17558,39627624523241118,test
17487,39627624565182704,test
17328,39627624640676139,test
4301,39627624774894675,test
17788,39627624791676055,test
4322,39627624800060365,test
10473,39627624883945967,test
10592,39627624988804986,test
10381,39627625030749570,test
11350,39627625311769654,test
11351,39627625324352745,test
11336,39627625328546806,test
11335,39627625336932940,test
11385,39627625357902239,test
11036,39627625425011256,test
11032,39627625433403283,test
24840,39627628642046414,test
24632,39627628667209049,test
24659,39627628683987540,test
24157,39627628767875303,test
24169,39627628793038913,test
1084,39627628830788597,test
9546,39627628897898951,test
9621,39627628935646226,test
710,39627628944034653,test
8792,39627628977588176,test
8794,39627628981784425,test
846,39627629015335242,test
9086,39627629015335242,test
9064,39627629019533645,test
834,39627629023727626,test
760,39627629048889506,test
8897,39627629048889506,test
29853,39627629048889506,test
8435,39627629145363033,test
25142,39627630101664150,test
25129,39627630122635460,test
6165,39627630151994715,test
25056,39627630315573406,test
4981,39627630328152960,test
4973,39627630340736006,test
19150,39627630441398571,test
4138,39627630445597819,test
17413,39627630445597819,test
17893,39627630705643414,test
4372,39627630705645159,test
17890,39627630705645159,test
17767,39627630760169201,test
4295,39627630772752771,test
17749,39627630772752771,test
10508,39627630823080947,test
10709,39627630894387149,test
10375,39627631007632793,test
10373,39627631011827008,test
10369,39627631024409286,test
2910,39627631091518208,test
14447,39627631108294960,test
14452,39627631129267742,test
14428,39627631150236456,test
1634,39627631204765634,test
11243,39627631213150814,test
11250,39627631234122208,test
11252,39627631234126214,test
11217,39627631263483656,test
11038,39627631443840345,test
12018,39627631460617967,test
11853,39627631477395960,test
11856,39627631506754115,test
6445,39627631628393911,test
26773,39627631628393911,test
26838,39627631691303223,test
26817,39627631729051868,test
24839,39627634652488533,test
24641,39627634711200157,test
24709,39627634732172403,test
9617,39627634933499115,test
8803,39627634975441055,test
8916,39627635084493020,test
768,39627635088691302,test
8452,39627635180965630,test
6119,39627636187598931,test
25232,39627636187598931,test
25218,39627636200178978,test
6115,39627636204372383,test
6078,39627636284067663,test
25096,39627636284067663,test
25055,39627636317621329,test
19264,39627636330202797,test
4936,39627636426672581,test
17420,39627636485392035,test
17508,39627636607027982,test
17307,39627636699300930,test
17889,39627636720273494,test
17902,39627636732856002,test
4377,39627636732857875,test
17901,39627636732857875,test
17779,39627636758021811,test
10612,39627636984515627,test
10385,39627637051626358,test
10390,39627637060014277,test
10342,39627637072593620,test
14480,39627637194228535,test
11267,39627637215204896,test
11361,39627637320058458,test
11359,39627637341032875,test
11393,39627637382977712,test
1555,39627637420721937,test
1903,39627637479442397,test
11852,39627637492027974,test
26776,39627637584301151,test
26943,39627637647217097,test
26843,39627637689160232,test
24862,39627640658727675,test
9635,39627640922965394,test
9628,39627640948130985,test
727,39627640973300096,test
722,39627640977493638,test
8800,39627640977493638,test
719,39627640998462134,test
8907,39627641086543194,test
8451,39627641195599083,test
9259,39627641203988291,test
25361,39627642177063388,test
6179,39627642189644281,test
25383,39627642189644281,test
6120,39627642202227217,test
25228,39627642231590831,test
6127,39627642239975815,test
25253,39627642273532685,test
25088,39627642323865513,test
4975,39627642365807392,test
19254,39627642365807392,test
19255,39627642370003176,test
19162,39627642445496682,test
17563,39627642558744495,test
17336,39627642692965347,test
17793,39627642835571603,test
10727,39627642894289788,test
10716,39627642932038052,test
10603,39627643015925657,test
11284,39627643246609719,test
1673,39627643359854664,test
11092,39627643435356441,test
11873,39627643519238478,test
11859,39627643531824112,test
26788,39627643640876861,test
26816,39627643737348840,test
24658,39627646706915882,test
9612,39627646908235958,test
9594,39627646929211132,test
8466,39627647193451953,test
25227,39627648233639618,test
25275,39627648300745134,test
19253,39627648376245130,test
19276,39627648388827816,test
19157,39627648472716470,test
4213,39627648581764869,test
17491,39627648611126982,test
4161,39627648615321838,test
4344,39627648812453530,test
10514,39627648896340365,test
10731,39627648929893235,test
1398,39627648980227729,test
11259,39627649278017795,test
1676,39627649340934476,test
11406,39627649387071145,test
11418,39627649399657950,test
11098,39627649433208773,test
12097,39627649475149994,test
12033,39627649479346605,test
1907,39627649508706936,test
12027,39627649508706936,test
11956,39627649563231449,test
6451,39627649626147102,test
6501,39627649701649699,test
26867,39627649772950747,test
24864,39627652692183031,test
24656,39627652721548490,test
24721,39627652809626159,test
9753,39627652847374939,test
9729,39627652910287440,test
8999,39627653136780498,test
8969,39627653161948443,test
8963,39627653166140260,test
8469,39627653208086194,test
25367,39627654206324840,test
19294,39627654361517966,test
19271,39627654378291323,test
17490,39627654629951546,test
4106,39627654697058445,test
17917,39627654785140554,test
4324,39627654839668357,test
17798,39627654839668357,test
17807,39627654873223173,test
4332,39627654877414725,test
17813,39627654877414725,test
1440,39627654940333694,test
10733,39627654948719339,test
2934,39627655112294621,test
2847,39627655217152602,test
14483,39627655217152602,test
11400,39627655401706830,test
11401,39627655405898089,test
11115,39627655456232000,test
11107,39627655464616936,test
11871,39627655565284170,test
11904,39627655607226747,test
26794,39627655636584848,test
26860,39627655779193071,test
24866,39627658706815797,test
24720,39627658815869275,test
24719,39627658832646486,test
24194,39627658853617099,test
9606,39627658945888977,test
9677,39627658950087276,test
1070,39627658954282048,test
871,39627659054940564,test
8972,39627659189164064,test
25238,39627660254513358,test
6146,39627660292263399,test
6129,39627660304846816,test
25102,39627660363563549,test
19302,39627660376146279,test
17530,39627660673943898,test
4401,39627660757827877,test
17941,39627660757827877,test
17802,39627660866882446,test
10766,39627660942381995,test
10736,39627660992709455,test
10581,39627661013681770,test
10588,39627661013685415,test
10400,39627661105958712,test
14625,39627661156289218,test
2882,39627661227594866,test
14494,39627661240176497,test
14516,39627661282117404,test
1744,39627661303091272,test
11574,39627661311477483,test
1728,39627661370196583,test
11546,39627661370196583,test
11377,39627661386976613,test
11372,39627661386976722,test
11456,39627661403756001,test
11422,39627661458281982,test
1688,39627661462477137,test
12102,39627661508608513,test
1912,39627661521191394,test
11972,39627661588304103,test
11947,39627661600884801,test
1875,39627661600885763,test
11949,39627661600887314,test
11912,39627661630247600,test
26962,39627661739296058,test
26892,39627661798016559,test
6182,39627666248174682,test
19216,39627666478860680,test
19169,39627666516611990,test
17594,39627666583716984,test
17951,39627666780851234,test
17912,39627666797629614,test
17787,39627666843764213,test
4349,39627666873127865,test
10729,39627666986375269,test
10675,39627667045094185,test
10399,39627667128978141,test
14553,39627667258999691,test
14555,39627667263195076,test
14514,39627667313528339,test
11274,39627667317722331,test
11465,39627667443549339,test
11464,39627667443549737,test
12126,39627667523241964,test
12084,39627667556800050,test
26798,39627667695206856,test
26994,39627667728763633,test
26902,39627667800064206,test
24729,39627670874494256,test
9676,39627671000321456,test
859,39627671159705071,test
821,39627671197455487,test
9021,39627671197455487,test
9282,39627671293921721,test
6184,39627672237643686,test
25395,39627672258614046,test
6181,39627672271196118,test
25321,39627672317329836,test
19284,39627672489298595,test
17604,39627672589962330,test
17590,39627672648685370,test
17584,39627672669652678,test
17528,39627672715792731,test
4392,39627672833229852,test
17926,39627672841618777,test
17829,39627672925504849,test
1456,39627673021974116,test
10750,39627673021975121,test
10665,39627673084891939,test
2917,39627673198136149,test
14647,39627673206524098,test
14734,39627673248465380,test
14563,39627673256857713,test
2868,39627673298796892,test
14513,39627673323965834,test
14850,39627673340742328,test
11596,39627673357519298,test
1734,39627673395270407,test
1922,39627673604982760,test
12060,39627673621759824,test
11951,39627673646925811,test
11928,39627673709840231,test
26971,39627673793726305,test
26967,39627673806312662,test
26900,39627673818891907,test
24913,39627676826209232,test
9690,39627677065282570,test
9009,39627677207888940,test
25428,39627678260658629,test
25390,39627678323573267,test
25317,39627678369710568,test
19184,39627678596205694,test
4221,39627678621370961,test
4220,39627678642341901,test
17535,39627678722032000,test
17954,39627678814307184,test
17920,39627678881420376,test
17988,39627678898195575,test
4355,39627678919164709,test
10789,39627679032411181,test
10656,39627679116297945,test
15500,39627679179213817,test
14568,39627679284070296,test
14577,39627679288265585,test
14581,39627679321818939,test
11648,39627679456037326,test
11447,39627679523149306,test
11431,39627679535729161,test
1929,39627679590253022,test
12094,39627679623808945,test
11985,39627679690918454,test
1869,39627679711888136,test
26963,39627679820942563,test
26893,39627679867083335,test
26913,39627679883857843,test
24893,39627682819868529,test
1074,39627683046363428,test
1064,39627683100890829,test
9660,39627683100890829,test
9144,39627683163804671,test
883,39627683167994430,test
9104,39627683209942731,test
900,39627683218327021,test
29861,39627683218327021,test
9300,39627683314801123,test
7263,39627684254324012,test
25426,39627684275293851,test
25452,39627684346597383,test
25295,39627684426288797,test
19327,39627684497592398,test
5011,39627684543728167,test
10792,39627685059625601,test
1463,39627685080600951,test
10753,39627685080600951,test
10685,39627685160292980,test
1413,39627685177068089,test
3265,39627685193843033,test
15499,39627685198037391,test
14689,39627685219012448,test
14509,39627685378394010,test
14510,39627685378397576,test
14852,39627685390976790,test
11602,39627685403563460,test
11608,39627685420339222,test
1764,39627685479057178,test
11496,39627685525194778,test
11438,39627685541971690,test
2277,39627685579719972,test
13062,39627685579719972,test
12135,39627685596500078,test
12130,39627685613275397,test
12153,39627685617469002,test
12074,39627685638439263,test
12179,39627685667802487,test
24897,39627688855470366,test
24803,39627688935164292,test
9803,39627689056796852,test
9162,39627689245545161,test
908,39627689266512158,test
9295,39627689342013193,test
966,39627689350403367,test
7250,39627690273145784,test
311,39627690277343749,test
6193,39627690323481659,test
19192,39627690654829177,test
17625,39627690705160831,test
4241,39627690705162219,test
17621,39627690709356062,test
4666,39627690856153817,test
10760,39627691107816545,test
10651,39627691212669137,test
10649,39627691212674051,test
14728,39627691330112021,test
14730,39627691334308331,test
14602,39627691359471683,test
13078,39627691602740762,test
13056,39627691611133413,test
13074,39627691619522030,test
1927,39627691682434019,test
12087,39627691682434029,test
12195,39627691720180557,test
11943,39627691783096691,test
12345,39627691787289291,test
27014,39627691837624815,test
27060,39627691879566255,test
24917,39627694928823807,test
10009,39627694991741826,test
9989,39627695004320503,test
9163,39627695289533282,test
8989,39627695352452438,test
9302,39627695377618406,test
25444,39627696359081177,test
19861,39627696522658258,test
19860,39627696526855253,test
19340,39627696547826901,test
19368,39627696602353884,test
4965,39627696669463018,test
19241,39627696669463830,test
19481,39627696682042620,test
17544,39627696841427066,test
10834,39627697181166638,test
10700,39627697210524992,test
14718,39627697294413781,test
14746,39627697340550620,test
3022,39627697445408743,test
14888,39627697445408743,test
13079,39627697629959374,test
13055,39627697646731722,test
2284,39627697655124349,test
1946,39627697705456522,test
1887,39627697793533325,test
6019,39627700968625766,test
24812,39627700989596494,test
24810,39627700993789479,test
1171,39627701245445281,test
9174,39627701304166996,test
903,39627701329331783,test
7283,39627702352743908,test
25443,39627702390494367,test
25441,39627702415656835,test
19867,39627702545679157,test
17639,39627702767979505,test
4238,39627702797337377,test
17627,39627702797337377,test
4196,39627702851867055,test
17552,39627702851867055,test
17555,39627702860253976,test
17551,39627702889614614,test
17976,39627702986081149,test
4428,39627703032222413,test
17990,39627703032222413,test
4363,39627703078356310,test
18100,39627703103523388,test
10805,39627703145464003,test
10796,39627703162243224,test
10844,39627703195799669,test
10839,39627703208379809,test
14736,39627703397124858,test
14593,39627703447455097,test
3017,39627703464231407,test
3021,39627703476814314,test
11633,39627703514565643,test
11636,39627703527147570,test
11619,39627703552315512,test
11618,39627703556505882,test
11666,39627703573285510,test
11662,39627703594259097,test
11520,39627703619422413,test
11535,39627703627811634,test
11536,39627703627813083,test
11511,39627703632008846,test
13153,39627703648784840,test
12262,39627703745254376,test
12196,39627703774612540,test
12190,39627703787193542,test
27025,39627703904636888,test
27018,39627703917220288,test
24936,39627707000031345,test
10030,39627707046171888,test
1110,39627707109083185,test
9774,39627707117473491,test
9826,39627707134250740,test
9835,39627707138445953,test
1121,39627707163608390,test
9810,39627707163608390,test
1170,39627707276857855,test
9901,39627707276858350,test
907,39627707356550503,test
9339,39627707423658561,test
9332,39627707465597992,test
7289,39627708405123803,test
25436,39627708442872237,test
25481,39627708463843105,test
25353,39627708535146243,test
19330,39627708631617786,test
19483,39627708765833487,test
17637,39627708795194220,test
17557,39627708900050851,test
4430,39627709072019521,test
4491,39627709118157864,test
4469,39627709130736173,test
18105,39627709130736173,test
10807,39627709176878068,test
1480,39627709202041302,test
1491,39627709223014719,test
10695,39627709290123062,test
3271,39627709353035506,test
14761,39627709445311847,test
2909,39627709470477694,test
13157,39627709688582003,test
13087,39627709692774287,test
13114,39627709726328855,test
11996,39627709852160958,test
26928,39627710019929126,test
6484,39627710045095076,test
22633,39627710057678364,test
10032,39627713077576889,test
9842,39627713182434366,test
921,39627713375373353,test
9190,39627713375373353,test
920,39627713379568851,test
9186,39627713379568851,test
923,39627713400541765,test
9193,39627713400541765,test
9336,39627713446678879,test
976,39627713450871763,test
9335,39627713450871763,test
9323,39627713484425353,test
7258,39627714361036811,test
7316,39627714390396881,test
7318,39627714398781511,test
5010,39627714658831602,test
19238,39627714763686397,test
19542,39627714763687013,test
4418,39627715036318764,test
17886,39627715136979585,test
18149,39627715149567094,test
18151,39627715157952547,test
4466,39627715187310755,test
18097,39627715187310755,test
10703,39627715325725366,test
15557,39627715329920793,test
15558,39627715329921812,test
15518,39627715350893212,test
14725,39627715405417931,test
14795,39627715430581492,test
14796,39627715434778317,test
2971,39627715447363112,test
14905,39627715568997033,test
1762,39627715606741377,test
11537,39627715694825098,test
12261,39627715820650881,test
12260,39627715820654874,test
1970,39627715866791470,test
1890,39627715870984159,test
2016,39627715921316794,test
12359,39627715946481367,test
27073,39627716021977372,test
26936,39627716080701296,test
22632,39627716093282968,test
9849,39627719197068846,test
9834,39627719205454929,test
9824,39627719243207276,test
919,39627719423561072,test
9185,39627719423561072,test
935,39627719427755459,test
7304,39627720476330538,test
6194,39627720501494176,test
25448,39627720501494176,test
25488,39627720535052507,test
19348,39627720694434678,test
19414,39627720723794370,test
19519,39627720816067301,test
4275,39627720895758661,test
17676,39627720937704479,test
4419,39627721076113678,test
18042,39627721109668704,test
18010,39627721134838663,test
18015,39627721139033014,test
18146,39627721185168442,test
10813,39627721256472267,test
1484,39627721264857718,test
10917,39627721290025887,test
10868,39627721323579986,test
15562,39627721382298499,test
15542,39627721415854991,test
14810,39627721466185370,test
14793,39627721474575922,test
14781,39627721508130021,test
14896,39627721587820878,test
14933,39627721604596270,test
11749,39627721650737824,test
1777,39627721701068012,test
1982,39627721860453035,test
12269,39627721860453035,test
1972,39627721914977402,test
1893,39627721919170475,test
12008,39627721919170475,test
2026,39627721940142121,test
12389,39627721940142121,test
12401,39627721948532267,test
24948,39627725123617209,test
10045,39627725161366289,test
9821,39627725274615828,test
9353,39627725513687294,test
986,39627725517885640,test
7259,39627726449017750,test
7327,39627726469992872,test
5137,39627726734229996,test
19880,39627726734231848,test
19398,39627726809731346,test
19539,39627726843284423,test
5061,39627726881033990,test
18587,39627727032025993,test
18109,39627727254323696,test
10915,39627727325630692,test
15552,39627727417905622,test
15527,39627727464044314,test
3277,39627727485009951,test
15533,39627727485009951,test
2989,39627727535343713,test
14610,39627727585676179,test
14957,39627727619232591,test
11747,39627727707312732,test
2320,39627727807972007,test
13131,39627727828946823,test
13120,39627727845723080,test
1984,39627727904440746,test
12271,39627727904440746,test
2036,39627727984132783,test
6552,39627728072214335,test
27092,39627728122546622,test
6538,39627728135127926,test
22644,39627728168685984,test
10042,39627731201166616,test
1206,39627731247305171,test
1209,39627731247307225,test
9852,39627731272467009,test
1132,39627731301829642,test
9840,39627731301829642,test
1174,39627731448633913,test
9903,39627731448633913,test
9920,39627731452821823,test
936,39627731515737977,test
9206,39627731515740603,test
9378,39627731599622906,test
328,39627732509786164,test
7338,39627732539151961,test
7297,39627732564316807,test
5141,39627732740476207,test
5142,39627732744669278,test
5072,39627732916636622,test
19553,39627732916636622,test
17698,39627732992134728,test
4691,39627733096994521,test
4678,39627733117964994,test
18021,39627733239600537,test
18327,39627733243791858,test
4582,39627733247984327,test
10941,39627733352845661,test
1515,39627733365427192,test
10905,39627733411563815,test
10884,39627733419955437,test
15541,39627733495452100,test
14780,39627733583528461,test
14777,39627733591917070,test
2982,39627733596116037,test
14910,39627733696778863,test
11707,39627733780662226,test
1781,39627733801634178,test
1780,39627733810021302,test
11702,39627733810021302,test
13402,39627733814216055,test
2037,39627734019736827,test
12369,39627734061681395,test
12361,39627734086846759,test
6549,39627734132986687,test
27094,39627734149763157,test
27093,39627734153954680,test
22637,39627734225257661,test
24963,39627737190633569,test
10197,39627737219989615,test
9853,39627737316462277,test
9851,39627737316462475,test
1139,39627737329041993,test
9858,39627737329041993,test
9210,39627737559728740,test
9198,39627737572313021,test
9374,39627737626842578,test
25501,39627738650248153,test
19897,39627738729939175,test
19677,39627738906103784,test
19678,39627738910295016,test
19546,39627738927073919,test
17709,39627739044517067,test
4255,39627739086460658,test
17665,39627739086460658,test
18586,39627739132596541,test
4698,39627739149371153,test
18599,39627739149371153,test
4708,39627739199701719,test
18625,39627739199701719,test
18031,39627739254231990,test
4444,39627739262617663,test
18029,39627739262617663,test
18328,39627739283589704,test
18154,39627739325532232,test
4500,39627739338116017,test
18178,39627739338116017,test
18144,39627739363279845,test
1506,39627739451359272,test
10908,39627739451359272,test
15622,39627739572999133,test
14816,39627739589776196,test
14803,39627739602355236,test
15195,39627739669464013,test
15197,39627739669467292,test
14962,39627739673661543,test
3043,39627739736572190,test
11763,39627739778518378,test
11775,39627739807880797,test
1785,39627739812075209,test
11714,39627739812075209,test
13184,39627739895956389,test
2326,39627739900149841,test
13188,39627739900149841,test
12278,39627739958874145,test
1989,39627739971455324,test
30457,39627739971455324,test
1993,39627739992428556,test
2035,39627740055341727,test
12409,39627740055341727,test
12422,39627740063733568,test
12381,39627740109869136,test
31099,39627740109869136,test
27143,39627740160200926,test
27141,39627740164391737,test
27138,39627740168587238,test
10026,39627743318507883,test
1248,39627743347871008,test
9865,39627743402394354,test
7482,39627744576802550,test
20011,39627744761349779,test
19904,39627744799100542,test
19676,39627744945897890,test
4280,39627745067534913,test
17717,39627745088508643,test
18688,39627745134644070,test
18593,39627745159812505,test
4695,39627745164005390,test
4682,39627745201750245,test
18049,39627745256280022,test
18344,39627745315001603,test
4586,39627745340165528,test
18332,39627745340165528,test
4498,39627745344360655,test
4497,39627745348552861,test
18175,39627745377913709,test
10944,39627745449218665,test
3352,39627745507937375,test
15743,39627745507938519,test
15545,39627745596018388,test
13399,39627745893812257,test
13395,39627745898007539,test
13161,39627745927368150,test
2319,39627745927368163,test
12250,39627746061587843,test
31035,39627746061587843,test
12682,39627746074166184,test
31202,39627746074166184,test
30531,39627746078360076,test
2130,39627746082554381,test
30533,39627746082554381,test
2048,39627746128692349,test
30488,39627746128692349,test
2022,39627746162247253,test
2071,39627746162251943,test
12500,39627746162251943,test
12482,39627746166446330,test
9873,39627749425415551,test
9914,39627749568022490,test
9405,39627749660297007,test
9391,39627749672880220,test
7497,39627750595628931,test
7496,39627750604016891,test
7350,39627750650155872,test
319,39627750679513730,test
7312,39627750679513730,test
19921,39627750834705189,test
19437,39627750947949762,test
19670,39627750985699185,test
19591,39627751069585120,test
19589,39627751073778118,test
17710,39627751124111538,test
4283,39627751128306737,test
17721,39627751128306737,test
18635,39627751258326642,test
18632,39627751287688251,test
18342,39627751354798019,test
4585,39627751371575802,test
18338,39627751371575802,test
18188,39627751396741383,test
10953,39627751514177673,test
1520,39627751522568998,test
10961,39627751522568998,test
1505,39627751539345386,test
10912,39627751539345386,test
15641,39627751640008984,test
14993,39627751795199260,test
14935,39627751811973869,test
11757,39627751858113441,test
11792,39627751879085156,test
11772,39627751887472135,test
11786,39627751891669906,test
11785,39627751895864277,test
11788,39627751904250715,test
13397,39627751929417941,test
13414,39627751937806752,test
13183,39627751950390754,test
13189,39627751983942224,test
13136,39627752004914331,test
2128,39627752122352411,test
12678,39627752122352411,test
30532,39627752122352411,test
31210,39627752122352411,test
12688,39627752134935932,test
30548,39627752134935932,test
31225,39627752134935932,test
12432,39627752160105427,test
31110,39627752160105427,test
12506,39627752197852635,test
31153,39627752197852635,test
27150,39627752269155821,test
1240,39627755368743417,test
10109,39627755414882861,test
10095,39627755427467001,test
1151,39627755469410445,test
1190,39627755632985666,test
9402,39627755725260419,test
5213,39627756853531514,test
19447,39627756975163035,test
19556,39627757080020090,test
5080,39627757113574151,test
4743,39627757205850355,test
4588,39627757386208173,test
18192,39627757440731427,test
10945,39627757545591593,test
31010,39627757545591593,test
29866,39627757549785039,test
30441,39627757549785039,test
10960,39627757553977430,test
31011,39627757553977430,test
30794,39627757608504929,test
15613,39627757633671208,test
15602,39627757663027994,test
15647,39627757667225147,test
14835,39627757725946668,test
3069,39627757826607622,test
15045,39627757889524162,test
3082,39627757893716129,test
11795,39627757914687269,test
13215,39627757998575155,test
13206,39627758023738983,test
2306,39627758040519913,test
2000,39627758099235534,test
30469,39627758099235534,test
31065,39627758099235534,test
12304,39627758099238325,test
31063,39627758099238325,test
2134,39627758174737067,test
30541,39627758174737067,test
12446,39627758225068207,test
31122,39627758225068207,test
12445,39627758229260235,test
31119,39627758229260235,test
27156,39627758325728807,test
22657,39627758359284909,test
22658,39627758363477928,test
339,39627762725554773,test
20033,39627762859773157,test
19569,39627763103040838,test
18339,39627763459557869,test
18204,39627763476334955,test
10971,39627763589581310,test
30022,39627763589581310,test
31029,39627763589581310,test
10958,39627763602166333,test
30021,39627763602166333,test
31014,39627763602166333,test
3359,39627763627329481,test
15772,39627763627329481,test
30797,39627763627329481,test
31686,39627763627329481,test
15774,39627763627331150,test
31684,39627763627331150,test
11782,39627763975454823,test
13266,39627764105478767,test
13250,39627764122258865,test
30708,39627764122258865,test
31475,39627764122258865,test
31087,39627764151618559,test
12702,39627764185174168,test
30560,39627764185174168,test
31236,39627764185174168,test
12706,39627764185174175,test
31244,39627764185174175,test
30553,39627764197753656,test
2057,39627764227116416,test
12459,39627764227116416,test
30519,39627764269059785,test
6563,39627764331973010,test
27168,39627764336166866,test
10205,39627767410594312,test
1271,39627767473509301,test
10151,39627767473509301,test
10113,39627767507059469,test
7345,39627768765354321,test
5219,39627768920543678,test
5042,39627769058951394,test
19585,39627769214141106,test
4729,39627769365136068,test
18663,39627769365136068,test
4717,39627769411277515,test
18645,39627769411277515,test
18336,39627769499355264,test
18269,39627769558074282,test
4544,39627769562271015,test
4524,39627769574853785,test
15846,39627769654544697,test
30033,39627769654544697,test
31745,39627769654544697,test
15779,39627769667127108,test
31699,39627769667127108,test
15790,39627769671320818,test
31693,39627769671320818,test
15635,39627769780372668,test
15225,39627769847485650,test
15062,39627769960729019,test
15077,39627769981701556,test
2399,39627770065588143,test
13411,39627770065588143,test
2417,39627770069783433,test
13448,39627770069783433,test
13261,39627770136887717,test
13255,39627770136889059,test
13274,39627770174638830,test
31483,39627770174638830,test
30298,39627770233360456,test
2082,39627770350800588,test
2080,39627770359185952,test
27157,39627770396936845,test
10143,39627773530080662,test
10132,39627773580414417,test
9877,39627773584605770,test
9960,39627773710438764,test
7382,39627774863872695,test
7398,39627774897426159,test
5236,39627774930978310,test
20072,39627774930978310,test
20041,39627774947758205,test
19983,39627775019057786,test
5179,39627775077781196,test
19607,39627775270715800,test
4590,39627775530765078,test
18365,39627775564317151,test
3384,39627775685954544,test
15855,39627775685954544,test
30822,39627775685954544,test
31754,39627775685954544,test
15786,39627775711122350,test
31691,39627775711122350,test
3362,39627775715313979,test
15777,39627775715313979,test
29876,39627775715313979,test
30802,39627775715313979,test
31696,39627775715313979,test
3363,39627775715314355,test
29873,39627775715314355,test
30800,39627775715314355,test
15807,39627775748869368,test
15675,39627775815978735,test
3176,39627775883087152,test
3076,39627775954391039,test
15066,39627776004719298,test
15065,39627776004719695,test
13516,39627776055053263,test
13496,39627776071831779,test
13435,39627776084412690,test
13320,39627776159909423,test
13267,39627776185078952,test
31508,39627776197660417,test
2360,39627776201853701,test
30714,39627776201853701,test
12323,39627776227017778,test
31082,39627776227017778,test
2173,39627776252184769,test
12782,39627776252184769,test
30602,39627776252184769,test
31297,39627776252184769,test
12781,39627776264771361,test
30599,39627776264771361,test
31304,39627776264771361,test
2150,39627776273155795,test
30567,39627776273155795,test
30510,39627776327685573,test
12475,39627776336073581,test
31151,39627776336073581,test
12569,39627776361237503,test
31167,39627776361237503,test
12530,39627776394793431,test
10217,39627779511159472,test
1292,39627779515356016,test
10124,39627779607628607,test
10131,39627779624403536,test
9965,39627779750237458,test
9252,39627779817341063,test
352,39627780882701511,test
7439,39627780899472607,test
7397,39627780937222744,test
7399,39627780941416933,test
20077,39627780991750093,test
19600,39627781281155222,test
19605,39627781302129791,test
4719,39627781499260739,test
18079,39627781516036717,test
18350,39627781566367858,test
18357,39627781587338012,test
4552,39627781629281522,test
18284,39627781629281522,test
15877,39627781713169801,test
30037,39627781713169801,test
31775,39627781713169801,test
15874,39627781717364537,test
30040,39627781717364537,test
31773,39627781717364537,test
15857,39627781742531239,test
31762,39627781742531239,test
30806,39627781750917864,test
15007,39627781985797062,test
15010,39627781989994317,test
15015,39627781994187141,test
13287,39627782258429626,test
31498,39627782258429626,test
2365,39627782266816575,test
30722,39627782266816575,test
30477,39627782271014728,test
31325,39627782279398378,test
12779,39627782296180461,test
30303,39627782296180461,test
12778,39627782296180606,test
30600,39627782296180606,test
31300,39627782296180606,test
2163,39627782329729087,test
30589,39627782329729087,test
2159,39627782338119011,test
30591,39627782338119011,test
30524,39627782371676280,test
2099,39627782380063373,test
12600,39627782380063373,test
30527,39627782380063373,test
31187,39627782380063373,test
12572,39627782392646180,test
30515,39627782392646180,test
31158,39627782392646180,test
12519,39627782417813084,test
5771,39627782518473054,test
22675,39627782518473054,test
10221,39627785571926550,test
10177,39627785597093631,test
1265,39627785643235132,test
10128,39627785660009209,test
10127,39627785660011566,test
10129,39627785664203539,test
9968,39627785794227105,test
9457,39627785878113344,test
376,39627786859582568,test
7507,39627786859582568,test
7353,39627786897329621,test
7445,39627786909913290,test
29928,39627787060908358,test
19974,39627787119627940,test
19734,39627787228677682,test
19636,39627787279008368,test
19637,39627787291594512,test
19626,39627787316758293,test
4762,39627787379672930,test
18720,39627787379672930,test
4724,39627787534860482,test
18656,39627787534860482,test
15823,39627787799103549,test
31721,39627787799103549,test
3188,39627787983651558,test
15303,39627787983651558,test
3170,39627787996237829,test
3164,39627788008820579,test
15242,39627788008820579,test
15126,39627788042372063,test
15123,39627788054959294,test
15089,39627788105287541,test
15081,39627788122067059,test
13513,39627788147229024,test
2427,39627788184982348,test
13451,39627788193368695,test
13341,39627788260475380,test
2161,39627788365336725,test
12759,39627788365336725,test
30300,39627788365336725,test
30587,39627788365336725,test
31283,39627788365336725,test
12584,39627788445025547,test
12548,39627788457611356,test
12549,39627788470193520,test
12544,39627788486971219,test
5780,39627788503746647,test
22702,39627788503746647,test
10228,39627791578172176,test
10225,39627791586561692,test
10245,39627791615921590,test
10160,39627791645282102,test
9452,39627791909520264,test
1012,39627791930492566,test
9443,39627791930492566,test
9475,39627791943077735,test
9422,39627791955662800,test
380,39627792878406840,test
7526,39627792878406840,test
25521,39627793029401097,test
5239,39627793037792201,test
20085,39627793041984133,test
5242,39627793041986612,test
29929,39627793041986612,test
20091,39627793075538895,test
5232,39627793100702352,test
5195,39627793134256476,test
19988,39627793134259261,test
19996,39627793146843663,test
19728,39627793243309831,test
19629,39627793352360848,test
4773,39627793507549817,test
18379,39627793633380467,test
4559,39627793713070991,test
15815,39627793838901016,test
15889,39627793838903546,test
31796,39627793838903546,test
15665,39627793964733272,test
15296,39627793985702250,test
3173,39627794048619422,test
15246,39627794061198978,test
15336,39627794073784274,test
3117,39627794077976469,test
15104,39627794140893835,test
13500,39627794203804931,test
2430,39627794224776666,test
13469,39627794224776666,test
12817,39627794379966981,test
30617,39627794379966981,test
12589,39627794459661683,test
31184,39627794459661683,test
2113,39627794501599507,test
12622,39627794501599507,test
12536,39627794535155969,test
29515,39627794543544259,test
5774,39627794568714231,test
10222,39627797643136279,test
10130,39627797739604372,test
10259,39627797743796713,test
9472,39627797987068733,test
9474,39627797995456883,test
359,39627798997893349,test
7447,39627798997893349,test
6219,39627799065004240,test
20094,39627799111144926,test
20109,39627799161472798,test
19651,39627799383774049,test
19654,39627799396353872,test
19613,39627799425716193,test
19615,39627799429907017,test
18731,39627799488628519,test
18372,39627799715119185,test
18415,39627799740288457,test
18254,39627799799009616,test
31856,39627799799009616,test
18262,39627799803200922,test
31858,39627799803200922,test
5606,39627799819977670,test
21306,39627799819977670,test
30092,39627799819977670,test
30926,39627799819977670,test
31931,39627799819977670,test
21312,39627799828370949,test
31938,39627799828370949,test
15893,39627799861923870,test
31786,39627799861923870,test
15830,39627799891280248,test
31737,39627799891280248,test
3323,39627799979365491,test
15687,39627799991948517,test
3189,39627800063249134,test
15304,39627800063249134,test
15262,39627800080025352,test
15346,39627800117775235,test
30323,39627800117775235,test
15136,39627800121967642,test
15143,39627800138744259,test
13484,39627800268770655,test
13572,39627800302323225,test
13293,39627800356850111,test
31512,39627800356850111,test
2188,39627800411377046,test
12822,39627800411377046,test
2185,39627800423956852,test
12826,39627800423956852,test
30616,39627800423956852,test
31333,39627800423956852,test
2191,39627800444928564,test
30625,39627800444928564,test
2192,39627800444931899,test
30626,39627800444931899,test
31372,39627800486874465,test
12594,39627800499455382,test
31178,39627800499455382,test
2110,39627800528814593,test
10253,39627803687127895,test
1298,39627803699711847,test
9978,39627803930397465,test
1016,39627803993310572,test
9458,39627803997503541,test
1015,39627803997508786,test
9467,39627803997508786,test
9461,39627804001701608,test
1018,39627804026864216,test
7518,39627804987363334,test
7413,39627805079635735,test
25523,39627805104802541,test
19968,39627805280965059,test
19729,39627805322905831,test
5110,39627805381627996,test
19611,39627805461319042,test
18727,39627805536816655,test
18735,39627805545206774,test
18739,39627805553591677,test
4726,39627805654258064,test
18422,39627805763305611,test
18413,39627805771698911,test
18412,39627805775891420,test
4540,39627805842999508,test
30881,39627805842999508,test
15890,39627805918499505,test
31792,39627805918499505,test
3414,39627805968826943,test
15716,39627806002381794,test
16060,39627806052717045,test
15264,39627806119823279,test
3105,39627806216294016,test
15101,39627806216294016,test
16425,39627806228873276,test
13520,39627806275012854,test
13489,39627806321149130,test
13576,39627806337925407,test
13570,39627806342121028,test
2543,39627806417622778,test
30734,39627806417622778,test
12827,39627806455368017,test
12829,39627806459565192,test
31334,39627806459565192,test
2203,39627806463756837,test
12856,39627806463756837,test
30636,39627806463756837,test
31360,39627806463756837,test
29521,39627806614751347,test
25529,39627811165572620,test
20096,39627811203322957,test
5206,39627811274623544,test
20209,39627811329150030,test
20487,39627811513697843,test
18740,39627811559836304,test
18733,39627811593391419,test
4780,39627811610165437,test
18761,39627811610165437,test
18832,39627811723413863,test
18830,39627811731802858,test
4814,39627811735997864,test
18831,39627811735997864,test
15728,39627812054766143,test
15299,39627812117679336,test
3211,39627812184785573,test
15351,39627812205758474,test
3133,39627812226729703,test
3126,39627812230928673,test
16426,39627812272865636,test
16404,39627812285449397,test
3570,39627812293840651,test
16415,39627812293840651,test
13551,39627812314810680,test
13367,39627812411278172,test
2390,39627812411278443,test
13757,39627812486774897,test
12855,39627812507750283,test
31362,39627812507750283,test
12833,39627812520334497,test
31339,39627812520334497,test
30623,39627812520334499,test
12768,39627812545499294,test
31290,39627812545499294,test
12656,39627812595831382,test
2120,39627812604216908,test
2109,39627812608413790,test
29514,39627812662937028,test
29524,39627812675522682,test
10276,39627816077099509,test
9479,39627816119045858,test
7539,39627817062761498,test
7468,39627817134068389,test
20119,39627817272476263,test
5258,39627817272476264,test
5253,39627817293451285,test
5294,39627817385724004,test
5109,39627817419279325,test
30896,39627817419279325,test
19665,39627817507362078,test
18734,39627817620605775,test
18682,39627817700297770,test
18834,39627817738045026,test
18409,39627817792572938,test
18437,39627817851290118,test
4570,39627817893233332,test
18307,39627817910012537,test
5616,39627817939372692,test
30940,39627817939372692,test
31949,39627817939372692,test
15903,39627818014869654,test
31808,39627818014869654,test
15733,39627818073588154,test
15737,39627818073588537,test
15721,39627818098756706,test
13546,39627818358805127,test
13372,39627818463658949,test
13769,39627818497213239,test
13771,39627818501412590,test
2198,39627818564325943,test
12848,39627818564325943,test
31355,39627818564325943,test
2197,39627818572710341,test
30307,39627818572710341,test
30629,39627818572710341,test
2202,39627818572710520,test
30633,39627818572710520,test
12875,39627818614653181,test
12877,39627818623045139,test
12653,39627818635626705,test
22707,39627818723709148,test
25570,39627823211610784,test
6226,39627823232586014,test
6229,39627823253554346,test
5293,39627823433912644,test
20200,39627823433912644,test
19753,39627823463270214,test
30075,39627823463270214,test
31876,39627823463270214,test
19661,39627823576516154,test
20486,39627823601681722,test
4797,39627823672984319,test
18686,39627823752676703,test
4815,39627823782039357,test
4818,39627823786230343,test
18310,39627823954003399,test
5610,39627823991754666,test
21315,39627823991754666,test
16001,39627824058860094,test
3417,39627824088222976,test
3418,39627824092416119,test
3343,39627824138551811,test
16079,39627824176300700,test
15317,39627824230831120,test
15161,39627824327299333,test
3131,39627824331493200,test
15163,39627824331493200,test
2473,39627824448932464,test
13621,39627824486679707,test
13377,39627824499262492,test
12852,39627824612508777,test
31357,39627824612508777,test
2220,39627824629289163,test
30652,39627824629289163,test
12912,39627824641872214,test
31411,39627824641872214,test
12913,39627824650259793,test
12920,39627824671233555,test
29551,39627824708980395,test
7598,39627829159133312,test
25565,39627829255605089,test
20127,39627829394019302,test
20238,39627829423379391,test
19748,39627829498875994,test
30076,39627829498875994,test
30897,39627829498875994,test
31878,39627829498875994,test
20523,39627829624701912,test
18857,39627829809255001,test
18319,39627829972833499,test
21378,39627830006383983,test
21382,39627830006386846,test
21327,39627830014774089,test
31954,39627830014774089,test
15929,39627830069299777,test
15996,39627830094467494,test
16080,39627830211908449,test
16082,39627830220292981,test
15330,39627830258042331,test
3601,39627830375484668,test
16442,39627830430009421,test
13561,39627830459368555,test
13562,39627830459369185,test
13608,39627830497119071,test
2569,39627830572619472,test
13798,39627830606171634,test
7664,39627835127628686,test
7668,39627835144410047,test
7600,39627835190545179,test
7604,39627835203129226,test
7609,39627835203129839,test
7575,39627835207324128,test
7577,39627835215709914,test
20102,39627835349930688,test
5249,39627835362510731,test
20128,39627835421233191,test
19803,39627835576420571,test
30081,39627835576420571,test
30338,39627835576420571,test
30908,39627835576420571,test
31897,39627835576420571,test
19774,39627835597392475,test
20495,39627835727415911,test
18747,39627835735805148,test
18840,39627835882606350,test
18494,39627835958101612,test
5633,39627836054570142,test
21390,39627836054570142,test
21397,39627836058765370,test
3436,39627836142649967,test
15994,39627836142649967,test
3465,39627836281067411,test
15442,39627836314619899,test
15417,39627836327199244,test
15419,39627836327202689,test
16458,39627836457225351,test
13567,39627836486586476,test
2461,39627836490782216,test
13560,39627836494974501,test
13670,39627836507559074,test
13816,39627836637582851,test
12907,39627836721467245,test
31404,39627836721467245,test
12664,39627836771797204,test
29549,39627836801158067,test
29536,39627836822127432,test
7136,39627836826325179,test
29545,39627836826325179,test
7607,39627841242929023,test
7605,39627841242929055,test
5208,39627841494582052,test
20244,39627841532331120,test
19808,39627841591051855,test
31900,39627841591051855,test
19810,39627841607830457,test
30086,39627841607830457,test
31906,39627841607830457,test
30906,39627841624608913,test
19771,39627841628803878,test
20531,39627841725268736,test
4782,39627841817544636,test
18768,39627841817544636,test
18464,39627842052424651,test
5634,39627842098564589,test
3199,39627842337641664,test
15439,39627842346029051,test
15438,39627842362803433,test
3246,39627842362803809,test
15393,39627842413139231,test
3225,39627842425718653,test
3141,39627842434110718,test
16437,39627842484437654,test
2503,39627842555741985,test
13646,39627842597683443,test
13627,39627842601877902,test
2573,39627842656408302,test
13848,39627842656408302,test
2257,39627842736100095,test
30678,39627842736100095,test
2223,39627842769652658,test
12914,39627842769652658,test
30656,39627842769652658,test
31402,39627842769652658,test
12667,39627842807403049,test
29547,39627842866119464,test
423,39627847219806961,test
5310,39627847542767730,test
5305,39627847559547937,test
20246,39627847572130264,test
20227,39627847593101994,test
20499,39627847807010914,test
18867,39627847937034781,test
4839,39627847945425141,test
18471,39627848062865515,test
18459,39627848083837181,test
5635,39627848134165316,test
21447,39627848192886587,test
16133,39627848293552750,test
3467,39627848373243453,test
16088,39627848373243453,test
15425,39627848415186772,test
15431,39627848419382335,test
15466,39627848427770010,test
15396,39627848457130444,test
16499,39627848507463033,test
3590,39627848561987154,test
13861,39627848683620170,test
2578,39627848696204587,test
13845,39627848700399363,test
12992,39627848784284773,test
31454,39627848784284773,test
12941,39627848817839151,test
7681,39627853272188979,test
7611,39627853305742398,test
7617,39627853318327786,test
7592,39627853343493694,test
25591,39627853398021258,test
25578,39627853418989098,test
20148,39627853553205334,test
5309,39627853582569254,test
19802,39627853704202229,test
29922,39627853704202229,test
31894,39627853704202229,test
20529,39627853800670920,test
20519,39627853830034990,test
18502,39627854056524763,test
21361,39627854199129904,test
15987,39627854303986181,test
15449,39627854446593905,test
15469,39627854471759809,test
16521,39627854538869174,test
16461,39627854572425020,test
16464,39627854572426037,test
13715,39627854652116612,test
14122,39627854698251271,test
12991,39627854828275410,test
31458,39627854828275410,test
12977,39627854828278057,test
31434,39627854828278057,test
12935,39627854857636862,test
2232,39627854857637949,test
12938,39627854857637949,test
29592,39627854895387901,test
29562,39627854924743940,test
7722,39627859337154964,test
6293,39627859416847046,test
5314,39627859647529014,test
20259,39627859647529014,test
19817,39627859735611906,test
31911,39627859735611906,test
20565,39627859886609686,test
18907,39627860075351354,test
4655,39627860113099016,test
18505,39627860113099016,test
21374,39627860243120792,test
16045,39627860310229326,test
15981,39627860347979313,test
16727,39627860561891925,test
16474,39627860628998294,test
2672,39627860742246124,test
14115,39627860742246124,test
2676,39627860746441072,test
13872,39627860771605500,test
13881,39627860784189896,test
2561,39627860805161203,test
13827,39627860805161203,test
2238,39627860910017152,test
12951,39627860910017152,test
428,39627865326619927,test
7640,39627865397921486,test
25711,39627865448255223,test
20185,39627865586664137,test
20183,39627865607639023,test
20360,39627865632803127,test
20345,39627865653775301,test
19834,39627865800573676,test
20644,39627865842520635,test
20542,39627865876074122,test
18802,39627865947377422,test
18790,39627865997706423,test
18989,39627866043843525,test
4662,39627866148701246,test
18478,39627866190643772,test
21587,39627866207422866,test
21411,39627866236784611,test
21428,39627866270338816,test
21451,39627866312282688,test
16036,39627866370998940,test
3617,39627866622662101,test
16545,39627866622662101,test
16469,39627866664601184,test
16592,39627866672989428,test
16569,39627866681379149,test
16570,39627866685575816,test
13709,39627866706545467,test
2516,39627866710741529,test
13661,39627866748488459,test
14137,39627866786238603,test
2594,39627866819793980,test
13884,39627866819793980,test
2591,39627866823986832,test
2593,39627866828179499,test
13888,39627866828179517,test
29608,39627866983367967,test
29580,39627866987561590,test
7146,39627866995951094,test
436,39627871387389167,test
25709,39627871504829601,test
6253,39627871521608092,test
25613,39627871521608092,test
25639,39627871576133658,test
20256,39627871701960169,test
19835,39627871836178572,test
19836,39627871840372234,test
4805,39627871991368545,test
18918,39627872142365465,test
18519,39627872184304803,test
18520,39627872184308339,test
21600,39627872251417685,test
3451,39627872398217169,test
16040,39627872398217169,test
16292,39627872414996308,test
16283,39627872435962487,test
16192,39627872503075924,test
3501,39627872540824545,test
16184,39627872540824545,test
15470,39627872582767115,test
15407,39627872599543312,test
16743,39627872624706488,test
16559,39627872658260701,test
3631,39627872708593979,test
16593,39627872708593979,test
3628,39627872721175328,test
16584,39627872721175911,test
13731,39627872771506570,test
14128,39627872813451839,test
14133,39627872830227671,test
13909,39627872838616758,test
13906,39627872842813799,test
30739,39627872922502737,test
13025,39627872956057637,test
446,39627877406216338,test
25708,39627877536238390,test
20294,39627877817258675,test
30343,39627877817258675,test
31927,39627877817258675,test
5119,39627877863393092,test
20690,39627877871782492,test
5416,39627877964056059,test
20547,39627877964056059,test
18526,39627878211519790,test
18517,39627878240880264,test
21457,39627878387681387,test
16157,39627878492538223,test
16181,39627878563846456,test
15477,39627878614173815,test
16749,39627878643536229,test
3618,39627878685477825,test
2683,39627878844864066,test
2602,39627878874220370,test
13968,39627878928748708,test
13986,39627878958107055,test
31563,39627878958107055,test
13988,39627878962299849,test
31565,39627878962299849,test
13027,39627878974883819,test
30700,39627878974883819,test
31471,39627878974883819,test
13013,39627879004242600,test
29658,39627879008437274,test
7157,39627879037800432,test
29605,39627879046189750,test
7697,39627883420845843,test
7735,39627883483761873,test
25731,39627883534094701,test
6259,39627883605394972,test
25618,39627883605394972,test
6269,39627883651534390,test
25643,39627883651534390,test
25649,39627883668309018,test
20293,39627883848664659,test
20692,39627883907386231,test
5422,39627883974492965,test
20556,39627883974492965,test
20607,39627883999659937,test
20589,39627884045797100,test
19007,39627884146460519,test
18903,39627884171625446,test
21440,39627884351984068,test
5643,39627884364564571,test
21530,39627884385534381,test
21463,39627884414898219,test
16205,39627884612028948,test
16747,39627884674943214,test
16751,39627884683332768,test
13727,39627884838521811,test
31527,39627884838521811,test
14218,39627884842715927,test
30766,39627884842715927,test
31604,39627884842715927,test
14219,39627884851106253,test
31596,39627884851106253,test
2688,39627884867884248,test
30756,39627884867884248,test
2603,39627884922407188,test
13894,39627884934988945,test
14032,39627884947572330,test
13980,39627884960158971,test
13991,39627884997904678,test
31564,39627884997904678,test
13036,39627885018878209,test
29653,39627885031459469,test
429,39627889435481181,test
7704,39627889435481181,test
7736,39627889506784363,test
7653,39627889531949344,test
25614,39627889628415563,test
5335,39627889754246203,test
20303,39627889867494280,test
20700,39627889938797065,test
20605,39627890043651577,test
20595,39627890089791891,test
18957,39627890211425676,test
18955,39627890215616689,test
21690,39627890299505818,test
21627,39627890354030479,test
16303,39627890559554282,test
16199,39627890622465635,test
16220,39627890635047020,test
3260,39627890668605704,test
15494,39627890668605704,test
16658,39627890794431648,test
3637,39627890815402268,test
16627,39627890844762357,test
16625,39627890848958353,test
2530,39627890857345946,test
30753,39627890895094236,test
13992,39627891020923528,test
7167,39627891062870525,test
29656,39627891062870525,test
25737,39627895601105359,test
5337,39627895773071806,test
5121,39627895940846144,test
20555,39627896028925427,test
5432,39627896083452398,test
18964,39627896234445636,test
18921,39627896268000115,test
21624,39627896389636890,test
21502,39627896465131469,test
16232,39627896641292066,test
15490,39627896691626306,test
16791,39627896716791774,test
16781,39627896762925579,test
30055,39627896762925579,test
3708,39627896775508090,test
16606,39627896838423313,test
13744,39627896880370095,test
2643,39627896989420545,test
14027,39627896997811312,test
2642,39627897018780577,test
13038,39627897069111803,test
29660,39627897090083169,test
7761,39627901519269949,test
7766,39627901531854557,test
25676,39627901695428991,test
6272,39627901749958579,test
25655,39627901749958579,test
20400,39627901812869083,test
20429,39627901871590718,test
20679,39627902014197401,test
5437,39627902119055600,test
20592,39627902135828580,test
18822,39627902152608029,test
19017,39627902240689024,test
21688,39627902341354790,test
5675,39627902349738071,test
21650,39627902391686763,test
21496,39627902517511307,test
3521,39627902630759824,test
16210,39627902706253995,test
16792,39627902752391352,test
3733,39627902752393355,test
16664,39627902840474635,test
16629,39627902895000050,test
14237,39627902907585112,test
14224,39627902932748219,test
31616,39627902932748219,test
2641,39627903041800684,test
14008,39627903062770555,test
14016,39627903062774660,test
14003,39627903092135199,test
7171,39627903108908768,test
29670,39627903108908768,test
29664,39627903129879595,test
7769,39627907525509697,test
441,39627907592618121,test
7748,39627907592618121,test
25683,39627907726839579,test
6274,39627907768781441,test
25841,39627907798143136,test
20388,39627907869445727,test
20306,39627907970110749,test
5473,39627908041408711,test
20678,39627908041408711,test
20598,39627908142072708,test
21684,39627908376954996,test
21538,39627908490201411,test
5654,39627908544728935,test
16249,39627908670554820,test
3517,39627908687335943,test
16817,39627908767025620,test
3714,39627908796388523,test
3710,39627908821551956,test
16763,39627908821551956,test
16646,39627908901243457,test
2722,39627908934798861,test
30782,39627908934798861,test
31590,39627908985129835,test
2639,39627909052238226,test
14042,39627909056433423,test
14014,39627909081598704,test
2627,39627909085791658,test
29702,39627909115153381,test
29680,39627909136127361,test
7752,39627913607250694,test
25684,39627913779217303,test
6337,39627913825357079,test
5330,39627913879882348,test
20392,39627913900855042,test
5448,39627914131542718,test
20601,39627914169288133,test
19039,39627914232202867,test
21938,39627914387393214,test
21546,39627914496445244,test
16356,39627914622275362,test
16369,39627914672608039,test
16228,39627914739717541,test
16815,39627914794243119,test
16819,39627914806823510,test
3742,39627914819405330,test
3741,39627914819408560,test
16774,39627914823601393,test
30059,39627914823601393,test
16648,39627914924262953,test
14252,39627915003954033,test
31649,39627915003954033,test
14060,39627915071065007,test
14072,39627915092035572,test
7183,39627915133978645,test
7177,39627915163340595,test
29684,39627915167533196,test
29691,39627915180119277,test
7808,39627919542190637,test
458,39627919609302969,test
7751,39627919638663486,test
25752,39627919684797282,test
20953,39627920024535573,test
20956,39627920024536302,test
20729,39627920121004993,test
20813,39627920230058527,test
19042,39627920242642858,test
19067,39627920322335093,test
18976,39627920368470003,test
21740,39627920490107226,test
21516,39627920561406620,test
16252,39627920708210717,test
30061,39627920859202892,test
16698,39627920913731197,test
14061,39627921094083298,test
14062,39627921094084966,test
14065,39627921115058960,test
29698,39627921152804077,test
445,39627925644904241,test
25846,39627925863008476,test
20433,39627925946895154,test
20735,39627926152417376,test
20631,39627926198552846,test
20811,39627926244691566,test
4900,39627926269854935,test
21852,39627926601207797,test
16829,39627926823505035,test
16881,39627926978692314,test
14267,39627927037414449,test
31659,39627927037414449,test
14264,39627927041610225,test
2710,39627927049998842,test
14290,39627927087748568,test
14081,39627927138075191,test
472,39627931605008716,test
26063,39627931705675780,test
25769,39627931743424141,test
25847,39627931877640433,test
5492,39627932150273276,test
20629,39627932213184705,test
18981,39627932393538656,test
18977,39627932401927040,test
21712,39627932498398783,test
21575,39627932594865870,test
16363,39627932653587915,test
3534,39627932771027002,test
17059,39627932796190812,test
17064,39627932800387172,test
16715,39627932951383464,test
16882,39627932980740318,test
14292,39627933106573365,test
29731,39627933177875940,test
7186,39627933182068765,test
29714,39627933198846281,test
29685,39627933211429317,test
7777,39627937653201136,test
7779,39627937661584917,test
26049,39627937678365959,test
26040,39627937711916163,test
6320,39627937728694065,test
25773,39627937728694065,test
20333,39627938034881123,test
20975,39627938068431785,test
21991,39627938424951678,test
21734,39627938525611259,test
21878,39627938655638490,test
3561,39627938752104415,test
17057,39627938806628918,test
17063,39627938806632957,test
3937,39627938835988630,test
17050,39627938835991878,test
16702,39627938978598541,test
16889,39627939007955626,test
29768,39627939171537494,test
7811,39627943571363038,test
26055,39627943701382435,test
26062,39627943726551479,test
25885,39627943873351035,test
20437,39627943990789913,test
5323,39627944024343925,test
5486,39627944120814994,test
21971,39627944468940551,test
21743,39627944557019575,test
21872,39627944628327726,test
2733,39627945068725259,test
14368,39627945077117267,test
2757,39627945089697719,test
14297,39627945098086906,test
14306,39627945106476878,test
14305,39627945119060188,test
14319,39627945127449687,test
7817,39627949569218748,test
7830,39627949611161156,test
7849,39627949627933282,test
7837,39627949627934796,test
6346,39627949867010579,test
25886,39627949867010579,test
20446,39627950022202661,test
20970,39627950076724035,test
20981,39627950114472419,test
20725,39627950139642416,test
20778,39627950164807109,test
20758,39627950198364347,test
21750,39627950580041210,test
3947,39627950835895181,test
17068,39627950835895181,test
29892,39627950844284525,test
3767,39627950903001878,test
3768,39627950903001886,test
3795,39627951041415194,test
2746,39627951142079148,test
14326,39627951146275180,test
29748,39627951204994391,test
29758,39627951217579520,test
26095,39627955680315610,test
5367,39627955986500103,test
20451,39627956003278772,test
20761,39627956221381127,test
20823,39627956284293676,test
21977,39627956489817259,test
17069,39627956833750923,test
16721,39627956972164256,test
14099,39627957160906669,test
29778,39627957190268037,test
20998,39627962089214226,test
20839,39627962231819651,test
5525,39627962240205124,test
20841,39627962240205124,test
20842,39627962244400898,test
20837,39627962261176619,test
21957,39627962458312708,test
21763,39627962575752117,test
21755,39627962592529715,test
21908,39627962642861009,test
17111,39627962823214768,test
16898,39627963058098930,test
2767,39627963083265167,test
29780,39627963200704587,test
7845,39627967655054804,test
26064,39627967743132673,test
21979,39627968468751273,test
21775,39627968540050941,test
17117,39627968829457118,test
17093,39627968854626900,test
3950,39627968871404301,test
16919,39627968984646715,test
3796,39627969055952175,test
16900,39627969055952175,test
29772,39627969198558181,test
488,39627973631940546,test
26183,39627973648716821,test
26179,39627973652907919,test
25964,39627973841652170,test
25904,39627973883593424,test
25901,39627973900372430,test
25881,39627973921343411,test
4006,39627974776985030,test
16861,39627974894420925,test
3824,39627975007667462,test
3839,39627975049610398,test
14384,39627975104139618,test
14353,39627975137693212,test
29814,39627975150276924,test
7857,39627979625595184,test
26185,39627979629794294,test
21031,39627980070195809,test
20785,39627980128913085,test
21916,39627980577704743,test
17119,39627980816778817,test
17095,39627980837750430,test
14361,39627981118770998,test
29819,39627981135544673,test
29811,39627981173295449,test
26118,39627985665396833,test
26114,39627985686366133,test
5374,39627985958998421,test
20791,39627986139354161,test
5522,39627986265179398,test
21987,39627986445535211,test
21984,39627986449729156,test
21817,39627986508451913,test
21803,39627986521031314,test
29898,39627986831410634,test
16974,39627986936270159,test
2779,39627987099847012,test
29813,39627987162759902,test
21058,39627992103649666,test
20865,39627992191732200,test
3975,39627992762159432,test
3988,39627992808294173,test
17143,39627992829267522,test
3877,39627992921541018,test
3838,39627992967680159,test
501,39627997543665884,test
6398,39627997610772952,test
26201,39627997610772952,test
26119,39627997623354356,test
26140,39627997677883150,test
6363,39627997761769611,test
21046,39627998005036780,test
21049,39627998005039469,test
21076,39627998034397766,test
16984,39627998915203230,test
3849,39627998965531597,test
7215,39627999103942794,test
26229,39628003541519372,test
26190,39628003554103556,test
26135,39628003658961198,test
5382,39628003889644607,test
21056,39628004061613479,test
5512,39628004078387484,test
20850,39628004187441004,test
20847,39628004229384510,test
3991,39628004766256330,test
17148,39628004774642510,test
26126,39628009577120637,test
6365,39628009711338288,test
25978,39628009723924652,test
25941,39628009803615722,test
21074,39628009983968725,test
21064,39628010004939714,test
22022,39628010395014846,test
17135,39628010696999994,test
3979,39628010701196232,test
17138,39628010701196232,test
17161,39628010751529497,test
3906,39628010818634696,test
3897,39628010847993950,test
16982,39628010860577817,test
3855,39628010894135324,test
16953,39628010915103389,test
16946,39628010923494082,test
7902,39628015403012650,test
509,39628015428175200,test
26194,39628015495286529,test
26214,39628015499480366,test
6400,39628015516259095,test
26216,39628015516259095,test
20473,39628015822440162,test
21124,39628015881159613,test
5586,39628015902133373,test
20851,39628016120238683,test
22045,39628016233480637,test
21921,39628016401256043,test
3898,39628016808102443,test
26246,39628021459585400,test
21128,39628021803516020,test
21067,39628021950317404,test
20903,39628021979678478,test
20888,39628022030008432,test
22058,39628022181004669,test
22038,39628022243918478,test
17177,39628022667545966,test
16990,39628022780789925,test
515,39628027340001821,test
6406,39628027394524252,test
26241,39628027394524252,test
22053,39628028124334255,test
5681,39628028455682613,test
17158,39628028661207219,test
3859,39628028787032988,test
16950,39628028795422381,test
26238,39628033342051456,test
26258,39628033413353563,test
26162,39628033455294256,test
26506,39628033702756943,test
21127,39628033757286096,test
21088,39628033828585623,test
21086,39628033832783253,test
21188,39628033887307445,test
5689,39628034134771054,test
22042,39628034134772875,test
17182,39628034537425212,test
7935,39628039226657261,test
26273,39628039352485820,test
26333,39628039440568534,test
26332,39628039461538666,test
21142,39628039734168920,test
22066,39628040099070243,test
21931,39628040233288189,test
3914,39628040631748548,test
26168,39628045367116125,test
26335,39628045396477169,test
22084,39628046151452785,test
21928,39628046164037638,test
4013,39628046491190339,test
17000,39628046600243567,test
27194,39628051167840353,test
26268,39628051251728359,test
5579,39628051654377686,test
21097,39628051662768390,test
27235,39628057073419901,test
27196,39628057106973123,test
6361,39628057421546285,test
25948,39628057425741647,test
26511,39628057459296671,test
21170,39628057530598779,test
5548,39628057727733454,test
17005,39628058478510406,test
7940,39628062966418739,test
20921,39628063671062700,test
22173,39628063738170255,test
27240,39628068922330838,test
27206,39628068934915015,test
26343,39628069136241610,test
21162,39628069413062455,test
21157,39628069429837997,test
20933,39628069601808243,test
22073,39628069748605715,test
531,39628074802743458,test
26284,39628074978906741,test
6415,39628074999877022,test
26368,39628074999877022,test
30397,39628074999877022,test
26013,39628075167647298,test
5550,39628075545136381,test
22172,39628075603857697,test
27215,39628080800599119,test
27268,39628080813180540,test
26348,39628080980951977,test
21204,39628081345856349,test
17033,39628082155358435,test
26351,39628086890727936,test
21243,39628087175940203,test
22180,39628087410822044,test
17022,39628088048358728,test
17028,39628088052548631,test
7964,39628092494320033,test
27342,39628092536264150,test
27252,39628092569816729,test
27250,39628092586590809,test
27228,39628092607566169,test
26436,39628092716617911,test
3928,39628093949741878,test
17035,39628093962326969,test
27276,39628098504757959,test
26350,39628098685108905,test
6434,39628098890633847,test
4017,39628099779823505,test
7969,39628104276117883,test
538,39628104284508364,test
7968,39628104284509264,test
27274,39628104393560700,test
27270,39628104406140851,test
26318,39628104473251327,test
26592,39628104678773346,test
20948,39628105022702002,test
22209,39628110957646582,test
26544,39628116485738620,test
21183,39628116594786942,test
21222,39628116682868410,test
21935,39628117135853654,test
22118,39628117161021584,test
17040,39628117492369841,test
27355,39628121971889053,test
27264,39628121992859558,test
26558,39628122437452160,test
5697,39628123112738608,test
4024,39628123305676848,test
4020,39628123326649464,test
4022,39628123339227706,test
17042,39628123368588704,test
27397,39628127785192257,test
27362,39628127818744221,test
6606,39628127835522721,test
27358,39628127848106271,test
27289,39628127944575955,test
26550,39628128263342743,test
17202,39628129194477720,test
17200,39628129215449126,test
27368,39628133686578540,test
27317,39628133724328047,test
6599,39628133762074650,test
27328,39628133762074650,test
27294,39628133783047241,test
6421,39628133892098687,test
26604,39628134013733953,test
26565,39628134139562292,test
22099,39628134579963808,test
21937,39628134722572439,test
4030,39628134999397068,test
27359,39628139562796312,test
26407,39628139818647783,test
26394,39628139827037700,test
26720,39628139843816447,test
26556,39628140011587367,test
22233,39628140300993895,test
17208,39628140896583733,test
27301,39628145476763827,test
26409,39628145657119789,test
26578,39628145824891824,test
21235,39628146005246273,test
22192,39628146181407157,test
17209,39628146743446505,test
27375,39628151222961406,test
27438,39628151239739442,test
27429,39628151248127051,test
27325,39628151281680581,test
6423,39628151403316191,test
26461,39628151403316191,test
22124,39628152279926371,test
27410,39628157057238015,test
27373,39628157061434629,test
26408,39628157338258204,test
26662,39628157526999907,test
27652,39628162807632681,test
27421,39628162857963540,test
27331,39628162967013680,test
27508,39628163013153001,test
26427,39628163164145548,test
22261,39628163721986912,test
5710,39628163923316740,test
22127,39628163923316740,test
26485,39628168860009092,test
26580,39628169149419229,test
5725,39628169417856138,test
22129,39628169740814715,test
27659,39628174471992554,test
26734,39628174799144445,test
26619,39628174853671508,test
21281,39628175050803900,test
21288,39628175109525370,test
21280,39628180851528056,test
21239,39628180935413060,test
22311,39628180964773463,test
22137,39628181317092697,test
27470,39628186106987773,test
27511,39628186257982122,test
26618,39628186455115972,test
26649,39628186480284607,test
27695,39628191823827542,test
27519,39628192025150708,test
27549,39628192058708744,test
26503,39628192062901850,test
26656,39628192264229617,test
27669,39628197624545628,test
27667,39628197649712376,test
26636,39628198077532546,test
22109,39628198643762756,test
27672,39628203404297963,test
22142,39628204419321891,test
27706,39628209167272116,test
27454,39628209272131478,test
27522,39628209356016681,test
27525,39628209368596630,test
27718,39628214913471935,test
26644,39628215387427444,test
26643,39628215391620024,test
22143,39628215953655626,test
27734,39628220697415789,test
27733,39628220697415992,test
27485,39628220772915714,test
7236,39628222052173470,test
27494,39628226510719273,test
5705,39628227693512927,test
30381,39628227693512927,test
27712,39628232164640938,test
27587,39628232261109263,test
27737,39628237915032953,test
27588,39628237990528722,test
26688,39628238342851538,test
22336,39628238544176431,test
22296,39628238703559315,test
6649,39628243770279320,test
27545,39628243774473576,test
22339,39628244290371865,test
27590,39628260820126328,test
27569,39628260895621456,test
30402,39628260895621456,test
27789,39628266348220460,test
22362,39628267057054114,test
27804,39628272056667906,test
28225,39628272685815265,test
22358,39628272698395387,test
22373,39628272845193389,test
6657,39628277895137516,test
28227,39628278356509485,test
28226,39628278356510715,test
27811,39628289001658072,test
22377,39628289790182826,test
27797,39628294605243307,test
27816,39628294647190181,test
22431,39628301232242843,test
22430,39628301232246923,test
27824,39628305879534572,test
27819,39628311504093637,test
27821,39628311512483589,test
22432,39628312447814120,test
22426,39628312489758288,test
26700,39628317602613090,test
28773,39628322606420843,test
27832,39628322665140755,test
27838,39628328239368824,test
22441,39628329153725603,test
30948,39628334996390945,test
31967,39628334996390945,test
28776,39628339333305217,test
27842,39628339358466873,test
27631,39628339543017395,test
28243,39628339954059237,test
22442,39628340277022473,test
27846,39628344907536946,test
27869,39628345012392346,test
30950,39628346098712924,test
28778,39628350423044593,test
27899,39628350557259770,test
27896,39628350561452456,test
27632,39628350611787316,test
28051,39628350636951036,test
30107,39628351622611392,test
31984,39628351622611392,test
27890,39628356106326160,test
32049,39628357129732539,test
31990,39628357129736097,test
32006,39628357171675477,test
32015,39628357175869897,test
27937,39628361504393624,test
6698,39628361504394252,test
27934,39628361504394252,test
32050,39628362636854887,test
32052,39628362645242873,test
30110,39628362691379278,test
28791,39628366956993026,test
27938,39628366998931384,test
22396,39628367749710977,test
27946,39628372518636820,test
28798,39628377891541157,test
6933,39628377933482159,test
27923,39628378029949002,test
30992,39628379120471593,test
30978,39628379133054838,test
32035,39628379133054838,test
27948,39628383474157897,test
32036,39628384594036908,test
6945,39628388800925569,test
28813,39628388830282753,test
27955,39628388935143980,test
22413,39628389664953245,test
28812,39628394282880381,test
27997,39628394396128158,test
27980,39628394408707379,test
22472,39628395205626809,test
32078,39628395486642820,test
28821,39628399685146087,test
28811,39628399710309771,test
6943,39628399710312359,test
6970,39628399781611661,test
28880,39628399781611661,test
27913,39628399899052020,test
28081,39628399928411742,test
6944,39628405133547607,test
28829,39628410544195645,test
28893,39628410611308130,test
30382,39628411706018562,test
28891,39628416013568588,test
6973,39628416038732248,test
27919,39628416126816157,test
28087,39628416135203423,test
22421,39628416726601746,test
22513,39628416852428143,test
22481,39628416906954930,test
28839,39628421319365065,test
28902,39628421386475718,test
6974,39628421407446079,test
28011,39628421432612360,test
28884,39628426780347546,test
28259,39628427333993537,test
6722,39628432249716794,test
28082,39628432308442836,test
22534,39628433008889943,test
7002,39628437425492696,test
28964,39628437425492696,test
28019,39628437542932262,test
6705,39628437572292501,test
28075,39628437727479560,test
28264,39628438054637524,test
6958,39628442735483458,test
28915,39628442861311300,test
22520,39628443624670506,test
28098,39628448347458398,test
28262,39628448699778255,test
7000,39628453397398213,test
28961,39628453397398213,test
6988,39628453439341838,test
28094,39628453598729147,test
28297,39628454001380294,test
22537,39628454328535487,test
29053,39628458652865451,test
6724,39628458875161331,test
28303,39628459307172365,test
30149,39628459651110819,test
7004,39628463996404494,test
28932,39628464050932222,test
28270,39628464617162958,test
28966,39628469264453562,test
28971,39628469285424495,test
28048,39628469394474145,test
28148,39628469415448214,test
28142,39628469432222184,test
28983,39628474549273287,test
28975,39628474570249520,test
28046,39628474654134465,test
28147,39628474679298688,test
28103,39628474792546266,test
28980,39628479787960308,test
28100,39628480043813531,test
29056,39628484967929084,test
7024,39628484972121783,test
28988,39628484993090352,test
28934,39628485085370297,test
28107,39628485257334053,test
7027,39628490189834859,test
28946,39628490294693724,test
28156,39628490391160105,test
22546,39628491087415093,test
7014,39628495432714886,test
7016,39628495445300765,test
22545,39628496296742182,test
30207,39628501287961079,test
30276,39628505960415908,test
28113,39628506077856455,test
28317,39628506446955825,test
29287,39628511131996594,test
29285,39628511136190044,test
28166,39628511178133166,test
22555,39628517012407863,test
30226,39628521852635706,test
30238,39628521936520583,test
7046,39628526361516238,test
29288,39628526546061698,test
30278,39628526546061698,test
28293,39628527066156934,test
5738,39628527275872761,test
29122,39632929520882105,test
29095,39632929554432290,test
29299,39632929722206745,test
22552,39632930393293439,test
29301,39632934826674925,test
29991,39632934826674925,test
28326,39632935317408953,test
22565,39632935564872697,test
22610,39632935640368283,test
29120,39632939729819314,test
7045,39632939742398100,test
7054,39632939746590962,test
7061,39632939784340265,test
29150,39632939784340265,test
29984,39632939784340265,test
29297,39632939935335638,test
30254,39632940241520421,test
28333,39632940371545242,test
29149,39632944851060979,test
28188,39632945064969829,test
30255,39632945308239166,test
30258,39632945333404887,test
30241,39632945467622545,test
5739,39632945710894162,test
22566,39632945710894162,test
29154,39632954963527537,test
29328,39632955059997379,test
28194,39632955164855831,test
28607,39632955357793102,test
22620,39632955827554215,test
29153,39632959992497263,test
29324,39632960105744013,test
28571,39632960403540332,test
28444,39632960730695851,test
29045,39632965034050416,test
28448,39632965721917692,test
22597,39632965814193572,test
5748,39632965864522903,test
7058,39632969953969351,test
30288,39632975071021179,test
29329,39632975108769983,test
30287,39632975108769983,test
7102,39632975154908004,test
6853,39632975473675765,test
7068,39632979869307374,test
28613,39632980334873187,test
22605,39632980766884315,test
29231,39632984818582674,test
7071,39632984847947233,test
28343,39632985498061321,test
28334,39632985523226393,test
28335,39632985527421298,test
29211,39632989788834124,test
28580,39632990313119896,test
28581,39632990313121487,test
6780,39632990459922165,test
28621,39632995157541985,test
28590,39632995216262260,test
6808,39632995501474397,test
28504,39632995501474397,test
28476,39632995551806513,test
28471,39632995568585178,test
7078,39632999611893981,test
7064,39632999674810132,test
29439,39632999867748772,test
28351,39633000270398229,test
6811,39633000383645625,test
29238,39633004481481312,test
29240,39633004481483788,test
29436,39633004758304777,test
28583,39633005051905103,test
6782,39633005165151227,test
29403,39633009564975535,test
29405,39633009569169823,test
29346,39633009577559961,test
29347,39633009581755379,test
28371,39633009988602856,test
28506,39633015017571510,test
28519,39633015030155725,test
29251,39633019069271550,test
29449,39633019337704005,test
6864,39633019522256856,test
28635,39633019534839362,test
28354,39633019757137160,test
28535,39633019866188640,test
7094,39633023938858511,test
28380,39633024509283103,test
28412,39633024530254214,test
28401,39633024534448011,test
28399,39633024563809549,test
6824,39633024656081200,test
6833,39633024685441192,test
7090,39633028716168899,test
29255,39633028724561201,test
29192,39633028816831805,test
29401,39633028871357944,test
28642,39633029177542866,test
28695,39633029194319948,test
28667,39633029232069806,test
29979,39633029232069806,test
28549,39633029437588440,test
28541,39633029496311699,test
29465,39633033770304996,test
6859,39633033984216724,test
28652,39633034009379838,test
28722,39633034068100174,test
29981,39633034072295171,test
28417,39633034139405108,test
28548,39633034248455137,test
28516,39633034277817017,test
6835,39633034294593577,test
28215,39633038665060464,test
6865,39633038795082314,test
28659,39633038795082328,test
28657,39633038799274100,test
28603,39633038828636138,test
28605,39633038837024010,test
28553,39633039008992132,test
28675,39633043576587415,test
29271,39633047896723031,test
29497,39633047930274783,test
6874,39633048303569912,test
28698,39633048303569912,test
28656,39633048316150193,test
28663,39633048332928444,test
28420,39633048446176488,test
28561,39633048517477451,test
7100,39633052606924752,test
28223,39633052866972548,test
28683,39633053055715184,test
28559,39633053265430590,test
6904,39633057677839052,test
28707,39633057761724688,test
6851,39633057967244932,test
29505,39633062127997076,test
29423,39633062195102544,test
28684,39633062476125025,test
6850,39633062656475947,test
29475,39633066896916894,test
28740,39633067081468138,test
28686,39633067169547012,test
29503,39633071430961133,test
29484,39633071569371318,test
28731,39633071837806633,test
28730,39633071854584055,test
29510,39633076132776217,test
6890,39633085725147661,test
29468,39633090129170166,test
7116,39633090141749785,test
6883,39633094885508195,test
8047,39636229225978758,test
8101,39636246800106529,test
8193,39636299837081912,test
9098,39636443164840347,test
8997,39636461271648676,test
9649,39636467168839551,test
9179,39636503428597459,test
9038,39636509531311772,test
9242,39636551759561882,test
1003,39636551788921664,test
1001,39636551788925065,test
20755,39636752293434541,test
26249,39636841359475330,test
278,2305843014783730262,test
276,2305843014783734460,test
289,2305843014909565343,test
292,2305843017837184847,test
9,2305843035918835136,test
16,2305843036019494729,test
30403,2305843036053047926,test
53,2305843036485068291,test
58,2305843036493452939,test
71,2305843036606707540,test
72,2305843036627667563,test
77,2305843036657027200,test
83,2305843036669614676,test
98,2305843036711562734,test
103,2305843036732522718,test
102,2305843036732531451,test
109,2305843036740920914,test
110,2305843036745115642,test
127,2305843036799635578,test
131,2305843036812220412,test
146,2305843037437174137,test
152,2305843037474918429,test
160,2305843037487499578,test
30419,2305843037487499578,test
157,2305843037487501734,test
158,2305843037487507772,test
166,2305843037516858368,test
172,2305843037525248714,test
30420,2305843037772716875,test
190,2305843037785294146,test
205,2305843037911125814,test
235,2305843038242475932,test
256,2305843039202971812,test
258,2305843042134806679,test
265,2305843047851627520,test
30336,146566002245633,train
30337,238937062768789,train
30340,243347176292433,train
30498,1070078422417412,train
30743,1070205199450112,train
16122,2323623855521792,train
13970,2323666519982080,train
21853,2323696089825281,train
14995,2349915619459072,train
19714,2349938939789312,train
15701,2349957730271233,train
12820,2349970267045894,train
5454,2389618100011008,train
3731,2389642942873602,train
5484,2389660277932033,train
15172,2402752592347138,train
19260,2714831966699521,train
11262,2714838866329606,train
542,2780512611467266,train
5806,2780535566893057,train
5793,2780535587864577,train
5805,2780541346643968,train
5833,2780552805482499,train
5845,2780558576844801,train
5814,2780564465647622,train
5846,2780575999983621,train
5916,2780581662294024,train
5919,2780610863038469,train
5857,2780611089530886,train
627,2780611123085315,train
564,2780611181805574,train
5871,2780646351044612,train
5934,2780663895818243,train
5998,2780717209616391,train
5947,2780717389971461,train
4049,2780725229125643,train
6001,2780735119294467,train
1335,2780737262583820,train
670,2780741364613128,train
690,2780747345690625,train
4072,2780754962546688,train
6006,2780759031021576,train
707,2780765301506050,train
1352,2780767184748553,train
1616,2780773526536200,train
4126,2780778781999110,train
1369,2780779146903566,train
4311,2780785056677897,train
1623,2780785534828558,train
6107,2780790488301596,train
4136,2780790786097153,train
2808,2780791473963019,train
1629,2780791515906055,train
1630,2780791515906056,train
1551,2780791708844047,train
1086,2780795173339143,train
759,2780795374665733,train
4934,2780796750397447,train
4133,2780796783951876,train
2827,2780797438263304,train
1901,2780797798973454,train
1035,2780801234108422,train
838,2780801368326148,train
4927,2780802760835081,train
2845,2780803511615498,train
4978,2780808704163844,train
4204,2780808888713220,train
4323,2780809136177157,train
2915,2780809413001236,train
723,2780813317898244,train
4172,2780814983036943,train
4104,2780815029174289,train
2938,2780815427633159,train
2923,2780821480013840,train
1075,2780825284247558,train
6093,2780826504790018,train
4943,2780826852917259,train
4187,2780827003912197,train
2881,2780827549171714,train
2857,2780827612086279,train
1739,2780827645640713,train
1679,2780827712749589,train
730,2780831386959877,train
800,2780831546343435,train
5002,2780832708165636,train
5000,2780832724942853,train
1727,2780833698021399,train
4190,2780839024787461,train
4351,2780839200948252,train
4347,2780839238696971,train
1418,2780839393886217,train
2946,2780839532298240,train
2961,2780839578435584,train
2895,2780839599407120,train
2877,2780839645544466,train
6504,2780840098529302,train
4954,2780844880035847,train
4224,2780844947144712,train
4214,2780845022642192,train
4178,2780845114916872,train
4404,2780845135888388,train
1472,2780845362380803,train
1729,2780845777616911,train
1765,2780845786005527,train
6512,2780846075412499,train
4423,2780851255377920,train
1941,2780851968409607,train
1955,2780851997769731,train
5122,2780856817025033,train
4959,2780856917688327,train
4960,2780856955437073,train
5044,2780856993185801,train
4394,2780857257426960,train
4471,2780857362284550,train
1756,2780857785909275,train
5017,2780862919737351,train
4246,2780863129452544,train
2903,2780863741820945,train
2279,2780863972507670,train
1160,2780867529277445,train
4966,2780869035032578,train
4360,2780869395742723,train
1761,2780869861310471,train
1714,2780869949390853,train
1722,2780869957779474,train
1888,2780870163300352,train
911,2780873661349907,train
833,2780873728458762,train
4361,2780875435540486,train
1485,2780875515232263,train
1779,2780875959828481,train
6491,2780882402279431,train
1112,2780885514452993,train
1508,2780887619993602,train
3276,2780887750017043,train
2907,2780887880040463,train
2017,2780888320442370,train
3041,2780893970169859,train
3042,2780893978558468,train
1125,2780897652768768,train
5034,2780899137552387,train
5025,2780899166912529,train
3292,2780899812835343,train
3032,2780900043522057,train
4697,2780905479340035,train
4434,2780905609363456,train
4580,2780905613557766,train
4493,2780905655500806,train
1802,2780906108485651,train
2042,2780906393698314,train
1229,2780909623312388,train
994,2780909975633945,train
4261,2780911439446033,train
3145,2780912026648579,train
3064,2780912085368849,train
3046,2780912093757458,train
1805,2780912160866310,train
2395,2780912223780871,train
5070,2780917336637452,train
4263,2780917483438085,train
4744,2780917496021000,train
3351,2780917886091267,train
3147,2780918074834955,train
3045,2780918150332451,train
2308,2780918334881799,train
5177,2780923246411778,train
5178,2780923254800395,train
5102,2780923347075073,train
4456,2780923699396627,train
3312,2780924022358017,train
3160,2780924135604253,train
2332,2780924349513730,train
2353,2780924391456783,train
1237,2780927742705664,train
6215,2780929160380425,train
5216,2780929202323465,train
5040,2780929361707009,train
4745,2780929588199434,train
3385,2780929940520977,train
3097,2780930271870994,train
2333,2780930380922887,train
2352,2780930422865923,train
2153,2780930527723544,train
2052,2780930590638117,train
5086,2780935560888323,train
4512,2780935862878216,train
3088,2780936290697225,train
1815,2780936328445952,train
2439,2780936349417487,train
4545,2780941923647499,train
3093,2780942330495000,train
3095,2780942334689285,train
2407,2780942422769671,train
5192,2780947418185731,train
4753,2780947732758535,train
3369,2780948080885762,train
3335,2780948168966157,train
3177,2780948257046548,train
3112,2780948340932614,train
2343,2780948508704773,train
1295,2780951901896704,train
5241,2780953340542977,train
4553,2780953990660105,train
3380,2780954137460742,train
3116,2780954372341760,train
2180,2780954661748746,train
360,2780959313231888,train
4599,2780959988514831,train
4538,2780960080789518,train
4738,2780965910872079,train
4810,2780965973786630,train
4561,2780966103810052,train
2383,2780966653263882,train
2165,2780966804258822,train
5783,2780966930087963,train
5233,2780971514462211,train
4779,2780971900338186,train
4811,2780972017778692,train
4628,2780972110053387,train
4554,2780972122636294,train
2455,2780972609175557,train
5388,2780977868832770,train
4764,2780977881415689,train
4813,2780978044993542,train
3345,2780978363760650,train
3128,2780978569281545,train
2372,2780978778996736,train
5248,2780983552114691,train
4577,2780984223203332,train
4578,2780984227397633,train
3344,2780984399364100,train
3459,2780984483250184,train
3194,2780984529387539,train
3209,2780984550359062,train
2467,2780984755879942,train
2218,2780984927846412,train
400,2780989495443466,train
5269,2780989629661186,train
3402,2780990367858703,train
3438,2780990388830209,train
2458,2780990741151747,train
6224,2780995589767174,train
5304,2780995765927937,train
5402,2780995950477316,train
3213,2780996646731779,train
2460,2780996789338120,train
2205,2780996969693198,train
5112,2781001927360515,train
5114,2781001948332042,train
3426,2781002485202947,train
2123,2781003093377041,train
5264,2781007816163329,train
5407,2781008055238658,train
4788,2781008181067780,train
5628,2781008411754502,train
3432,2781008545972235,train
2507,2781008889905168,train
2495,2781008923459591,train
2488,2781008931848196,train
3484,2781014623518735,train
3486,2781014636101652,train
3241,2781014749347857,train
3588,2781014883565572,train
2510,2781014921314305,train
5406,2781020130639877,train
4830,2781020344549388,train
4657,2781020415852550,train
5642,2781020516515844,train
3607,2781020881420288,train
2677,2781021036609558,train
5414,2781026170437643,train
3251,2781026845720598,train
3448,2781032696774661,train
3474,2781032797437963,train
3630,2781033002958850,train
2523,2781033070067725,train
4664,2781038514274307,train
3621,2781038992424970,train
5421,2781044268859399,train
4881,2781044428242956,train
3498,2781044902199318,train
3259,2781044927365128,train
3255,2781044944142341,train
5464,2781050279297027,train
4874,2781050522566665,train
5648,2781050681950213,train
5649,2781050681950214,train
2533,2781051155906577,train
2637,2781051273347092,train
6267,2781056008716293,train
5120,2781056247791626,train
4891,2781056449118213,train
4854,2781056528809996,train
3544,2781056889520140,train
3638,2781057166344216,train
2687,2781057233453069,train
5331,2781062136594440,train
5472,2781062329532417,train
5445,2781062371475464,train
3666,2781063130644483,train
3646,2781063197753349,train
3519,2781068969115664,train
2702,2781069287882760,train
7174,2781069447266313,train
4869,2781074681757703,train
2723,2781075281543176,train
2624,2781075411566608,train
5439,2781080499257357,train
3715,2781081149374481,train
3712,2781081153568779,train
2719,2781081291980802,train
3753,2781087214338062,train
7179,2781087524716555,train
6367,2781091991650334,train
3672,2781093245747200,train
5504,2781104478093317,train
3535,2781105115627534,train
3944,2781105136599043,train
3945,2781105136599058,train
5497,2781110488530946,train
3961,2781111138648075,train
2738,2781111457415183,train
3765,2781117295886336,train
5365,2781122299691020,train
3965,2781123151134739,train
3773,2781123218243587,train
3690,2781123302129686,train
3810,2781123331489799,train
2765,2781123411181571,train
2760,2781129430007812,train
6343,2781134261846033,train
2777,2781141434105867,train
7201,2781141480243218,train
3873,2781147276771333,train
5534,2781152515457035,train
3775,2781153199128590,train
7209,2781153450786819,train
5536,2781158479757315,train
3976,2781159100514310,train
3830,2781159301840901,train
2780,2781159410892801,train
3834,2781177219907594,train
7212,2781177354125320,train
5690,2781182529896454,train
3902,2781189114953739,train
4003,2781194953424901,train
7219,2781195192500224,train
7221,2781195196694538,train
5535,2781200271802377,train
3912,2781212896657414,train
5600,2781235864666114,train
5605,2781271281369098,train
6635,2781305989234707,train
6628,2781358300594177,train
6651,2781427175260161,train
295,2781439716229120,train
6949,2781598403526663,train
6734,2781636215177217,train
6762,2781693324820481,train
6761,2781693329014784,train
6745,2781693463232524,train
6765,2781718733914123,train
6792,2781718918463489,train
6793,2781734030540800,train
5752,2781734139592705,train
5750,2781739130814471,train
5746,2781749058732040,train
6818,2781758802100231,train
6809,2781768688074759,train
6822,2781792964706306,train
6862,2781797452611584,train
6858,2781797465194502,train
6870,2781807057567749,train
6849,2781816800935939,train
6886,2781858592980992,train
6891,2781867744952329,train
4611,2785364032880640,train
3516,2785467028209664,train
2786,2785545457500161,train
23947,2789543308689408,train
18111,2789683633324032,train
28892,2790373034295297,train
8079,2842154586079234,train
8110,2842201415483392,train
23681,2842230582673409,train
14406,2842316201000965,train
24449,2842325633990656,train
25017,2842339273867264,train
17382,2842351466708995,train
19102,2842363386920960,train
17471,2842363537915904,train
9059,2842368013238276,train
25144,2842369095368704,train
17414,2842369430913024,train
8789,2842373939789828,train
10396,2842382026407936,train
11394,2842382387118084,train
10522,2842387864879104,train
11269,2842394240221184,train
11286,2842394248609792,train
24757,2842415840886785,train
19358,2842423524851712,train
9795,2842428054700033,train
25455,2842429367517191,train
17638,2842429686284293,train
19370,2842435575087105,train
10835,2842436162289664,train
14706,2842436300701698,train
17634,2842441770074112,train
11624,2842448560652290,train
13118,2842448715841536,train
17644,2842459864301570,train
13128,2842460795437058,train
7325,2842465467891713,train
14955,2842466591965189,train
7328,2842471478329344,train
18143,2842478344404999,train
11758,2842478759641090,train
12430,2842479065825281,train
18166,2842484329676801,train
11771,2842484828799006,train
10069,2842494375034889,train
15640,2842502696534017,train
13246,2842503103381511,train
19712,2842508061048832,train
15018,2842508895715328,train
12324,2842509168345094,train
18694,2842514306367491,train
15793,2842514717409280,train
13234,2842521159860224,train
22688,2842521478627344,train
19961,2842526151081985,train
13288,2842527291932673,train
12553,2842527442927616,train
15868,2842532786470914,train
10269,2842542961852419,train
15913,2842556979216386,train
16409,2842563350364166,train
21344,2842575065055237,train
16092,2842581310373888,train
13865,2842581616558081,train
16007,2842587211759616,train
15405,2842587421474822,train
16453,2842587543109632,train
13713,2842593633239042,train
18876,2842598985170961,train
16543,2842605633142787,train
13875,2842605805109250,train
16289,2842611391922177,train
20368,2842622720737280,train
14162,2842623849005061,train
7763,2842628458545186,train
7762,2842634489954313,train
16371,2842653645340672,train
29686,2842660154900481,train
21848,2842665578135555,train
21847,2842677599010820,train
21790,2842689498251271,train
20460,2842712936022017,train
20941,2842808545181702,train
27419,2842901843279881,train
22319,2842966112600064,train
22458,2843106839887872,train
28126,2843171235037184,train
28999,2843234472558592,train
29110,2843275610292224,train
28534,2843365620056065,train
29416,2843369868886017,train
8987,2851206317735936,train
7262,2851225355681792,train
14579,2851226425229312,train
10919,2851256359976960,train
14754,2851256573886464,train
18581,2851262131339264,train
10899,2851262429134848,train
25502,2851279772581888,train
15079,2851329223426048,train
18402,2851346847891456,train
12844,2851353646858240,train
19743,2851364568825856,train
20232,2851370545709056,train
21402,2851377139154945,train
29546,2851377940267008,train
21362,2851383237672962,train
16025,2851389357162496,train
18800,2851394994307072,train
13911,2851413948366848,train
21662,2851425390428160,train
21542,2851437524549633,train
21490,2851443618873344,train
27661,2851715359440896,train
27474,2851744308527104,train
29126,2852086878306304,train
29951,39627103523577717,train
29949,39627114072246919,train
29950,39627119369651867,train
30001,39627206133026568,train
30000,39627211635954721,train
30005,39627211640152744,train
30002,39627217130493416,train
29999,39627217164047756,train
30004,39627228195069523,train
29996,39627228216036890,train
29998,39627233760908751,train
30008,39627272805684504,train
30009,39627284050615257,train
30006,39627306620162849,train
30007,39627306628548160,train
29849,39627306628555321,train
30013,39627306649519889,train
30012,39627318020279570,train
23244,39627328518625663,train
23245,39627328518627514,train
5821,39627328841580630,train
22865,39627328883531365,train
22747,39627328979997184,train
30014,39627329416204140,train
23257,39627334210298392,train
23256,39627334227067960,train
23242,39627334231261798,train
23243,39627334231267240,train
23249,39627334239656773,train
5819,39627334550032964,train
22864,39627334596172924,train
22746,39627334692641785,train
22750,39627334692642146,train
22759,39627334705227285,train
22761,39627334709421186,train
22774,39627334751361186,train
5787,39627334772329944,train
23255,39627339948101774,train
23260,39627339956487056,train
5818,39627340283645618,train
22866,39627340313005479,train
22749,39627340409473066,train
22748,39627340417864619,train
22777,39627340472387691,train
22776,39627340472390064,train
22773,39627340480774706,train
22780,39627340489163400,train
5796,39627340489164088,train
5798,39627340489170597,train
22719,39627340539497242,train
22721,39627340552077802,train
23269,39627345664936631,train
23259,39627345664938344,train
23258,39627345669130684,train
23261,39627345681715350,train
23248,39627345694295347,train
23303,39627345769795852,train
23302,39627345778180502,train
23229,39627345908208485,train
23228,39627345912400492,train
5820,39627346008871286,train
22877,39627346059208933,train
22872,39627346063399880,train
22871,39627346063402287,train
5829,39627346126310466,train
22756,39627346134702779,train
5794,39627346151477482,train
22768,39627346151477482,train
22757,39627346159862392,train
22766,39627346159868417,train
22775,39627346201813781,train
22778,39627346206005805,train
22772,39627346210197296,train
5797,39627346222781903,train
22722,39627346235362002,train
22726,39627346264722373,train
5788,39627346264724600,train
22718,39627346273108803,train
22720,39627346273117753,train
29852,39627346587683446,train
5893,39627351402748140,train
23263,39627351411138293,train
23262,39627351419525481,train
23266,39627351427910927,train
23252,39627351440493485,train
23251,39627351444688656,train
23301,39627351515995145,train
23232,39627351637626884,train
23459,39627351658597041,train
23457,39627351666986032,train
22898,39627351771845445,train
22891,39627351776036104,train
22888,39627351780229408,train
22890,39627351788618549,train
22887,39627351788625251,train
22875,39627351801205643,train
22870,39627351805397806,train
5828,39627351868315574,train
22973,39627351872509642,train
22755,39627351876705200,train
22754,39627351880900969,train
22769,39627351885088325,train
5795,39627351889287754,train
22764,39627351918646869,train
5809,39627351927031018,train
22790,39627351931224759,train
22788,39627351939612848,train
22782,39627351964779100,train
22785,39627351964782386,train
22784,39627351964784973,train
22783,39627351964787064,train
22733,39627351981558881,train
22732,39627351981558955,train
22734,39627351981564075,train
22727,39627351998337692,train
22724,39627352015111256,train
7974,39627352019304876,train
7976,39627352031890122,train
23296,39627357132164600,train
23270,39627357153133130,train
23264,39627357165716107,train
23253,39627357186690235,train
5897,39627357253804312,train
23297,39627357253804576,train
23298,39627357257993356,train
5899,39627357270575539,train
23234,39627357383821565,train
23235,39627357383822325,train
23233,39627357388021942,train
23227,39627357396408059,train
23461,39627357400597482,train
23458,39627357413185108,train
22893,39627357526426544,train
22894,39627357526427438,train
22892,39627357526435053,train
22896,39627357530621923,train
22895,39627357530624206,train
22897,39627357530626766,train
22889,39627357534817396,train
22903,39627357534823550,train
22869,39627357551593546,train
22867,39627357555794156,train
22882,39627357559986147,train
5827,39627357614507552,train
22974,39627357618706635,train
5830,39627357627096803,train
22770,39627357631287275,train
22763,39627357664844837,train
5810,39627357673231429,train
22781,39627357702587584,train
22779,39627357702590869,train
22786,39627357702594274,train
22796,39627357715172510,train
22731,39627357731948618,train
5790,39627357731950191,train
22742,39627357736147333,train
5791,39627357740336076,train
22730,39627357748726719,train
5789,39627357752920088,train
22729,39627357752920088,train
22725,39627357757115795,train
541,39627357773893998,train
5896,39627362895137486,train
23295,39627362899329642,train
23267,39627362899332392,train
23273,39627362916106450,train
23272,39627362920301716,train
23254,39627362945472701,train
23306,39627362999992733,train
23305,39627363004186872,train
23307,39627363008382155,train
23299,39627363012579082,train
23300,39627363012579582,train
23462,39627363155186640,train
23470,39627363163578848,train
22899,39627363268429553,train
22904,39627363285214472,train
22868,39627363306183339,train
22883,39627363310380021,train
22884,39627363314566736,train
22886,39627363318761959,train
22976,39627363381680087,train
22762,39627363419432897,train
22791,39627363440398155,train
5804,39627363444590061,train
22792,39627363444591223,train
5799,39627363457173931,train
22787,39627363461370987,train
22797,39627363478148383,train
22738,39627363490732157,train
5792,39627363494921605,train
22744,39627363494924187,train
22740,39627363499117379,train
22745,39627363499119319,train
22728,39627363507508670,train
544,39627363520086104,train
547,39627363528474707,train
23275,39627368670693256,train
23276,39627368670698872,train
23274,39627368679088251,train
23292,39627368683282970,train
23280,39627368695860034,train
23282,39627368695865221,train
23279,39627368700052738,train
23283,39627368704246619,train
23284,39627368704248424,train
23304,39627368771356421,train
23311,39627368775555466,train
23316,39627368788132354,train
23317,39627368788138286,train
23313,39627368792331674,train
23322,39627368800717136,train
23237,39627368901384253,train
23236,39627368905575700,train
23482,39627368909774018,train
23460,39627368918159890,train
23468,39627368918163512,train
23466,39627368922353373,train
23467,39627368922353484,train
22901,39627369039793345,train
22902,39627369039793827,train
22920,39627369043988719,train
22918,39627369048181490,train
22906,39627369048187376,train
22907,39627369056568762,train
22880,39627369073349195,train
22879,39627369073350743,train
22878,39627369077543148,train
22979,39627369140458078,train
22977,39627369148847464,train
22829,39627369194984650,train
22828,39627369199175144,train
5802,39627369215951391,train
22811,39627369228539945,train
22799,39627369228542576,train
22802,39627369232733790,train
5807,39627369236924640,train
22739,39627369257896290,train
22741,39627369257900101,train
7978,39627369274674708,train
543,39627369283061071,train
545,39627369283064708,train
7979,39627369287255623,train
546,39627369291449203,train
7980,39627369291449834,train
7973,39627369295645229,train
5894,39627374446249441,train
23281,39627374475611037,train
23339,39627374525941330,train
23340,39627374530137178,train
23310,39627374538530366,train
23314,39627374555300936,train
23315,39627374555304098,train
23312,39627374563691633,train
23481,39627374685325897,train
23480,39627374685327554,train
23479,39627374689518179,train
23489,39627374689523947,train
23465,39627374689525117,train
23469,39627374693713383,train
23476,39627374710493250,train
22919,39627374815352067,train
22917,39627374815353224,train
22922,39627374819546441,train
22914,39627374844707842,train
22881,39627374853099884,train
5835,39627374911817103,train
22984,39627374911819039,train
22978,39627374920211828,train
5832,39627374936982934,train
22845,39627374957959017,train
22795,39627374983127071,train
5801,39627374987319706,train
5800,39627374991510018,train
22812,39627375004092281,train
22800,39627375008291679,train
22809,39627375016678452,train
22804,39627375020875498,train
7986,39627375062814429,train
549,39627375062814549,train
23277,39627380226001281,train
23278,39627380226009823,train
23291,39627380238588754,train
23294,39627380246971467,train
23286,39627380255362351,train
23287,39627380255365531,train
23289,39627380259559016,train
23343,39627380309886747,train
23324,39627380326663460,train
23328,39627380335052903,train
23329,39627380339245506,train
23321,39627380347634770,train
23323,39627380347637650,train
23238,39627380444110829,train
23240,39627380448303654,train
23483,39627380456688557,train
23486,39627380456693375,train
23484,39627380460886829,train
23475,39627380481858657,train
23477,39627380486050843,train
23474,39627380486052980,train
23472,39627380490241436,train
23478,39627380490246204,train
22909,39627380616076744,train
22911,39627380624460754,train
5841,39627380658016944,train
5840,39627380662207191,train
5842,39627380670600590,train
22985,39627380699958035,train
22986,39627380699959346,train
22983,39627380720929068,train
22990,39627380720934702,train
22838,39627380733512310,train
22840,39627380733514936,train
22836,39627380733518736,train
22846,39627380746094872,train
22834,39627380750295303,train
5803,39627380767074641,train
22793,39627380767074641,train
22814,39627380775454237,train
22818,39627380779647787,train
22743,39627380813204315,train
552,39627380817398648,train
7994,39627380817398648,train
7990,39627380817399646,train
551,39627380825788509,train
554,39627380829982653,train
550,39627380842565060,train
7988,39627380846757848,train
7985,39627380850952381,train
7989,39627380855144803,train
5895,39627386022536378,train
23288,39627386039309630,train
23341,39627386085446457,train
23342,39627386089641642,train
23345,39627386089643890,train
23325,39627386102219902,train
23326,39627386106419007,train
23338,39627386123191134,train
5904,39627386123191169,train
23334,39627386123195535,train
23337,39627386123196382,train
23241,39627386228051770,train
23485,39627386236444063,train
23487,39627386244830227,train
23496,39627386253218109,train
22940,39627386370662547,train
22921,39627386374849731,train
22923,39627386387437330,train
22913,39627386400019082,train
22910,39627386400021855,train
22908,39627386408407083,train
22987,39627386479712466,train
22988,39627386483904785,train
22982,39627386496487385,train
22993,39627386504877188,train
22844,39627386509077040,train
22835,39627386517456863,train
22832,39627386542630116,train
22833,39627386546816348,train
22815,39627386555210831,train
22819,39627386571983685,train
22806,39627386580370217,train
8025,39627386588762982,train
7992,39627386605536269,train
7991,39627386609731491,train
7983,39627386622316628,train
7982,39627386626508545,train
7984,39627386630704647,train
7987,39627386630705283,train
23293,39627391802288839,train
23350,39627391881973359,train
23327,39627391898750621,train
5902,39627391902946385,train
23333,39627391911329916,train
23320,39627391919724760,train
23473,39627392053943260,train
5824,39627392125245130,train
22939,39627392162994922,train
22928,39627392179769336,train
22926,39627392183960958,train
22927,39627392183963525,train
22933,39627392188158881,train
5822,39627392192351802,train
22912,39627392192351802,train
5844,39627392242684641,train
5843,39627392255267126,train
5836,39627392267849667,train
22839,39627392305602476,train
22837,39627392309792041,train
5812,39627392326573941,train
5808,39627392351737364,train
22813,39627392351737364,train
22817,39627392351740266,train
22826,39627392351740881,train
22825,39627392360121052,train
22823,39627392360126189,train
22820,39627392364316616,train
22808,39627392376900970,train
8031,39627392381098098,train
7996,39627392402065912,train
7999,39627392410455439,train
8000,39627392414649665,train
8003,39627392431426980,train
8002,39627392431427245,train
23346,39627397678499787,train
23352,39627397686889836,train
5906,39627397686892994,train
23354,39627397695280500,train
23332,39627397699474377,train
23542,39627397812720259,train
23543,39627397821106538,train
23545,39627397825299876,train
23493,39627397846274584,train
23492,39627397850464996,train
23502,39627397854659848,train
22935,39627397934356022,train
22934,39627397942741516,train
22924,39627397967911702,train
22931,39627397972099277,train
22930,39627397972101524,train
22929,39627397976294732,train
5823,39627397980488081,train
22932,39627397988876557,train
22992,39627398085348511,train
22991,39627398089546819,train
22848,39627398123097506,train
8030,39627398177625585,train
8028,39627398181820567,train
7995,39627398206982765,train
8008,39627398215371247,train
8001,39627398219563190,train
557,39627398223758270,train
8006,39627398227952555,train
23351,39627403487612915,train
5903,39627403508583190,train
5901,39627403508583895,train
23360,39627403516975083,train
23541,39627403621831711,train
23544,39627403626023759,train
23546,39627403638604115,train
23547,39627403638606100,train
23494,39627403651190057,train
23504,39627403651193054,train
23495,39627403651194835,train
23498,39627403659581226,train
22936,39627403739272849,train
22955,39627403751857356,train
22954,39627403756046711,train
22938,39627403760241790,train
22942,39627403764436104,train
22950,39627403772822513,train
23086,39627403793793457,train
23072,39627403823156970,train
23003,39627403890271833,train
22996,39627403902855417,train
22847,39627403923817126,train
5816,39627403957377572,train
22824,39627403961570337,train
8027,39627403995120901,train
8033,39627403999318033,train
555,39627404016095286,train
8007,39627404024481897,train
8012,39627404028676994,train
8004,39627404032871021,train
8005,39627404037063563,train
23355,39627409313501114,train
23356,39627409317694141,train
23357,39627409317695084,train
5907,39627409321886249,train
23358,39627409321886276,train
5908,39627409321895034,train
23359,39627409334471573,train
23555,39627409435136352,train
23552,39627409451912223,train
23553,39627409456103810,train
23554,39627409456106090,train
23503,39627409464497274,train
23500,39627409468686981,train
23501,39627409468693619,train
23499,39627409472881602,train
23505,39627409472888284,train
22952,39627409565160202,train
22960,39627409573549061,train
22941,39627409577743225,train
22947,39627409577743836,train
22948,39627409577745795,train
22949,39627409581933597,train
23113,39627409598715832,train
23070,39627409623880555,train
23069,39627409623883029,train
23081,39627409628077514,train
23075,39627409632272289,train
23074,39627409636458644,train
23073,39627409636459672,train
23079,39627409636467715,train
5847,39627409682601643,train
5850,39627409682603272,train
23002,39627409707763181,train
5813,39627409758098163,train
8039,39627409791650049,train
8038,39627409791651654,train
558,39627409829399061,train
8010,39627409833591040,train
559,39627409833593960,train
23371,39627415093252960,train
23372,39627415093254063,train
23370,39627415097448556,train
23379,39627415101638822,train
23559,39627415256831316,train
23572,39627415281997496,train
23575,39627415281997803,train
23506,39627415294574990,train
23497,39627415294580401,train
23510,39627415307160069,train
23509,39627415307164406,train
23513,39627415378464745,train
22958,39627415391043836,train
22969,39627415403627293,train
22944,39627415407826814,train
23078,39627415453963610,train
23082,39627415453964858,train
23077,39627415458153870,train
23080,39627415458156864,train
23095,39627415466547670,train
23092,39627415466549076,train
5849,39627415500101386,train
23004,39627415529457729,train
22997,39627415546234290,train
22999,39627415546236086,train
22998,39627415546240940,train
23016,39627415563015009,train
22855,39627415600759642,train
8072,39627415604955838,train
8078,39627415604958561,train
8042,39627415613344586,train
8041,39627415613347420,train
8040,39627415617540005,train
8036,39627415621732177,train
8034,39627415638508205,train
8013,39627415663674854,train
8014,39627415663675104,train
8011,39627415667869110,train
23373,39627420919142245,train
23374,39627420923332075,train
23376,39627420931724759,train
23556,39627421082717250,train
23558,39627421082719280,train
23562,39627421091106113,train
23550,39627421107880336,train
23549,39627421107883353,train
23567,39627421107888289,train
23576,39627421112081382,train
23577,39627421116270770,train
23568,39627421120463283,train
23511,39627421145634284,train
22959,39627421216934694,train
22970,39627421225322607,train
22971,39627421225326934,train
22966,39627421233713193,train
22967,39627421237907120,train
22943,39627421242099797,train
5877,39627421250490426,train
23112,39627421254682177,train
5873,39627421267264408,train
23088,39627421271460617,train
5872,39627421288239170,train
23071,39627421288239670,train
23096,39627421292433496,train
23011,39627421380518616,train
23015,39627421384705738,train
5852,39627421393099467,train
22854,39627421422453465,train
5815,39627421422460836,train
8074,39627421430848338,train
570,39627421435036297,train
563,39627421460205313,train
562,39627421472784866,train
561,39627421472787702,train
8032,39627421472787702,train
8021,39627421497952402,train
8020,39627421502144831,train
8019,39627421502147904,train
8015,39627421506341537,train
23381,39627426761809558,train
23399,39627426761810277,train
23382,39627426770192029,train
23384,39627426778582498,train
23387,39627426786973182,train
23561,39627426929577159,train
23563,39627426937965728,train
23560,39627426942159686,train
23571,39627426954742150,train
23525,39627426992490556,train
23524,39627426996683280,train
5918,39627427005075435,train
23515,39627427038627718,train
23514,39627427038631704,train
23516,39627427038632411,train
23518,39627427042822456,train
23517,39627427042822478,train
23520,39627427047016478,train
23521,39627427051216254,train
22962,39627427059603127,train
22965,39627427076377200,train
23110,39627427097351919,train
23089,39627427109936096,train
23091,39627427122517481,train
23093,39627427135099336,train
23097,39627427139292521,train
23009,39627427206400956,train
23007,39627427206402208,train
23010,39627427210599108,train
23005,39627427214790859,train
5851,39627427214792216,train
23006,39627427214792216,train
23012,39627427231564220,train
22859,39627427244148836,train
22856,39627427256730422,train
22857,39627427256731712,train
8071,39627427265124399,train
8076,39627427273512757,train
8044,39627427298676206,train
8043,39627427302868767,train
8045,39627427302870703,train
8048,39627427319646676,train
8016,39627427340616118,train
8017,39627427340620280,train
23398,39627432600277373,train
23400,39627432600279751,train
23380,39627432608662218,train
23383,39627432608670095,train
23377,39627432612864529,train
23395,39627432621246432,train
23566,39627432768050820,train
23565,39627432772240917,train
23590,39627432780632542,train
23587,39627432784822716,train
23589,39627432784822872,train
23569,39627432801600160,train
23578,39627432814184516,train
23508,39627432818379636,train
23537,39627432830962353,train
5921,39627432830966104,train
5920,39627432830967927,train
23529,39627432830967927,train
5917,39627432839350853,train
23522,39627432881298721,train
23523,39627432889685672,train
22964,39627432910653082,train
23118,39627432923238417,train
23114,39627432927432388,train
23100,39627432969372983,train
5859,39627433032293679,train
23014,39627433070035564,train
8084,39627433120373888,train
8087,39627433124562575,train
566,39627433149729136,train
8057,39627433153925236,train
8053,39627433158117820,train
8023,39627433174898060,train
23403,39627438442940226,train
23401,39627438455527439,train
23394,39627438463918801,train
23393,39627438472306441,train
23392,39627438476494549,train
23388,39627438476498297,train
23592,39627438623298400,train
23591,39627438623300936,train
23588,39627438627490039,train
23570,39627438640079102,train
23573,39627438644266558,train
23533,39627438677821338,train
23527,39627438682019127,train
23120,39627438761706991,train
23122,39627438770100332,train
23115,39627438786871834,train
23116,39627438799458417,train
5876,39627438812043447,train
23102,39627438812043447,train
23101,39627438816235261,train
23098,39627438824628048,train
23099,39627438828816395,train
5875,39627438837210988,train
5860,39627438874954545,train
23008,39627438891734118,train
23019,39627438900119169,train
23020,39627438900123925,train
23022,39627438900126187,train
23026,39627438908516695,train
23031,39627438912706489,train
23032,39627438912709258,train
5854,39627438929483876,train
23017,39627438933673450,train
5853,39627438937870510,train
22858,39627438937872289,train
569,39627438963034154,train
8088,39627438975615702,train
8086,39627438975615745,train
8082,39627438979810252,train
8080,39627438979815984,train
8046,39627438988199597,train
8051,39627439009172507,train
8050,39627439009172549,train
8052,39627439009173948,train
23406,39627444306582105,train
23405,39627444306582269,train
23404,39627444310770203,train
23402,39627444310771116,train
23396,39627444319164223,train
23389,39627444327550616,train
23391,39627444327552961,train
23420,39627444340132788,train
23603,39627444478542303,train
23594,39627444495320230,train
23602,39627444495320731,train
23585,39627444495321158,train
23584,39627444499522000,train
23595,39627444503711587,train
23581,39627444507908043,train
23580,39627444516292908,train
23532,39627444528879744,train
23531,39627444533071284,train
23528,39627444537269430,train
23121,39627444621152477,train
23117,39627444650511246,train
23124,39627444658898111,train
5874,39627444696654709,train
5864,39627444730201031,train
5863,39627444730202869,train
23033,39627444738591195,train
23029,39627444759562005,train
23030,39627444759564899,train
23027,39627444759565061,train
5858,39627444763757104,train
23023,39627444763757104,train
23024,39627444763762965,train
8475,39627444793118041,train
571,39627444805700886,train
8090,39627444805701546,train
8083,39627444826673123,train
8059,39627444864419789,train
8056,39627444872810740,train
8121,39627444885393802,train
8122,39627444889587244,train
23397,39627450191186867,train
23416,39627450212157968,train
23605,39627450342183044,train
23583,39627450371546709,train
5924,39627450375735023,train
23632,39627450379933864,train
23638,39627450392514674,train
23526,39627450396710793,train
23716,39627450484792254,train
23123,39627450514152100,train
23108,39627450543506302,train
23107,39627450543508723,train
23036,39627450585452429,train
5861,39627450589647513,train
23034,39627450602231459,train
23045,39627450610616424,train
23040,39627450610621093,train
23038,39627450614809414,train
23037,39627450614810585,train
23044,39627450614811616,train
626,39627450652561621,train
8476,39627450665144797,train
8094,39627450677727027,train
8098,39627450698699599,train
8099,39627450698700064,train
8097,39627450711278939,train
8060,39627450719672473,train
8062,39627450723861379,train
8064,39627450728056410,train
567,39627450728057560,train
8069,39627450728057560,train
23408,39627456046435153,train
23411,39627456054822862,train
23412,39627456059018710,train
23419,39627456075794131,train
5911,39627456134515018,train
23614,39627456193234358,train
23601,39627456222595987,train
23600,39627456222600983,train
23599,39627456222601837,train
23597,39627456226793859,train
23596,39627456230982368,train
23640,39627456239378249,train
23634,39627456247759314,train
23635,39627456247767399,train
23636,39627456251959961,train
23637,39627456256151518,train
23721,39627456331646019,train
23711,39627456340034398,train
23714,39627456348424932,train
23717,39627456348426902,train
23712,39627456348427512,train
23135,39627456377785970,train
23136,39627456377788057,train
23126,39627456390368376,train
23129,39627456394564644,train
23106,39627456402953480,train
23104,39627456402954900,train
23105,39627456407144301,train
23160,39627456444893177,train
23158,39627456444897040,train
23035,39627456461670865,train
5862,39627456465865051,train
5867,39627456474251591,train
5868,39627456482641554,train
23042,39627456482641554,train
23043,39627456482646498,train
8093,39627456541364762,train
8092,39627456545558303,train
8061,39627456583307044,train
8068,39627456591696524,train
568,39627456595886546,train
8067,39627456595886546,train
8123,39627456616859201,train
23414,39627461935241992,train
23417,39627461939433127,train
5913,39627461998157354,train
23365,39627462002349583,train
5910,39627462006544350,train
5987,39627462014930426,train
23609,39627462061064753,train
23610,39627462061066177,train
23620,39627462065264995,train
23619,39627462065265128,train
23604,39627462073653301,train
5926,39627462115591549,train
23633,39627462115595855,train
23539,39627462140761630,train
23538,39627462144953630,train
5922,39627462149144775,train
23137,39627462245620656,train
23132,39627462270781684,train
23159,39627462316919624,train
23157,39627462325307845,train
8481,39627462388223988,train
8477,39627462404998004,train
8108,39627462434360324,train
8100,39627462446943870,train
574,39627462455332571,train
8106,39627462459524407,train
8131,39627462480498268,train
8132,39627462484694646,train
8124,39627462488886778,train
5912,39627467886960658,train
24200,39627467891153036,train
5986,39627467895341506,train
24202,39627467895348496,train
24196,39627467920515058,train
24195,39627467933093698,train
24199,39627467933094550,train
23611,39627467937285130,train
23608,39627467937292651,train
23612,39627467945673341,train
23617,39627467949870989,train
23616,39627467954067560,train
23648,39627467983424934,train
23647,39627467983425382,train
23646,39627467983428674,train
23649,39627467991817693,train
23650,39627468000200609,train
23651,39627468000204500,train
23641,39627468004399156,train
23719,39627468084092531,train
23718,39627468088279843,train
23133,39627468134423753,train
23125,39627468142808952,train
23049,39627468218304353,train
23046,39627468235083631,train
5869,39627468239279856,train
8479,39627468293801839,train
8091,39627468302190278,train
8109,39627468318966293,train
575,39627468323160762,train
573,39627468348327883,train
8128,39627468352521943,train
8127,39627468356714825,train
579,39627468360908955,train
580,39627468369298497,train
5914,39627473767372629,train
23361,39627473767372629,train
23362,39627473767373640,train
23363,39627473771565251,train
24238,39627473775759111,train
24242,39627473779950570,train
24198,39627473817703708,train
24197,39627473817704867,train
24206,39627473821894155,train
24205,39627473821899471,train
23613,39627473830281697,train
23623,39627473834483708,train
23631,39627473842868652,train
23630,39627473842872421,train
23644,39627473901585940,train
5925,39627473905781447,train
23143,39627474027422028,train
23141,39627474031612139,train
23163,39627474077751759,train
23156,39627474090337195,train
23051,39627474119688924,train
23065,39627474119693208,train
23064,39627474123883225,train
23063,39627474123885318,train
23047,39627474132275297,train
628,39627474161633662,train
630,39627474165827392,train
8487,39627474195187462,train
8488,39627474195188493,train
8115,39627474216157251,train
8105,39627474228742527,train
8165,39627474232940130,train
8130,39627474241328159,train
8129,39627474245517744,train
8126,39627474245521636,train
8133,39627474249714317,train
8125,39627474253908992,train
23427,39627479593258562,train
23422,39627479605844319,train
23434,39627479618426503,train
23366,39627479656171974,train
24240,39627479664561042,train
24248,39627479668759921,train
24201,39627479681338125,train
24210,39627479706505643,train
24209,39627479710699672,train
24207,39627479710701073,train
23621,39627479723281942,train
23622,39627479723286315,train
23618,39627479727479732,train
23652,39627479786193104,train
23653,39627479786194434,train
23656,39627479786200136,train
23667,39627479802970473,train
23662,39627479807167251,train
5932,39627479844921343,train
5933,39627479853305135,train
23752,39627479853305626,train
23751,39627479857498346,train
23724,39627479865888368,train
23725,39627479882667323,train
23151,39627479916219045,train
23140,39627479920419392,train
23154,39627479928806536,train
23190,39627479937191068,train
23164,39627479962357681,train
23167,39627479974937694,train
23161,39627479974941905,train
23155,39627479979135697,train
23059,39627480004297285,train
23060,39627480004299866,train
23061,39627480008493906,train
23066,39627480008494157,train
23062,39627480008494983,train
23067,39627480008495518,train
23054,39627480012687343,train
633,39627480046241076,train
8480,39627480046245759,train
8478,39627480071411225,train
8486,39627480075601471,train
8170,39627480117547809,train
8166,39627480121743302,train
8168,39627480130131210,train
8169,39627480134320803,train
8173,39627480134321321,train
8172,39627480134325793,train
8135,39627480138519616,train
8139,39627480172071605,train
8140,39627480176263941,train
23425,39627485498835424,train
23426,39627485498837321,train
23423,39627485498841324,train
23421,39627485503032728,train
23440,39627485503037303,train
23441,39627485507228912,train
23429,39627485511419813,train
23433,39627485515613299,train
23430,39627485519812840,train
5915,39627485544978825,train
24254,39627485553365004,train
24255,39627485553368741,train
5989,39627485557561040,train
24241,39627485557561040,train
24239,39627485561750859,train
24247,39627485570145961,train
24246,39627485574339717,train
24218,39627485599504833,train
24211,39627485603696043,train
24222,39627485603696103,train
24208,39627485612085482,train
24203,39627485616280143,train
23627,39627485628864889,train
23625,39627485637253331,train
23690,39627485662415800,train
23689,39627485666613427,train
23654,39627485675004065,train
23658,39627485687578875,train
23666,39627485695973956,train
23664,39627485695975258,train
23663,39627485704362405,train
23660,39627485712746963,train
23753,39627485750496094,train
23747,39627485750500971,train
23749,39627485754694958,train
23754,39627485758885177,train
23726,39627485779859252,train
23152,39627485809221714,train
23153,39627485813408878,train
23150,39627485817608856,train
23148,39627485821796901,train
23139,39627485821799781,train
23145,39627485821800928,train
23162,39627485872135739,train
23168,39627485880521252,train
23169,39627485893102594,train
23056,39627485909880441,train
23058,39627485914071163,train
23057,39627485914072210,train
23053,39627485918269169,train
23052,39627485918269389,train
632,39627485930848535,train
8511,39627485935042880,train
8500,39627485968601189,train
8489,39627485976988500,train
8492,39627485989574058,train
8490,39627485997957697,train
8112,39627485997960528,train
8113,39627486002156143,train
8117,39627486006351345,train
8116,39627486010543545,train
8118,39627486010543608,train
8171,39627486031512085,train
8183,39627486039901883,train
8136,39627486052484366,train
8142,39627486069263228,train
23424,39627491404421343,train
23443,39627491408613095,train
23442,39627491408615428,train
23450,39627491417004886,train
23432,39627491429584004,train
23439,39627491429586829,train
23435,39627491442166192,train
23368,39627491454748527,train
5993,39627491454751529,train
24256,39627491454751721,train
24237,39627491467336353,train
24243,39627491471525678,train
24250,39627491479918893,train
5991,39627491488304979,train
24251,39627491488304979,train
24220,39627491505082691,train
24217,39627491509275614,train
24216,39627491509275708,train
24212,39627491521855949,train
24213,39627491521860642,train
23629,39627491542828311,train
23691,39627491563802085,train
23692,39627491563803221,train
23657,39627491588968405,train
5930,39627491601548840,train
23661,39627491609942435,train
23668,39627491618326139,train
5928,39627491618327289,train
23671,39627491626713976,train
23750,39627491656079809,train
23757,39627491664462499,train
23756,39627491668662008,train
23734,39627491693825296,train
23729,39627491714795205,train
23728,39627491714797763,train
23149,39627491727378413,train
23195,39627491765131463,train
23166,39627491765132455,train
23184,39627491781905907,train
23183,39627491786097186,train
5886,39627491786100909,train
5879,39627491794485832,train
23171,39627491794485832,train
23180,39627491807070578,train
23179,39627491807071339,train
23055,39627491815457340,train
8518,39627491832234385,train
8512,39627491857405440,train
8483,39627491865789008,train
8498,39627491878377894,train
8499,39627491882567534,train
8485,39627491890958550,train
8494,39627491895148750,train
584,39627491937096694,train
8182,39627491945481243,train
8137,39627491953875506,train
8153,39627491962259669,train
8148,39627491966456763,train
8149,39627491970648733,train
8156,39627491970652329,train
8151,39627491974842639,train
8145,39627491983233279,train
8147,39627491991618000,train
23446,39627497318391717,train
23445,39627497322578507,train
23448,39627497326778144,train
23449,39627497330968547,train
23436,39627497351944635,train
24257,39627497356137046,train
5992,39627497360328802,train
24259,39627497364522945,train
24260,39627497364524332,train
5994,39627497368716326,train
24244,39627497377108685,train
5990,39627497385498727,train
24252,39627497385498860,train
24253,39627497389692051,train
24268,39627497398083206,train
24224,39627497410666469,train
24226,39627497414859147,train
24219,39627497419048256,train
24204,39627497423247322,train
23693,39627497473577938,train
23695,39627497486156729,train
23694,39627497486159822,train
5929,39627497494550395,train
23679,39627497494550395,train
23675,39627497511321760,train
23678,39627497511322985,train
23676,39627497511326479,train
23669,39627497519716477,train
23767,39627497540688688,train
5935,39627497561656381,train
23764,39627497561656381,train
23761,39627497565849763,train
23760,39627497565853095,train
23759,39627497574242006,train
23733,39627497599409331,train
23740,39627497607797043,train
23730,39627497611988625,train
23731,39627497624569109,train
23194,39627497670707055,train
5884,39627497691679560,train
5885,39627497695874886,train
23186,39627497695875574,train
5882,39627497704260719,train
23189,39627497704262473,train
5881,39627497704263337,train
23174,39627497712654164,train
637,39627497733624402,train
8513,39627497754595675,train
635,39627497758786867,train
8515,39627497758786867,train
8497,39627497779761490,train
8496,39627497779761677,train
631,39627497809117864,train
8191,39627497817510406,train
8188,39627497830094641,train
8185,39627497846870956,train
8179,39627497851063791,train
8180,39627497851064741,train
8175,39627497859451705,train
8176,39627497859453327,train
8154,39627497876232003,train
8157,39627497880422994,train
23447,39627503240744345,train
23437,39627503257518731,train
24262,39627503278497589,train
24263,39627503282686243,train
5995,39627503282687068,train
24261,39627503282690154,train
24264,39627503320433471,train
24228,39627503324627604,train
24231,39627503341407800,train
23700,39627503383352737,train
23697,39627503391743303,train
23696,39627503400127310,train
23705,39627503408513804,train
23702,39627503412709509,train
23687,39627503429487079,train
5931,39627503433681524,train
23963,39627503454652649,train
23762,39627503484016603,train
23758,39627503492402111,train
23779,39627503496601520,train
23780,39627503500789006,train
23781,39627503504989833,train
23732,39627503534350655,train
23199,39627503559509974,train
23198,39627503559510764,train
23204,39627503563709853,train
23205,39627503597260828,train
23185,39627503609843284,train
5888,39627503614034939,train
23173,39627503622428116,train
5883,39627503630816161,train
23181,39627503630816161,train
8608,39627503639205468,train
8521,39627503664367989,train
8530,39627503681147750,train
8529,39627503685341051,train
8194,39627503748256781,train
585,39627503756643088,train
583,39627503769226071,train
8181,39627503773419946,train
8155,39627503794391345,train
8150,39627503794394587,train
8163,39627503798587341,train
8144,39627503811168199,train
8143,39627503811171461,train
23453,39627509163103313,train
23454,39627509163103481,train
23438,39627509179882493,train
24402,39627509188269859,train
24399,39627509192459576,train
24400,39627509192460465,train
24401,39627509196658094,train
24249,39627509226020875,train
24265,39627509230214355,train
24230,39627509251186874,train
24285,39627509276348084,train
24290,39627509280540478,train
24291,39627509280543382,train
23698,39627509309906290,train
23704,39627509330870943,train
23688,39627509347649558,train
23685,39627509347654325,train
23684,39627509351846068,train
23673,39627509364428635,train
23670,39627509368619982,train
23961,39627509372814216,train
23962,39627509372821029,train
23958,39627509381204986,train
5961,39627509385404006,train
23772,39627509393790392,train
23774,39627509397983133,train
23773,39627509402178487,train
5937,39627509406368879,train
23771,39627509406374383,train
23775,39627509414762791,train
23776,39627509418951095,train
23743,39627509448317174,train
23742,39627509452510119,train
23741,39627509456700275,train
23202,39627509494453662,train
23203,39627509494454890,train
23201,39627509494455074,train
23209,39627509507036376,train
23210,39627509511227358,train
23207,39627509519617991,train
23208,39627509519618757,train
23206,39627509519619793,train
5887,39627509548974853,train
23182,39627509553169524,train
8615,39627509557364157,train
8611,39627509569946643,train
8610,39627509569946913,train
638,39627509590921823,train
8525,39627509603502838,train
8531,39627509607699757,train
8509,39627509620282182,train
8510,39627509632860946,train
8502,39627509632864621,train
8505,39627509641249598,train
646,39627509649639540,train
8553,39627509649641154,train
8551,39627509662223735,train
8177,39627509687387962,train
8178,39627509691585048,train
587,39627509695776621,train
8164,39627509720941736,train
8161,39627509725136916,train
8158,39627509729330788,train
23455,39627515098038357,train
23451,39627515098041469,train
24403,39627515110625416,train
24404,39627515110627870,train
24267,39627515152570919,train
24266,39627515156761714,train
24269,39627515169349016,train
24272,39627515173536166,train
24273,39627515173536692,train
24234,39627515181931773,train
24235,39627515186123795,train
24236,39627515186124684,train
24293,39627515194507494,train
24287,39627515202897826,train
24288,39627515202898336,train
23710,39627515265812724,train
5963,39627515290981530,train
23960,39627515295173643,train
23957,39627515303561452,train
23777,39627515349698749,train
23745,39627515362280752,train
23744,39627515366475080,train
23738,39627515370672065,train
23806,39627515387453363,train
23808,39627515387453381,train
23810,39627515395837302,train
23811,39627515395838897,train
23215,39627515450362798,train
23188,39627515467142146,train
664,39627515475527373,train
8612,39627515492304333,train
8520,39627515500696606,train
8523,39627515509083962,train
8526,39627515530057649,train
8527,39627515530058634,train
8528,39627515542636047,train
8501,39627515551023224,train
8508,39627515551026708,train
8503,39627515559415372,train
8506,39627515563607586,train
586,39627515597166198,train
8197,39627515597166198,train
8199,39627515601356695,train
8201,39627515630717553,train
8202,39627515630719551,train
8159,39627515647496910,train
23452,39627521028785010,train
24415,39627521032983175,train
24414,39627521032984133,train
24408,39627521062344569,train
24409,39627521062347164,train
24284,39627521087504870,train
24270,39627521100091743,train
24271,39627521104283740,train
24274,39627521112672522,train
24296,39627521121065286,train
24295,39627521125253669,train
24300,39627521129451653,train
24299,39627521129453198,train
24302,39627521133643008,train
24303,39627521133647712,train
24289,39627521133648397,train
24305,39627521137837299,train
23701,39627521163009150,train
23686,39627521209147527,train
5964,39627521221728140,train
23769,39627521251089110,train
23768,39627521255278771,train
23792,39627521263667593,train
23791,39627521267865359,train
23794,39627521272056364,train
5938,39627521288832985,train
23788,39627521293027928,train
23736,39627521301419014,train
23737,39627521301420032,train
23831,39627521318193775,train
23823,39627521330779920,train
23822,39627521339166204,train
23817,39627521339168300,train
23221,39627521355942531,train
23224,39627521355944411,train
23222,39627521355945469,train
23213,39627521381105784,train
23218,39627521385301723,train
5891,39627521389496422,train
8623,39627521402078234,train
8613,39627521423049225,train
8618,39627521435631808,train
8541,39627521448216533,train
8542,39627521456605650,train
8532,39627521485965563,train
8507,39627521490158728,train
8562,39627521498547216,train
8560,39627521502745357,train
8561,39627521506939737,train
8555,39627521523715930,train
8212,39627521548879302,train
8211,39627521553074777,train
8203,39627521557268764,train
8207,39627521574044580,train
8267,39627521582437267,train
8269,39627521595018219,train
24405,39627526988890998,train
24411,39627527005669217,train
24281,39627527018255342,train
24279,39627527018256409,train
24275,39627527047611554,train
24294,39627527060197672,train
24013,39627527148279008,train
23967,39627527165052548,train
23965,39627527173445695,train
5962,39627527190221252,train
23964,39627527190224251,train
23789,39627527198609049,train
23795,39627527215385124,train
23798,39627527219577829,train
23786,39627527219581557,train
23785,39627527219582143,train
23890,39627527244744529,train
23829,39627527244747457,train
23830,39627527253131423,train
23827,39627527257328481,train
23824,39627527265717426,train
23813,39627527269912021,train
23825,39627527274109806,train
23826,39627527274110236,train
23819,39627527278297172,train
23816,39627527278303475,train
23818,39627527286687117,train
23847,39627527286691880,train
23226,39627527295075026,train
5889,39627527311853185,train
23217,39627527324438306,train
5890,39627527324440832,train
667,39627527349601828,train
8620,39627527370573555,train
8537,39627527383159051,train
8538,39627527391545429,train
640,39627527399936186,train
8563,39627527433487216,train
649,39627527437683631,train
650,39627527446070096,train
8565,39627527446070601,train
8558,39627527454458094,train
8557,39627527454458411,train
647,39627527454462495,train
648,39627527471237160,train
8208,39627527508988585,train
8209,39627527513182677,train
8317,39627527521569825,train
8271,39627527529956762,train
8265,39627527529961093,train
8272,39627527538345946,train
8228,39627527571901822,train
8224,39627527588678225,train
8221,39627527597069294,train
8220,39627527605458176,train
24406,39627532936415971,train
24410,39627532940613831,train
24419,39627532940614226,train
24412,39627532944805838,train
24417,39627532948996744,train
24418,39627532948997800,train
24282,39627532957389757,train
24280,39627532957390326,train
24276,39627532986752938,train
24334,39627532995136659,train
24304,39627533007723040,train
24311,39627533041272849,train
23707,39627533079020833,train
23709,39627533083215098,train
5974,39627533091606351,train
24015,39627533095801311,train
5967,39627533108384948,train
23973,39627533108387651,train
23974,39627533116771812,train
23983,39627533133552516,train
23975,39627533137745780,train
23790,39627533141939448,train
23805,39627533154517470,train
23797,39627533154520097,train
23783,39627533175488726,train
5939,39627533175493575,train
23784,39627533175493575,train
23891,39627533179687044,train
23889,39627533183882020,train
23832,39627533196468135,train
5942,39627533225821065,train
23850,39627533225824014,train
23849,39627533230014675,train
23220,39627533238404056,train
23219,39627533238406248,train
23214,39627533259376683,train
8644,39627533276154040,train
672,39627533280347777,train
665,39627533284545149,train
8624,39627533301321581,train
8628,39627533326485552,train
8549,39627533339069195,train
8544,39627533343261110,train
8547,39627533347455790,train
8556,39627533401985100,train
8213,39627533418761281,train
8218,39627533439731266,train
8205,39627533448121093,train
8206,39627533448121210,train
8311,39627533460701296,train
8313,39627533460702095,train
589,39627533477484476,train
590,39627533490062486,train
8283,39627533511035064,train
8233,39627533527814410,train
8230,39627533532005521,train
8234,39627533532010362,train
8232,39627533536201026,train
8238,39627533536201723,train
24330,39627538951047603,train
23708,39627539026544487,train
24012,39627539030742161,train
23972,39627539051711922,train
5966,39627539051717324,train
23970,39627539068487566,train
23985,39627539072682780,train
23793,39627539093656043,train
5940,39627539093657387,train
23804,39627539097850086,train
23892,39627539118823255,train
5954,39627539123016833,train
23893,39627539131400800,train
23835,39627539139794334,train
23833,39627539148177493,train
23837,39627539152372772,train
23838,39627539152376309,train
23840,39627539160762975,train
23821,39627539160765491,train
23841,39627539160766011,train
5945,39627539164956601,train
23864,39627539164956603,train
23820,39627539164957898,train
23815,39627539164958842,train
23842,39627539164961095,train
23851,39627539169150476,train
5941,39627539181732946,train
8621,39627539232067702,train
8648,39627539232067837,train
8622,39627539236259271,train
8627,39627539261428898,train
8629,39627539274012049,train
644,39627539290785640,train
8548,39627539290785640,train
588,39627539378865143,train
8274,39627539429198340,train
8278,39627539441779100,train
8275,39627539441782701,train
8281,39627539445977334,train
8282,39627539462753513,train
8222,39627539487921920,train
8240,39627539496304908,train
8239,39627539496306018,train
8242,39627539496308059,train
8241,39627539500500995,train
10981,39627541606040068,train
24430,39627544835658856,train
24338,39627544881794294,train
24331,39627544894378210,train
24309,39627544936324149,train
24017,39627544986654926,train
24016,39627544986657071,train
23984,39627545024401803,train
23977,39627545028593575,train
23979,39627545032788885,train
23980,39627545032790640,train
5969,39627545032793598,train
23982,39627545036981885,train
23976,39627545036986778,train
23802,39627545045374530,train
23803,39627545049565037,train
23801,39627545062146484,train
5953,39627545074733388,train
23896,39627545087315411,train
23897,39627545091509151,train
5946,39627545112477828,train
23880,39627545112481258,train
23844,39627545120867789,train
23843,39627545120869997,train
8645,39627545171200538,train
8647,39627545175396301,train
8635,39627545204757146,train
8632,39627545225729590,train
643,39627545238309191,train
8581,39627545297029318,train
8571,39627545322198178,train
652,39627545326387306,train
8214,39627545326391619,train
8217,39627545334780291,train
8327,39627545338975447,train
8333,39627545343166408,train
8314,39627545351559665,train
8308,39627545355751947,train
8322,39627545368331927,train
8279,39627545380915905,train
8277,39627545380915920,train
8280,39627545380918208,train
8276,39627545385108115,train
8285,39627545401890362,train
8284,39627545410278677,train
8231,39627545422857867,train
8235,39627545427054924,train
8243,39627545439635802,train
17246,39627546857311181,train
10978,39627547561952997,train
24429,39627550783181698,train
24427,39627550787374016,train
24428,39627550787376331,train
24421,39627550799957874,train
5996,39627550896424465,train
24023,39627550925786958,train
5965,39627550959345452,train
23968,39627550959345452,train
23986,39627550984509988,train
23987,39627550988703654,train
23989,39627550992898056,train
23996,39627550992899458,train
23799,39627551009672317,train
23800,39627551009673176,train
23912,39627551018061572,train
23909,39627551026446837,train
23911,39627551030646828,train
23895,39627551034836734,train
23894,39627551034842009,train
23905,39627551043225357,train
23903,39627551043228195,train
23902,39627551047418701,train
23870,39627551060003445,train
23871,39627551060004102,train
23869,39627551064200113,train
23863,39627551064201129,train
675,39627551114527139,train
8657,39627551114527152,train
8654,39627551118721601,train
8655,39627551118722626,train
8646,39627551127113063,train
8626,39627551148084356,train
8634,39627551164863134,train
668,39627551173248347,train
669,39627551177443957,train
8543,39627551198414179,train
641,39627551198415182,train
8567,39627551269723095,train
8328,39627551294883506,train
8329,39627551294887536,train
8309,39627551315855112,train
596,39627551324243863,train
8320,39627551324245829,train
8298,39627551353602162,train
8292,39627551366187936,train
8289,39627551366189014,train
8288,39627551370380300,train
8286,39627551378772431,train
8251,39627551387161929,train
8252,39627551391351596,train
8253,39627551399739941,train
17254,39627552796446999,train
17253,39627552800637501,train
17250,39627552804834836,train
17251,39627552809027390,train
4061,39627552834191620,train
17243,39627552834193786,train
4046,39627552955827165,train
11121,39627553492699187,train
10979,39627553522060676,train
10980,39627553522062072,train
10994,39627553601752202,train
10993,39627553610138138,train
24431,39627556751677604,train
24437,39627556760060169,train
24424,39627556764256864,train
24426,39627556764258748,train
24336,39627556793616650,train
24335,39627556793617753,train
24363,39627556831366814,train
24317,39627556848140781,train
24320,39627556848146090,train
5997,39627556864917788,train
24315,39627556869113663,train
24312,39627556869117908,train
24021,39627556873313493,train
24019,39627556877507590,train
24022,39627556881701828,train
24036,39627556919452329,train
23990,39627556944615749,train
5972,39627556957192735,train
23992,39627556957194031,train
5970,39627556957195454,train
23993,39627556957195796,train
23991,39627556965581330,train
5971,39627556965581531,train
23904,39627556994943804,train
23900,39627556999140116,train
23898,39627557003330661,train
23931,39627557015913694,train
23930,39627557015917195,train
23872,39627557020110710,train
23875,39627557024306925,train
23866,39627557028496970,train
23861,39627557028497571,train
23859,39627557032693294,train
23854,39627557045272759,train
23855,39627557045274055,train
23852,39627557049468455,train
23853,39627557049468707,train
23857,39627557053664664,train
5944,39627557057857576,train
23856,39627557057857576,train
23858,39627557057859047,train
677,39627557066246738,train
8659,39627557066246738,train
8660,39627557066247818,train
8653,39627557074633596,train
676,39627557083022921,train
8658,39627557083022921,train
8662,39627557083027486,train
8649,39627557087216921,train
674,39627557091415023,train
8652,39627557091415023,train
8636,39627557112383400,train
8593,39627557200465145,train
8577,39627557204657270,train
8580,39627557213045360,train
8579,39627557213046130,train
8569,39627557229828254,train
8575,39627557234018302,train
651,39627557238212361,train
8576,39627557238214085,train
8570,39627557246600089,train
8325,39627557250795917,train
8332,39627557259182661,train
595,39627557284348414,train
8319,39627557284348414,train
8324,39627557284351856,train
593,39627557284353507,train
594,39627557288546901,train
8318,39627557288546918,train
8297,39627557313711344,train
8301,39627557317902581,train
8293,39627557322099877,train
8287,39627557326292480,train
8246,39627557343071650,train
8248,39627557347265567,train
8244,39627557355651176,train
8258,39627557359851181,train
17255,39627558748164887,train
4063,39627558752354801,train
17249,39627558760747988,train
17248,39627558764941125,train
17252,39627558781717163,train
17242,39627558794302860,train
17218,39627558878187295,train
17217,39627558882377829,train
17219,39627558886575592,train
10407,39627559062732961,train
1584,39627559352141790,train
11169,39627559352143755,train
11168,39627559356336942,train
11131,39627559419252719,train
11123,39627559444416290,train
1566,39627559452805796,train
11118,39627559473778897,train
11293,39627559486358436,train
24435,39627562715978257,train
24438,39627562720166939,train
24434,39627562724366368,train
24422,39627562732752504,train
24423,39627562732755902,train
24337,39627562753726678,train
24340,39627562762111737,train
24348,39627562766306807,train
24349,39627562766309921,train
24318,39627562804053317,train
24319,39627562804056946,train
24325,39627562820833092,train
24313,39627562829222614,train
24530,39627562829224784,train
24314,39627562833413576,train
24526,39627562837610506,train
24516,39627562841805019,train
24517,39627562845995421,train
24020,39627562845999932,train
24018,39627562846000438,train
24025,39627562854390944,train
24028,39627562862776293,train
24029,39627562862776845,train
24037,39627562879556188,train
24035,39627562887941731,train
24000,39627562917298371,train
5955,39627562942465182,train
23915,39627562950854764,train
23914,39627562950856430,train
23928,39627562976020816,train
23927,39627562980213814,train
23862,39627562984412060,train
23874,39627562988606795,train
23873,39627562992796758,train
23860,39627562992798588,train
23876,39627562992799281,train
23888,39627562996990275,train
23883,39627563005379039,train
9486,39627563017964391,train
8656,39627563034744677,train
673,39627563059909091,train
8677,39627563064102110,train
8675,39627563068296624,train
8678,39627563072488643,train
8671,39627563072489466,train
8674,39627563076683875,train
8633,39627563085075359,train
8642,39627563093463796,train
8630,39627563101848683,train
8631,39627563106043862,train
8715,39627563122822719,train
657,39627563139597504,train
8594,39627563164762892,train
8578,39627563181541381,train
8586,39627563185733759,train
8574,39627563194126691,train
8573,39627563198322133,train
8331,39627563227679799,train
8321,39627563248655071,train
8295,39627563265431439,train
8304,39627563278012141,train
8303,39627563286400666,train
8294,39627563290597838,train
8249,39627563311568946,train
8250,39627563315761081,train
8247,39627563319954284,train
8245,39627563319954914,train
4066,39627564720850046,train
17256,39627564720850046,train
4064,39627564729241812,train
17263,39627564741824741,train
17262,39627564754404686,train
4067,39627564754406365,train
17245,39627564758599744,train
17244,39627564762798283,train
4074,39627564792156337,train
17220,39627564855068794,train
17222,39627564863458902,train
4050,39627564863459376,train
4051,39627564871845461,train
10284,39627565190611623,train
10283,39627565194808365,train
11175,39627565308053155,train
11174,39627565312249589,train
11167,39627565316440499,train
1572,39627565375164385,train
11138,39627565375165416,train
1575,39627565383551653,train
11130,39627565383553009,train
1574,39627565387743977,train
11133,39627565396133473,train
1567,39627565417105310,train
11127,39627565421299452,train
11125,39627565425496431,train
11116,39627565429691158,train
11117,39627565433881205,train
11120,39627565442270032,train
11287,39627565446465275,train
11288,39627565446465435,train
24439,39627568684470801,train
24433,39627568697049664,train
24445,39627568701246822,train
24442,39627568713831508,train
24339,39627568722218608,train
24344,39627568734802379,train
24350,39627568734802998,train
24342,39627568743192320,train
24343,39627568743193484,train
24364,39627568764163550,train
24365,39627568764164186,train
24362,39627568764164576,train
24361,39627568768355339,train
24383,39627568768356445,train
5999,39627568768358663,train
24328,39627568768358663,train
6000,39627568789328749,train
24531,39627568797715377,train
24520,39627568810300018,train
24518,39627568814490863,train
24521,39627568814491699,train
24027,39627568818685174,train
24030,39627568818688201,train
24026,39627568822883049,train
24038,39627568843854605,train
24034,39627568856438395,train
24042,39627568860627243,train
24004,39627568864823766,train
24002,39627568864825032,train
24001,39627568873210756,train
24008,39627568873211677,train
24010,39627568881601150,train
23918,39627568919352398,train
23920,39627568923546514,train
23907,39627568931934086,train
23908,39627568931934183,train
23924,39627568940322171,train
23925,39627568940323697,train
23929,39627568952904454,train
5950,39627568952905306,train
5956,39627568957097726,train
23885,39627568969682179,train
23884,39627568969683486,train
23881,39627568973875694,train
8665,39627569015820931,train
8664,39627569020014088,train
8663,39627569020015526,train
8673,39627569032594497,train
8676,39627569040985901,train
8643,39627569049375955,train
8639,39627569061954684,train
685,39627569074538142,train
8717,39627569074538142,train
8591,39627569124870963,train
658,39627569133259904,train
8595,39627569133260352,train
8596,39627569137456372,train
655,39627569154230285,train
733,39627569171009954,train
8813,39627569175205483,train
8337,39627569191981919,train
8336,39627569204561837,train
598,39627569204564094,train
8339,39627569208756245,train
601,39627569208759430,train
8352,39627569208759430,train
600,39627569221337653,train
8345,39627569221337653,train
8344,39627569229727066,train
8296,39627569238115130,train
8306,39627569238117818,train
8360,39627569259091193,train
24984,39627570328633703,train
6036,39627570374772505,train
17437,39627570668374341,train
17438,39627570676761456,train
17257,39627570697733399,train
17264,39627570710316114,train
17261,39627570722899366,train
17227,39627570802592819,train
17224,39627570802593569,train
17226,39627570810980240,train
17228,39627570815172797,train
17229,39627570819369387,train
4052,39627570823565879,train
4048,39627570844536464,train
1339,39627570907451074,train
10428,39627570932616669,train
1334,39627570936810591,train
10288,39627571154914100,train
10282,39627571159108603,train
10292,39627571175885256,train
10293,39627571180079629,train
11166,39627571289129805,train
11171,39627571301716110,train
1585,39627571305906673,train
11173,39627571305906673,train
11134,39627571352045940,train
11135,39627571352047833,train
1578,39627571364627432,train
11143,39627571377214722,train
1569,39627571385598498,train
11129,39627571385599660,train
11128,39627571385600444,train
11124,39627571398183397,train
11290,39627571414959350,train
11289,39627571419157064,train
24463,39627574669740501,train
24459,39627574673937992,train
24454,39627574694904688,train
24453,39627574694910309,train
24352,39627574703295708,train
24346,39627574711686302,train
24355,39627574728460488,train
24354,39627574728460750,train
24353,39627574728463154,train
24357,39627574728464864,train
24384,39627574741047646,train
24324,39627574757819365,train
24322,39627574762014196,train
24554,39627574762018758,train
24544,39627574766212831,train
24529,39627574770404448,train
24528,39627574770406018,train
24522,39627574774600699,train
24525,39627574778790836,train
24527,39627574778792302,train
24523,39627574778792897,train
24032,39627574803956084,train
24039,39627574816541299,train
24041,39627574816544806,train
24052,39627574833319875,train
24005,39627574845899700,train
23997,39627574845903021,train
5973,39627574850094082,train
23998,39627574850094082,train
24009,39627574850096901,train
24086,39627574854289638,train
24091,39627574858482671,train
23916,39627574892042042,train
23919,39627574896230921,train
23922,39627574896233392,train
23917,39627574896234262,train
23923,39627574896235057,train
23943,39627574904623214,train
23949,39627574908814173,train
23936,39627574925592354,train
23887,39627574938176216,train
1024,39627574950757230,train
9503,39627574954953455,train
9489,39627574959147279,train
9493,39627574959148247,train
9490,39627574963341622,train
9487,39627574967535331,train
9499,39627574975922730,train
8666,39627574980120945,train
8661,39627574984311860,train
679,39627574988508995,train
8672,39627575013674604,train
8689,39627575022060475,train
8640,39627575034648388,train
8641,39627575038839257,train
684,39627575059810140,train
8716,39627575059811216,train
8718,39627575068199360,train
8601,39627575089171732,train
654,39627575131112246,train
8585,39627575135306923,train
740,39627575139502896,train
734,39627575147890141,train
8340,39627575168863970,train
8338,39627575177252749,train
8302,39627575219192778,train
8307,39627575223389352,train
8379,39627575231777016,train
8362,39627575240165311,train
8363,39627575240167766,train
8364,39627575244357852,train
8373,39627575256941925,train
8256,39627575265329901,train
8259,39627575265332070,train
8255,39627575265332100,train
8264,39627575273719906,train
24985,39627576297131762,train
24981,39627576330685230,train
24982,39627576339075410,train
6041,39627576351654725,train
25004,39627576351659555,train
25001,39627576376824369,train
6033,39627576397794380,train
24969,39627576422960095,train
17276,39627576674616973,train
17258,39627576691394091,train
17268,39627576695590989,train
4078,39627576720756551,train
4079,39627576724948868,train
17283,39627576733337759,train
17281,39627576733340604,train
4075,39627576741726362,train
4076,39627576745919228,train
17237,39627576771084862,train
17234,39627576775279659,train
4055,39627576796250334,train
10430,39627576875946916,train
10429,39627576880139565,train
10432,39627576884332788,train
1336,39627576901109367,train
1346,39627576909499444,train
10451,39627576913693845,train
1345,39627576934666352,train
10416,39627576959831294,train
10406,39627576972415221,train
10409,39627576976607049,train
1331,39627576984995445,train
10415,39627576984995445,train
10315,39627577098242928,train
10308,39627577119214336,train
10309,39627577119215770,train
10285,39627577135992210,train
10290,39627577152771412,train
14410,39627577190515101,train
1588,39627577245041117,train
11179,39627577245045219,train
1586,39627577245045425,train
11178,39627577253429893,train
11177,39627577253431062,train
1597,39627577291181399,train
11139,39627577316346211,train
11140,39627577320539643,train
11136,39627577320540727,train
11142,39627577320542191,train
1573,39627577324732686,train
11137,39627577324733317,train
11144,39627577333126541,train
1576,39627577337315865,train
1577,39627577337319751,train
11145,39627577345704519,train
1570,39627577362482821,train
1571,39627577362484393,train
11302,39627577375066449,train
1644,39627577379261861,train
1640,39627577396037197,train
11292,39627577396037197,train
10986,39627577517670691,train
10982,39627577521865951,train
11809,39627577584783305,train
24460,39627580650819187,train
24461,39627580650822007,train
24450,39627580675985842,train
24448,39627580675986716,train
24347,39627580680177241,train
24388,39627580684373320,train
24387,39627580692759728,train
24386,39627580692766513,train
24356,39627580705345340,train
24366,39627580705349360,train
6002,39627580705349944,train
24381,39627580709538898,train
24370,39627580709541488,train
24382,39627580709543416,train
24385,39627580713735121,train
24371,39627580722122596,train
24323,39627580722124438,train
24549,39627580730510369,train
24548,39627580747292204,train
24524,39627580751483306,train
24533,39627580759873728,train
24539,39627580764064352,train
24532,39627580764065818,train
24534,39627580768259864,train
24065,39627580780839262,train
24047,39627580806006185,train
24045,39627580806009766,train
24046,39627580810199690,train
24051,39627580810199747,train
24055,39627580810203454,train
24050,39627580814394433,train
24056,39627580814396853,train
24057,39627580814397222,train
24058,39627580814398319,train
24006,39627580814399990,train
23999,39627580818592439,train
24094,39627580835366795,train
24089,39627580839565027,train
23944,39627580877312781,train
23946,39627580885697309,train
23937,39627580898281164,train
23932,39627580906668167,train
5960,39627580906669116,train
23938,39627580906669116,train
23934,39627580910863033,train
1022,39627580923446198,train
9504,39627580923447040,train
9505,39627580931834089,train
9491,39627580936034226,train
9492,39627580940222594,train
9498,39627580944417573,train
9497,39627580952808180,train
9495,39627580952809244,train
8700,39627580965389050,train
8694,39627580965392180,train
8698,39627580973781136,train
680,39627580986361292,train
8692,39627580986361974,train
8691,39627580990555355,train
8682,39627580994752541,train
8686,39627580998945267,train
671,39627581007337503,train
687,39627581036695700,train
8721,39627581036695700,train
688,39627581049275094,train
8722,39627581049278538,train
8590,39627581053470043,train
8821,39627581103805073,train
741,39627581107996069,train
8814,39627581124774209,train
8818,39627581141552087,train
8341,39627581149940313,train
8355,39627581154134720,train
8347,39627581187690057,train
8381,39627581208659489,train
8368,39627581229629949,train
8367,39627581233826672,train
8260,39627581246409703,train
25111,39627582194323924,train
25108,39627582206907699,train
24983,39627582269818289,train
6037,39627582303374019,train
24986,39627582303374019,train
25010,39627582320151396,train
25013,39627582320154199,train
25014,39627582324343594,train
25012,39627582324348164,train
25007,39627582332734632,train
25003,39627582345320103,train
24999,39627582353705945,train
24970,39627582366288349,train
6032,39627582378871325,train
19076,39627582429202315,train
17358,39627582475341599,train
17366,39627582538256220,train
17346,39627582555030366,train
17348,39627582567613437,train
17349,39627582567614023,train
17439,39627582622140043,train
4071,39627582643113684,train
17271,39627582643113684,train
17272,39627582651501990,train
17273,39627582651501998,train
17278,39627582655697619,train
17260,39627582668277941,train
4069,39627582672471794,train
17269,39627582680862823,train
17282,39627582714417635,train
17286,39627582718611409,train
17285,39627582722802385,train
17236,39627582743777613,train
17232,39627582764746404,train
17221,39627582781525566,train
17727,39627582785719690,train
1341,39627582848633502,train
10439,39627582848633502,train
1338,39627582852827656,train
1340,39627582861216446,train
10433,39627582869604232,train
1337,39627582873801344,train
10452,39627582890577219,train
1348,39627582894772846,train
10449,39627582907354832,train
10417,39627582928325078,train
10410,39627582953488687,train
10413,39627582966074112,train
10318,39627583066736493,train
10314,39627583079318705,train
10311,39627583087710556,train
10310,39627583091900879,train
10312,39627583100291074,train
10294,39627583121265287,train
14409,39627583167398105,train
14408,39627583179980982,train
14407,39627583188373705,train
14401,39627583196759132,train
11186,39627583217734325,train
11185,39627583226119525,train
1587,39627583238704919,train
1598,39627583251287555,train
11202,39627583251287555,train
1599,39627583251288657,train
11203,39627583251288657,train
1601,39627583251289006,train
1600,39627583255480840,train
11201,39627583259675445,train
1596,39627583280647260,train
11195,39627583280647260,train
11199,39627583284839062,train
11147,39627583322592838,train
11148,39627583330976588,train
1645,39627583347757362,train
11300,39627583351950154,train
11301,39627583356141921,train
1643,39627583356146494,train
11308,39627583356146494,train
11294,39627583364531067,train
11298,39627583385502182,train
1535,39627583431641129,train
10995,39627583431644461,train
24456,39627586631894867,train
24455,39627586631898393,train
24457,39627586636089219,train
24466,39627586636089298,train
24447,39627586644477129,train
24482,39627586661257304,train
24389,39627586661259879,train
24398,39627586686421939,train
6003,39627586686423844,train
6004,39627586686423864,train
24372,39627586694808601,train
24378,39627586694814459,train
24374,39627586699006010,train
24542,39627586715781410,train
6005,39627586715781415,train
24543,39627586715781415,train
24541,39627586715781653,train
24550,39627586715785043,train
24546,39627586724172936,train
24547,39627586728368543,train
24556,39627586728369375,train
24561,39627586732562115,train
24536,39627586740949333,train
24538,39627586745143402,train
24064,39627586761917396,train
24062,39627586770305541,train
24060,39627586770308203,train
24061,39627586774500237,train
24074,39627586778694866,train
24073,39627586778695364,train
24075,39627586778698849,train
24049,39627586778699449,train
24070,39627586782889843,train
5975,39627586787085519,train
24129,39627586799668561,train
24123,39627586803860948,train
24092,39627586803861297,train
24087,39627586808057918,train
24088,39627586820637338,train
5977,39627586824833324,train
24112,39627586824833325,train
24107,39627586824834388,train
5978,39627586824835351,train
24109,39627586824835351,train
24079,39627586837414793,train
24081,39627586841609478,train
23941,39627586858386503,train
23953,39627586870975001,train
5957,39627586879361345,train
5959,39627586887746314,train
23933,39627586887750655,train
9547,39627586891944394,train
1023,39627586912917635,train
9519,39627586917111749,train
9494,39627586929688705,train
8704,39627586946467043,train
8696,39627586950665822,train
682,39627586954855958,train
8705,39627586954859415,train
8706,39627586959050340,train
8697,39627586959052516,train
8707,39627586967437676,train
8684,39627586971634385,train
8683,39627586971634580,train
8690,39627586971635159,train
8681,39627586975830075,train
8685,39627586980021864,train
8719,39627587017774314,train
686,39627587026161128,train
695,39627587034549136,train
8720,39627587034549196,train
8738,39627587034552793,train
8737,39627587038741865,train
8602,39627587042938180,train
661,39627587059714759,train
662,39627587059716067,train
8598,39627587063912342,train
659,39627587076489888,train
8597,39627587080684163,train
8824,39627587089075208,train
8826,39627587093268350,train
742,39627587097465670,train
8829,39627587105851536,train
737,39627587122632030,train
8819,39627587126820959,train
8839,39627587126824025,train
8354,39627587143603479,train
8353,39627587147795308,train
8346,39627587172960403,train
8348,39627587172960497,train
607,39627587177153799,train
8376,39627587181348942,train
606,39627587181349112,train
8380,39627587193932165,train
8378,39627587193932924,train
8372,39627587202319798,train
8369,39627587210708377,train
8371,39627587210710233,train
8365,39627587214905901,train
8263,39627587231680451,train
25113,39627588175400667,train
25107,39627588183788427,train
6082,39627588187982284,train
25109,39627588196370376,train
25110,39627588196371120,train
24988,39627588276062825,train
24995,39627588276063683,train
24990,39627588280256703,train
24991,39627588280258941,train
25015,39627588301227728,train
25008,39627588309618181,train
25002,39627588334781895,train
6039,39627588334782467,train
25000,39627588334782467,train
6045,39627588343170120,train
24966,39627588372529317,train
24967,39627588380918949,train
24968,39627588385112642,train
19109,39627588389310156,train
19078,39627588401893279,train
19079,39627588414474004,train
4112,39627588448028429,train
17361,39627588460609813,train
17388,39627588481585725,train
4125,39627588485779316,train
17441,39627588582246736,train
17443,39627588594831298,train
17275,39627588632576227,train
17277,39627588636773424,train
17279,39627588645161918,train
4070,39627588649357751,train
4068,39627588661936243,train
17265,39627588661942594,train
17284,39627588708074731,train
17235,39627588729049276,train
4057,39627588729049288,train
17233,39627588737438150,train
17753,39627588762602746,train
4289,39627588779379845,train
17728,39627588808739180,train
10436,39627588812933748,train
1342,39627588817127317,train
10442,39627588821322845,train
10438,39627588829713114,train
10434,39627588854874433,train
10435,39627588854876555,train
10453,39627588867458268,train
1349,39627588875849353,train
10450,39627588888430842,train
10422,39627588909400553,train
1332,39627588909401071,train
10421,39627588913594517,train
10420,39627588913596281,train
10419,39627588921985849,train
10414,39627588942959038,train
10301,39627589035229618,train
10354,39627589043620300,train
10319,39627589047814477,train
10353,39627589047815268,train
10317,39627589064589338,train
10320,39627589064590068,train
10313,39627589072981097,train
10296,39627589106533696,train
1310,39627589110727031,train
14429,39627589140087836,train
2813,39627589140089206,train
14433,39627589140089206,train
2794,39627589161060250,train
14397,39627589161063674,train
14398,39627589165258133,train
14402,39627589169448985,train
14403,39627589177835663,train
14400,39627589177837269,train
14405,39627589177838949,train
11183,39627589211393180,train
11198,39627589270112204,train
11200,39627589270112211,train
11197,39627589270113743,train
11196,39627589270113847,train
11156,39627589286890150,train
11165,39627589299475509,train
11154,39627589303668137,train
11155,39627589312056173,train
11149,39627589316250025,train
11151,39627589316251094,train
11152,39627589316251267,train
11303,39627589333027065,train
11297,39627589349807273,train
1651,39627589353997277,train
1641,39627589353998029,train
11295,39627589358191159,train
11051,39627589416915189,train
11007,39627589421109800,train
11008,39627589425302229,train
11006,39627589425302783,train
11012,39627589433691577,train
11003,39627589446272752,train
10999,39627589458855820,train
1530,39627589479826493,train
1531,39627589479826497,train
10984,39627589479826529,train
1532,39627589479828264,train
10987,39627589488214121,train
1825,39627589538547602,train
11808,39627589551130744,train
1824,39627589555323696,train
11807,39627589555323696,train
26746,39627589668571846,train
24462,39627592608783970,train
24465,39627592617171666,train
24464,39627592617173102,train
24469,39627592621362230,train
24451,39627592629750839,train
24452,39627592633943392,train
24471,39627592638143510,train
24476,39627592638144295,train
24472,39627592642333626,train
24473,39627592642335917,train
24474,39627592642338828,train
24397,39627592671691087,train
24390,39627592675887922,train
24380,39627592680081784,train
24376,39627592680082057,train
24379,39627592680084237,train
24375,39627592680086354,train
24607,39627592688471156,train
24552,39627592701056891,train
24553,39627592705247396,train
24551,39627592705248830,train
24560,39627592709446148,train
24559,39627592713634343,train
24558,39627592713635086,train
24562,39627592713637994,train
24566,39627592722024792,train
24537,39627592722027720,train
24535,39627592726221331,train
24574,39627592730415694,train
24575,39627592734606130,train
24576,39627592742998138,train
24063,39627592751384490,train
24076,39627592759776097,train
24077,39627592763968516,train
24059,39627592772354682,train
24054,39627592776550461,train
24130,39627592789135741,train
24093,39627592793327685,train
5976,39627592801716535,train
24102,39627592801718394,train
24080,39627592818496709,train
23940,39627592843659950,train
23951,39627592847852691,train
23954,39627592852049851,train
9550,39627592868827705,train
9551,39627592873017810,train
9556,39627592873021078,train
9553,39627592877214201,train
9552,39627592877214848,train
9554,39627592877215452,train
9506,39627592889794812,train
9507,39627592889798149,train
9508,39627592889799809,train
9509,39627592893990219,train
9510,39627592898189631,train
9511,39627592902377604,train
9522,39627592914962958,train
9525,39627592923351900,train
9521,39627592927545544,train
8702,39627592931741528,train
706,39627592969489171,train
705,39627592969490103,train
8723,39627592982071777,train
8726,39627592986268310,train
692,39627592998847016,train
8725,39627592998847016,train
8735,39627593015629910,train
8603,39627593049182516,train
660,39627593053376552,train
8599,39627593053376552,train
8872,39627593061761104,train
8870,39627593061762560,train
752,39627593065958922,train
8874,39627593065958922,train
735,39627593099510904,train
8835,39627593107899923,train
8840,39627593112093839,train
8836,39627593112094792,train
8838,39627593112096511,train
8356,39627593124676574,train
602,39627593124676579,train
8359,39627593141454756,train
8416,39627593166619470,train
8382,39627593170813253,train
8384,39627593175007596,train
8383,39627593179205252,train
8387,39627593179206336,train
8374,39627593187594404,train
8375,39627593191785625,train
8370,39627593195983135,train
8262,39627593212757800,train
25189,39627594190030271,train
24993,39627594248751117,train
24997,39627594265528362,train
25009,39627594294890354,train
6040,39627594299081427,train
25024,39627594324252518,train
6044,39627594328442710,train
25025,39627594328446514,train
24978,39627594341028679,train
24965,39627594361996585,train
19104,39627594370386205,train
19080,39627594395554039,train
17359,39627594437494452,train
4113,39627594441689577,train
17360,39627594454270765,train
4111,39627594458468240,train
17357,39627594458468706,train
17389,39627594475241645,train
4115,39627594500413848,train
17365,39627594500413848,train
17347,39627594521382964,train
17350,39627594525575543,train
17354,39627594533964823,train
17465,39627594554935228,train
17445,39627594575908981,train
4145,39627594588489458,train
17451,39627594588489458,train
17274,39627594622043179,train
17267,39627594638824402,train
17288,39627594672375928,train
17291,39627594676572000,train
17292,39627594680764386,train
17290,39627594689151549,train
4086,39627594697544613,train
17297,39627594697544613,train
4059,39627594722711015,train
17241,39627594722711015,train
17230,39627594735290762,train
4054,39627594739485782,train
4303,39627594743680900,train
10441,39627594806597040,train
1343,39627594823372111,train
10457,39627594861119697,train
10456,39627594861122312,train
10460,39627594865314949,train
10462,39627594865315017,train
10459,39627594869511471,train
10448,39627594877899169,train
10427,39627594919841525,train
1329,39627594924033111,train
10412,39627594924033117,train
10534,39627594940811909,train
10305,39627595007921176,train
10352,39627595028891960,train
10350,39627595037279874,train
10322,39627595075027609,train
10321,39627595075030820,train
10295,39627595087611694,train
1311,39627595100194192,train
2793,39627595133749108,train
14411,39627595133749108,train
14414,39627595150527759,train
14404,39627595158918778,train
1590,39627595192468899,train
1595,39627595192471893,train
11190,39627595196662858,train
11226,39627595209248453,train
1619,39627595221830491,train
11227,39627595221831121,train
11204,39627595246994455,train
1607,39627595259581719,train
11206,39627595259581719,train
1604,39627595259582053,train
1606,39627595263774370,train
11157,39627595272164149,train
11158,39627595276355360,train
11146,39627595297326904,train
11153,39627595297328516,train
11337,39627595309911222,train
11306,39627595322494831,train
1642,39627595322495116,train
1649,39627595326689250,train
11311,39627595330881760,train
11312,39627595335076758,train
11296,39627595351851848,train
11046,39627595410572505,train
11011,39627595418960938,train
11016,39627595423157301,train
11015,39627595431547814,train
11002,39627595435740453,train
11001,39627595435741273,train
1540,39627595452518181,train
11019,39627595452518964,train
1529,39627595460906007,train
10991,39627595469293522,train
1834,39627595498655688,train
11832,39627595502849935,train
26744,39627595645456642,train
26745,39627595649652555,train
26752,39627595658041406,train
26806,39627595712563378,train
26805,39627595712564225,train
24468,39627598606639159,train
24508,39627598619216935,train
24470,39627598631802517,train
24475,39627598640191903,train
24485,39627598644385711,train
24395,39627598644387538,train
24394,39627598648582098,train
24393,39627598656966830,train
6007,39627598665355391,train
24605,39627598686324235,train
24603,39627598690519028,train
24568,39627598694715120,train
24564,39627598694715218,train
24563,39627598694716583,train
24565,39627598707301267,train
24557,39627598711491775,train
24567,39627598711492618,train
24591,39627598715684064,train
24570,39627598719877164,train
24569,39627598719881155,train
24572,39627598736655908,train
24078,39627598745047465,train
24067,39627598757630829,train
24043,39627598761823529,train
24141,39627598761823911,train
24125,39627598770210717,train
24124,39627598774407358,train
24127,39627598774408164,train
24105,39627598786989290,train
24104,39627598791180870,train
24106,39627598791183346,train
24108,39627598795376144,train
24103,39627598795377006,train
24096,39627598795379328,train
24110,39627598799573315,train
23952,39627598837321259,train
9555,39627598858289850,train
9523,39627598908622382,train
9529,39627598925400771,train
8701,39627598925401019,train
8708,39627598925403507,train
8711,39627598933790158,train
8712,39627598933790580,train
8709,39627598937983726,train
683,39627598942179746,train
8714,39627598942180002,train
8768,39627598954762887,train
704,39627598963149780,train
8767,39627598963149780,train
8769,39627598967344110,train
693,39627598984121259,train
8731,39627598984121259,train
8730,39627598988314615,train
8727,39627598992509178,train
8736,39627599009285654,train
8605,39627599021873046,train
8606,39627599034450400,train
8885,39627599042839459,train
753,39627599047034642,train
743,39627599072201261,train
8832,39627599072201261,train
8831,39627599076398145,train
8827,39627599084787369,train
8830,39627599088976336,train
8816,39627599088978117,train
739,39627599088978291,train
8815,39627599088978291,train
744,39627599093173798,train
8834,39627599093173798,train
8837,39627599097366407,train
8841,39627599109950855,train
745,39627599109951777,train
8357,39627599122534009,train
604,39627599130919560,train
8412,39627599143507278,train
8413,39627599147696586,train
605,39627599160281002,train
8423,39627599160283299,train
25115,39627600145945363,train
25116,39627600150137276,train
25190,39627600171108046,train
25163,39627600192079625,train
25162,39627600204661352,train
25161,39627600204664051,train
24996,39627600254995815,train
25057,39627600263386301,train
25059,39627600267581135,train
6063,39627600271770457,train
25060,39627600271774159,train
25021,39627600313714647,train
25020,39627600313716019,train
25023,39627600313717742,train
25027,39627600326296925,train
24976,39627600334689216,train
24980,39627600343076479,train
24973,39627600347270588,train
19108,39627600359852835,train
4915,39627600364046143,train
4914,39627600368241179,train
19106,39627600368241179,train
19081,39627600385020361,train
19097,39627600401793164,train
17362,39627600426959339,train
17405,39627600447930848,train
17385,39627600452129433,train
17387,39627600456323143,train
17390,39627600464709196,train
4124,39627600468902130,train
17367,39627600477293010,train
17375,39627600515044392,train
17351,39627600523431598,train
4110,39627600527624975,train
4153,39627600556984156,train
17467,39627600556984156,train
17469,39627600561179403,train
17442,39627600565371941,train
17448,39627600577954645,train
17446,39627600577956036,train
17455,39627600611509026,train
17453,39627600611509808,train
17314,39627600636679493,train
17317,39627600653454243,train
4082,39627600674427147,train
17293,39627600674427147,train
4084,39627600674427158,train
17294,39627600678617302,train
4085,39627600699593604,train
4304,39627600737339994,train
17733,39627600775090221,train
17732,39627600779284377,train
17731,39627600779284957,train
4291,39627600787674673,train
4292,39627600791867884,train
4293,39627600796062373,train
10445,39627600808640989,train
10444,39627600808644935,train
10503,39627600821226099,train
1364,39627600825421359,train
10496,39627600842196023,train
10483,39627600842197639,train
10454,39627600842200184,train
10495,39627600842200465,train
10487,39627600842201188,train
1351,39627600867360830,train
10477,39627600867362222,train
10464,39627600879949941,train
1354,39627600884142939,train
10465,39627600888332692,train
1353,39627600888333094,train
10425,39627600900918860,train
10423,39627600900918900,train
10426,39627600909307934,train
10411,39627600913501609,train
1393,39627600917693467,train
1389,39627600921890038,train
10538,39627600921890038,train
10535,39627600934471464,train
10307,39627600984807355,train
10304,39627601001580240,train
10363,39627601030942067,train
10324,39627601072885691,train
10329,39627601077080978,train
1312,39627601098051966,train
2812,39627601110632118,train
14430,39627601110632118,train
14432,39627601119019977,train
14431,39627601119021883,train
2814,39627601123214336,train
14412,39627601139991716,train
2795,39627601144189230,train
2803,39627601148381679,train
2797,39627601156771647,train
11192,39627601173549381,train
11191,39627601177741801,train
1591,39627601177744293,train
11193,39627601177744293,train
11187,39627601181938805,train
1593,39627601186131167,train
1589,39627601186132210,train
11232,39627601194518119,train
11237,39627601194518128,train
11182,39627601194519649,train
1627,39627601194519676,train
11220,39627601202905234,train
11228,39627601207102148,train
11224,39627601211295596,train
1602,39627601223877261,train
11205,39627601236464121,train
1610,39627601240657577,train
1603,39627601249046267,train
1582,39627601270015957,train
1583,39627601274209203,train
11164,39627601278403731,train
11163,39627601278405979,train
1580,39627601278407841,train
1579,39627601286793031,train
11342,39627601303571472,train
11340,39627601303571584,train
1664,39627601307768019,train
11310,39627601316153359,train
11322,39627601337124754,train
1539,39627601370678341,train
1537,39627601370679874,train
1538,39627601379066860,train
10997,39627601379066860,train
1536,39627601379068507,train
1545,39627601383264727,train
11050,39627601383264727,train
11047,39627601387457854,train
11049,39627601387457967,train
11041,39627601391650409,train
11009,39627601404235018,train
11053,39627601404235330,train
11010,39627601404236100,train
11020,39627601429399920,train
1541,39627601429402280,train
11018,39627601437791096,train
11017,39627601450371504,train
11831,39627601492315906,train
11833,39627601496509993,train
11811,39627601513285393,train
26748,39627601643309709,train
26751,39627601647505070,train
26750,39627601655893635,train
26827,39627601676866022,train
26825,39627601681058785,train
26804,39627601697838805,train
26802,39627601702029986,train
26807,39627601714611167,train
24510,39627604612876157,train
24506,39627604617070701,train
24396,39627604650623325,train
24617,39627604654822504,train
24608,39627604671594865,train
24609,39627604671601011,train
24610,39627604684180721,train
24595,39627604705150959,train
24594,39627604709344330,train
24573,39627604713541005,train
24581,39627604726124354,train
24582,39627604730315703,train
24578,39627604730318721,train
24068,39627604742900284,train
24142,39627604742902964,train
24140,39627604747095627,train
24149,39627604755483500,train
24126,39627604768065733,train
24133,39627604768067245,train
24100,39627604789039239,train
24101,39627604793229376,train
24120,39627604797427867,train
23955,39627604835175323,train
23956,39627604839367096,train
9575,39627604843561124,train
9548,39627604851952622,train
9557,39627604851952854,train
9558,39627604864533464,train
9514,39627604872926520,train
9534,39627604893894512,train
1026,39627604902283203,train
8710,39627604923254216,train
8765,39627604952617302,train
8771,39627604965196187,train
694,39627604977779430,train
8732,39627604990366731,train
8733,39627604994557547,train
696,39627605002944714,train
8742,39627605002950510,train
697,39627605011337525,train
8884,39627605032310153,train
8878,39627605061666238,train
8844,39627605095224544,train
603,39627605107807033,train
8414,39627605137167483,train
8420,39627605149746927,train
8385,39627605153945665,train
8386,39627605166522853,train
8393,39627605195886301,train
25196,39627606156383048,train
25199,39627606164767947,train
25188,39627606168964752,train
25195,39627606181544774,train
25164,39627606198325305,train
6101,39627606206715274,train
6038,39627606240265068,train
25065,39627606252851813,train
25069,39627606252853162,train
25062,39627606278012995,train
6066,39627606278013741,train
25061,39627606278013741,train
25047,39627606298989063,train
6050,39627606315765933,train
25031,39627606315765933,train
24977,39627606328347918,train
6035,39627606336734452,train
24979,39627606336734452,train
19105,39627606357706215,train
19103,39627606357707760,train
19113,39627606366098873,train
19082,39627606387065043,train
19090,39627606387069619,train
19094,39627606391260786,train
19092,39627606391262242,train
19091,39627606395455692,train
19088,39627606420620377,train
17364,39627606424815575,train
4132,39627606441591362,train
17386,39627606445789396,train
17391,39627606454175408,train
17398,39627606466758797,train
17368,39627606475150019,train
17380,39627606479345291,train
17369,39627606483534005,train
17381,39627606487730146,train
4118,39627606496121021,train
4117,39627606500312073,train
17372,39627606500312073,train
17374,39627606500314432,train
17475,39627606533866216,train
17473,39627606554839429,train
17472,39627606554841106,train
4151,39627606580006683,train
4152,39627606584197781,train
17452,39627606600974480,train
17280,39627606613561735,train
17318,39627606634531159,train
17321,39627606651308623,train
4083,39627606663891403,train
17295,39627606684863624,train
17300,39627606689060566,train
4087,39627606693254211,train
17301,39627606701641278,train
4058,39627606710030384,train
17760,39627606726803562,train
4305,39627606739390459,train
17757,39627606739390459,train
17743,39627606764553041,train
17730,39627606777140275,train
17734,39627606785524826,train
10446,39627606806496077,train
10443,39627606806499778,train
1363,39627606823274970,train
10491,39627606831663029,train
10489,39627606835859950,train
10497,39627606840051199,train
10466,39627606869410003,train
10472,39627606877803810,train
1356,39627606890381626,train
1357,39627606890383115,train
10468,39627606890383115,train
1333,39627606894581331,train
1391,39627606902968908,train
10548,39627606907161131,train
10545,39627606911354529,train
1388,39627606923938300,train
10541,39627606928131568,train
10303,39627606995240234,train
10368,39627606995241279,train
10355,39627607016215786,train
10358,39627607024600276,train
10328,39627607070737764,train
14444,39627607100098309,train
14435,39627607104293688,train
14436,39627607112682124,train
14437,39627607116874915,train
14427,39627607146235705,train
14416,39627607154627742,train
14420,39627607163014938,train
14419,39627607167209125,train
2802,39627607171400502,train
14418,39627607171400502,train
14421,39627607171401498,train
11188,39627607183983106,train
1624,39627607183984141,train
1628,39627607183984181,train
11194,39627607183986470,train
11221,39627607196566492,train
1617,39627607200762421,train
1618,39627607200762671,train
11222,39627607200762671,train
11225,39627607204955357,train
11223,39627607204958498,train
1611,39627607234319346,train
11208,39627607251094030,train
1608,39627607259481102,train
11160,39627607267873878,train
11159,39627607272063189,train
11161,39627607276258304,train
11162,39627607276258868,train
11338,39627607284650221,train
11341,39627607297231141,train
11343,39627607297234260,train
1665,39627607301424505,train
11345,39627607301427401,train
1647,39627607318203136,train
1648,39627607318205086,train
1646,39627607322398803,train
1661,39627607326591433,train
11330,39627607326591433,train
11314,39627607334982779,train
1652,39627607343368535,train
11318,39627607347565339,train
11065,39627607381116138,train
11048,39627607381118183,train
11061,39627607402088105,train
11055,39627607402089241,train
11014,39627607410478906,train
11027,39627607423061546,train
11029,39627607423061830,train
1533,39627607452420802,train
10989,39627607460806879,train
10988,39627607465003650,train
11834,39627607485973431,train
1833,39627607485976082,train
11830,39627607485976082,train
1836,39627607490169441,train
1837,39627607490172188,train
11810,39627607502754513,train
11824,39627607515335089,train
1826,39627607532115813,train
26769,39627607632777157,train
26826,39627607670524683,train
26829,39627607678915671,train
26809,39627607716662321,train
24505,39627610606540269,train
24503,39627610610729403,train
24489,39627610627508034,train
24488,39627610627510636,train
24496,39627610631705202,train
24497,39627610631707987,train
24486,39627610635896582,train
24491,39627610635898074,train
24490,39627610635901999,train
24498,39627610640095693,train
24619,39627610644290253,train
24622,39627610648482360,train
24623,39627610661066144,train
24628,39627610665259357,train
24627,39627610665259663,train
24614,39627610677844330,train
24590,39627610694615851,train
24596,39627610711394043,train
24589,39627610719781380,train
24588,39627610719784619,train
24587,39627610723977158,train
24580,39627610723978191,train
24586,39627610728171626,train
24069,39627610736562234,train
24677,39627610736564134,train
24144,39627610744948185,train
24139,39627610749143606,train
5984,39627610749144905,train
24147,39627610749144905,train
24156,39627610753335982,train
24152,39627610753337383,train
24153,39627610757530187,train
24128,39627610761727056,train
24137,39627610765924268,train
24131,39627610774310098,train
24136,39627610778505749,train
24095,39627610782697850,train
24111,39627610782699166,train
24122,39627610791085160,train
24119,39627610795283161,train
24114,39627610828833211,train
9572,39627610837222410,train
9570,39627610849805204,train
9560,39627610862390477,train
9559,39627610866584078,train
9564,39627610866584730,train
9567,39627610874972637,train
9516,39627610879167363,train
9532,39627610895945078,train
9531,39627610895945144,train
1027,39627610900137672,train
9528,39627610904332681,train
1028,39627610908529182,train
8713,39627610925305155,train
8783,39627610929497528,train
8777,39627610937890635,train
8773,39627610950473056,train
8729,39627610971443769,train
8752,39627610984024374,train
8747,39627610988216794,train
8734,39627610992414469,train
8744,39627611000802019,train
8741,39627611004995244,train
8740,39627611004995433,train
758,39627611025969037,train
757,39627611030159826,train
8886,39627611038550046,train
8873,39627611042746620,train
8875,39627611051134610,train
8880,39627611055325897,train
8877,39627611055329286,train
8833,39627611067909135,train
8856,39627611072102788,train
8858,39627611076301259,train
8853,39627611080492849,train
749,39627611080493876,train
8854,39627611084685606,train
8852,39627611093075115,train
8846,39627611105662208,train
8849,39627611105662445,train
8358,39627611114046520,train
610,39627611118240195,train
613,39627611118241411,train
8425,39627611122437705,train
611,39627611122439009,train
8429,39627611122439009,train
612,39627611126628959,train
8428,39627611130822794,train
8431,39627611130826618,train
8417,39627611139213265,train
8422,39627611143406760,train
8419,39627611151797603,train
8401,39627611164378067,train
8400,39627611164380501,train
8397,39627611189544678,train
8392,39627611193742341,train
8391,39627611197931758,train
8390,39627611197933513,train
25121,39627612108101589,train
25123,39627612116487527,train
6106,39627612154236865,train
25191,39627612183598887,train
25166,39627612191983178,train
25176,39627612204567436,train
25174,39627612208762416,train
25173,39627612217153501,train
25169,39627612233927372,train
6069,39627612250704303,train
6068,39627612250704311,train
25063,39627612275871551,train
6053,39627612288450622,train
6056,39627612288450623,train
6051,39627612288450625,train
25043,39627612288450625,train
6055,39627612292645600,train
25042,39627612292645600,train
6048,39627612309427402,train
6046,39627612313619065,train
25035,39627612313620338,train
6049,39627612313620344,train
25037,39627612313621579,train
25029,39627612330395417,train
19116,39627612351370109,train
4917,39627612355560786,train
19112,39627612363949000,train
19115,39627612363949930,train
19098,39627612384920076,train
19089,39627612389114029,train
4911,39627612397505442,train
4906,39627612401699697,train
19086,39627612410088015,train
4908,39627612418476104,train
17363,39627612426865947,train
4131,39627612426867114,train
17401,39627612426867114,train
17406,39627612443640495,train
17403,39627612447836990,train
17392,39627612452031435,train
17396,39627612456224883,train
4120,39627612485583179,train
17377,39627612510753220,train
4154,39627612523334060,train
17477,39627612523334060,train
17476,39627612535918871,train
17450,39627612569470225,train
17456,39627612577859392,train
17459,39627612577861464,train
4148,39627612582052317,train
17458,39627612582052809,train
4147,39627612590443028,train
17324,39627612615608823,train
4099,39627612615610487,train
17323,39627612628190986,train
4097,39627612640773867,train
17322,39627612657551920,train
4081,39627612661746045,train
17289,39627612661746045,train
17305,39627612661746841,train
4089,39627612670133594,train
17306,39627612670133594,train
17303,39627612674328228,train
17302,39627612703687609,train
17238,39627612703691203,train
4308,39627612712079304,train
4307,39627612716270043,train
17761,39627612728853656,train
17747,39627612762409200,train
17741,39627612762411031,train
17746,39627612766604519,train
17744,39627612774992051,train
17735,39627612779185921,train
17737,39627612779189601,train
17738,39627612795962469,train
17792,39627612800157748,train
10447,39627612800159881,train
10501,39627612808547026,train
10499,39627612816936699,train
10485,39627612821130289,train
10492,39627612825325856,train
1365,39627612837904910,train
10488,39627612837909190,train
10474,39627612854685015,train
10476,39627612858876098,train
1361,39627612867268440,train
1359,39627612867268475,train
10475,39627612867268475,train
1358,39627612875657874,train
10471,39627612875657874,train
10470,39627612879850431,train
10469,39627612884045950,train
10542,39627612896627846,train
10544,39627612896627919,train
1392,39627612909211311,train
10546,39627612909212390,train
10536,39627612917599464,train
10525,39627612976321871,train
10359,39627613018263419,train
10364,39627613030847547,train
10336,39627613047619810,train
1318,39627613051815191,train
10331,39627613051815290,train
10330,39627613051816232,train
1319,39627613051816848,train
10335,39627613051816848,train
1315,39627613068594365,train
2821,39627613102147336,train
2817,39627613114729556,train
14438,39627613114729556,train
2816,39627613118924075,train
14439,39627613118924075,train
14413,39627613131506521,train
2801,39627613152481389,train
2798,39627613156674555,train
2800,39627613165061078,train
14423,39627613173449104,train
1592,39627613177643466,train
11189,39627613177643466,train
1625,39627613177645566,train
11235,39627613181839122,train
11231,39627613190226985,train
1626,39627613194421481,train
11239,39627613194422673,train
11241,39627613194423589,train
11230,39627613207003700,train
1614,39627613244753669,train
11215,39627613244753669,train
11339,39627613290894076,train
11344,39627613295083923,train
1666,39627613307671053,train
1657,39627613316058395,train
1656,39627613332832502,train
11320,39627613332832527,train
11321,39627613332835439,train
11331,39627613337030146,train
1653,39627613345417285,train
11069,39627613370584300,train
1549,39627613370584783,train
11063,39627613378973142,train
11045,39627613387358978,train
11043,39627613387359683,train
11054,39627613387361624,train
1547,39627613387361639,train
1548,39627613387363361,train
11057,39627613404140046,train
11062,39627613408331163,train
11031,39627613412526856,train
11030,39627613412527333,train
11026,39627613429306717,train
11024,39627613454469443,train
1843,39627613458663517,train
11847,39627613458663535,train
1842,39627613462856134,train
11846,39627613462856134,train
11849,39627613467051072,train
11848,39627613467054209,train
11835,39627613483833417,train
1835,39627613488024747,train
1839,39627613492218943,train
11838,39627613496414955,train
11839,39627613500604590,train
11840,39627613500608432,train
11820,39627613508993408,train
11823,39627613517383926,train
11818,39627613521580037,train
1829,39627613525774804,train
11813,39627613525775160,train
11817,39627613534162016,train
26770,39627613622244555,train
26771,39627613626436287,train
26747,39627613643213939,train
26832,39627613647405563,train
26835,39627613651603388,train
26831,39627613680960647,train
26836,39627613689353047,train
26815,39627613710320495,train
26812,39627613710322558,train
6442,39627613739683363,train
6441,39627613743876619,train
24507,39627616608586666,train
24504,39627616612778541,train
24501,39627616612786349,train
24502,39627616616975295,train
24494,39627616625365372,train
24487,39627616625367509,train
24843,39627616642138295,train
24621,39627616646338898,train
24618,39627616650529118,train
24616,39627616675694747,train
24615,39627616675695564,train
24613,39627616675697009,train
24612,39627616679890769,train
24611,39627616684083583,train
24635,39627616688276261,train
24592,39627616709250208,train
24593,39627616709250260,train
24601,39627616709252249,train
24584,39627616730219399,train
24583,39627616730222494,train
24680,39627616738607282,train
24678,39627616738612027,train
5982,39627616738612601,train
24146,39627616742803947,train
24150,39627616746996669,train
24138,39627616746996953,train
24154,39627616751192140,train
5983,39627616751192707,train
24151,39627616751195701,train
24158,39627616759578773,train
24132,39627616772163736,train
24164,39627616784744545,train
24118,39627616797331235,train
24115,39627616826692554,train
9571,39627616839276425,train
9577,39627616856048490,train
9565,39627616864440362,train
9561,39627616872825829,train
9584,39627616872827439,train
9568,39627616872827780,train
9538,39627616902189181,train
8780,39627616931545270,train
8785,39627616952516985,train
8795,39627616965102804,train
8775,39627616969294768,train
8753,39627616977685700,train
8748,39627616981878291,train
8743,39627616998658859,train
8739,39627617011237909,train
9061,39627617015435510,train
8888,39627617028017399,train
756,39627617032208507,train
8887,39627617032208507,train
8891,39627617040597276,train
8879,39627617040601742,train
755,39627617048986620,train
8883,39627617053183240,train
8876,39627617057376413,train
754,39627617057378039,train
8882,39627617061570690,train
8901,39627617061572479,train
8906,39627617065763237,train
763,39627617065765608,train
8861,39627617069959784,train
748,39627617078352023,train
8855,39627617082542653,train
747,39627617090933253,train
8845,39627617090933253,train
8850,39627617099322978,train
746,39627617103516692,train
8948,39627617107709381,train
781,39627617107710580,train
8944,39627617107710580,train
8430,39627617111905460,train
617,39627617132872272,train
8418,39627617141260380,train
8424,39627617149654986,train
8399,39627617162235029,train
8402,39627617174818008,train
8410,39627617179013926,train
8388,39627617187397940,train
8389,39627617191594822,train
8395,39627617195789144,train
25124,39627618101756192,train
25126,39627618105952338,train
6084,39627618105955143,train
25127,39627618118534869,train
25120,39627618135316096,train
25357,39627618139508269,train
25200,39627618143704990,train
25211,39627618164675260,train
6110,39627618164675262,train
25214,39627618164675262,train
25207,39627618168866308,train
6112,39627618185643964,train
25216,39627618185643964,train
6114,39627618185646236,train
25219,39627618185646236,train
25220,39627618194031024,train
6096,39627618198229226,train
25178,39627618198229245,train
6098,39627618206614237,train
25181,39627618210809488,train
25167,39627618219198094,train
6094,39627618227589407,train
6095,39627618227589408,train
6065,39627618269533335,train
25064,39627618269533335,train
6054,39627618290503190,train
25041,39627618290503190,train
6058,39627618303083932,train
6047,39627618315666305,train
25034,39627618315666305,train
25032,39627618315670070,train
25033,39627618319860341,train
19119,39627618336637660,train
19123,39627618349222309,train
19110,39627618357611444,train
19114,39627618361806961,train
19096,39627618382775709,train
19100,39627618399553069,train
4127,39627618458274939,train
17394,39627618458274939,train
17422,39627618470858857,train
4123,39627618496020740,train
17478,39627618542160156,train
17470,39627618558936211,train
17460,39627618575712446,train
4169,39627618613462818,train
17498,39627618613462818,train
4100,39627618621852525,train
4103,39627618630242976,train
4096,39627618638627361,train
17319,39627618638627361,train
17326,39627618638630222,train
4098,39627618638631063,train
17320,39627618638631069,train
4373,39627618701544856,train
17758,39627618718322032,train
17766,39627618726709909,train
17765,39627618730904983,train
17755,39627618730905077,train
17754,39627618735097616,train
4294,39627618751878460,train
17742,39627618756070883,train
17748,39627618756070888,train
17736,39627618789622250,train
10498,39627618802207077,train
17789,39627618802208589,train
1371,39627618806402075,train
1373,39627618823177565,train
1375,39627618823179777,train
10490,39627618827371504,train
1368,39627618831567926,train
1360,39627618852539638,train
10543,39627618898675350,train
10550,39627618911261132,train
10539,39627618923840350,train
1390,39627618923843889,train
10527,39627618953203536,train
1387,39627618965785717,train
1384,39627618978366191,train
10357,39627619011923683,train
10361,39627619020309272,train
1317,39627619037090183,train
10337,39627619041283896,train
10334,39627619045475766,train
10333,39627619045476006,train
10326,39627619070641133,train
2823,39627619095808326,train
14445,39627619095808326,train
2819,39627619095808517,train
14440,39627619108389807,train
14442,39627619116781117,train
14426,39627619137752139,train
2804,39627619141946326,train
2806,39627619141946359,train
2811,39627619146140349,train
14417,39627619167109514,train
14474,39627619167113912,train
11246,39627619192279014,train
1622,39627619204858697,train
1620,39627619213248735,train
1621,39627619217441829,train
1613,39627619225834028,train
1615,39627619242608328,train
11216,39627619242608328,train
11210,39627619251000078,train
11209,39627619255193613,train
11212,39627619259385826,train
11213,39627619259386099,train
11214,39627619263582128,train
11347,39627619305521573,train
11325,39627619322298555,train
1655,39627619343274163,train
11319,39627619343274163,train
1654,39627619343275066,train
1682,39627619360049723,train
11068,39627619368436094,train
11070,39627619376826485,train
11071,39627619385219266,train
11056,39627619389410279,train
11059,39627619393602680,train
11058,39627619397802316,train
11085,39627619410378821,train
1543,39627619410379549,train
11025,39627619427160336,train
11034,39627619427162220,train
11021,39627619435549761,train
11022,39627619448129290,train
12024,39627619448132237,train
11844,39627619464905299,train
1838,39627619485877542,train
11837,39627619485880368,train
11842,39627619490076547,train
11841,39627619494270483,train
11821,39627619502656036,train
1830,39627619502658505,train
11819,39627619502658505,train
11822,39627619519432370,train
1831,39627619523626047,train
1827,39627619536211592,train
26774,39627619615904455,train
26772,39627619620100139,train
26833,39627619653652603,train
26830,39627619674622957,train
26828,39627619683015328,train
6443,39627619745924411,train
24514,39627622623218284,train
24515,39627622623221584,train
24513,39627622627410363,train
24493,39627622631605341,train
24492,39627622631608368,train
24837,39627622635806558,train
24848,39627622648387279,train
24620,39627622656772148,train
24625,39627622656776021,train
24681,39627622732269324,train
24682,39627622736462650,train
24683,39627622736463187,train
24684,39627622736466279,train
24155,39627622749046093,train
24161,39627622753242764,train
5980,39627622770017129,train
24135,39627622770017129,train
5979,39627622770018833,train
24134,39627622770018833,train
24172,39627622778405678,train
24165,39627622778407497,train
24163,39627622778408635,train
24173,39627622782603306,train
24117,39627622820351969,train
9574,39627622841325656,train
9579,39627622841326726,train
9569,39627622845517232,train
9566,39627622862291567,train
9533,39627622883264551,train
9535,39627622891652523,train
9543,39627622891655574,train
9537,39627622895845495,train
9616,39627622912627255,train
1043,39627622912628201,train
9615,39627622916819311,train
9620,39627622925210667,train
9614,39627622929400994,train
8784,39627622933596903,train
8779,39627622933597206,train
8781,39627622933597236,train
8786,39627622941984763,train
717,39627622967153233,train
716,39627622971344096,train
718,39627622975540951,train
8751,39627622979732294,train
8746,39627622983930448,train
702,39627622996510838,train
703,39627622996510862,train
8757,39627622996513911,train
699,39627623000707389,train
9067,39627623013291051,train
9060,39627623017482851,train
8889,39627623030067903,train
8898,39627623042647513,train
8892,39627623042649816,train
764,39627623067813448,train
8905,39627623067813448,train
762,39627623067815468,train
8859,39627623076202160,train
8848,39627623101366611,train
782,39627623109756750,train
8943,39627623109756750,train
8947,39627623113951795,train
8426,39627623122340504,train
609,39627623122343326,train
8433,39627623130726446,train
618,39627623134921358,train
8432,39627623134923429,train
616,39627623134925602,train
8437,39627623134925602,train
8438,39627623139115291,train
615,39627623139115625,train
8449,39627623155894748,train
8442,39627623164284069,train
8448,39627623164284631,train
8398,39627623168481643,train
8406,39627623176869056,train
8407,39627623185252602,train
25139,39627624087030684,train
25125,39627624108001474,train
25128,39627624116388177,train
25119,39627624133166813,train
25197,39627624154141526,train
6105,39627624154141980,train
25208,39627624162530240,train
25202,39627624166725175,train
25203,39627624170918042,train
25213,39627624170918073,train
25201,39627624170919275,train
25192,39627624175113844,train
25193,39627624179306089,train
25222,39627624196082388,train
25179,39627624196083946,train
25180,39627624204470093,train
25185,39627624217057556,train
25171,39627624225441613,train
25168,39627624225441936,train
25250,39627624229635173,train
6123,39627624233828490,train
25249,39627624233828490,train
25067,39627624246415681,train
25071,39627624258997452,train
6072,39627624258998898,train
25073,39627624258998898,train
6073,39627624284162286,train
25077,39627624284162286,train
25082,39627624288358966,train
25040,39627624300937369,train
6052,39627624300937782,train
25045,39627624300938952,train
6060,39627624305133356,train
25030,39627624317717776,train
19251,39627624326106193,train
4972,39627624338686621,train
19118,39627624342880356,train
19117,39627624342884001,train
19126,39627624351270034,train
19122,39627624351271078,train
4918,39627624355465275,train
19127,39627624372242726,train
19131,39627624376435390,train
4910,39627624389019502,train
4909,39627624389020149,train
19095,39627624389020149,train
4913,39627624397411305,train
4907,39627624409992098,train
19087,39627624414187525,train
19149,39627624422573474,train
17402,39627624435159286,train
4134,39627624443547445,train
17418,39627624443547445,train
17412,39627624443548454,train
4135,39627624447741748,train
17417,39627624447741748,train
17409,39627624447741801,train
4130,39627624460321003,train
17397,39627624460321003,train
17423,39627624468712663,train
17560,39627624523240626,train
4156,39627624548401982,train
17479,39627624548401982,train
17468,39627624552600029,train
4168,39627624615512720,train
17330,39627624623903586,train
17325,39627624623903611,train
17331,39627624636486893,train
17327,39627624640680040,train
4095,39627624644873517,train
4088,39627624665847420,train
17310,39627624674232550,train
4091,39627624674235577,train
4092,39627624682622829,train
17312,39627624682622829,train
17299,39627624691007930,train
17891,39627624699401686,train
4371,39627624703590584,train
17894,39627624703595770,train
17762,39627624720371762,train
4306,39627624741340065,train
17756,39627624741340065,train
17769,39627624753923595,train
4313,39627624753924501,train
4298,39627624779088862,train
17750,39627624779088862,train
4296,39627624779091168,train
10502,39627624808451912,train
1374,39627624825227721,train
10504,39627624829421561,train
10511,39627624829422868,train
1366,39627624833615453,train
10494,39627624833615453,train
10481,39627624871363554,train
1362,39627624871364597,train
10482,39627624871364617,train
10711,39627624888141223,train
10712,39627624896529636,train
10552,39627624917500057,train
1394,39627624921695763,train
10549,39627624921695763,train
10559,39627624934278052,train
10558,39627624934280300,train
1396,39627624938471550,train
10557,39627624938474057,train
10556,39627624942666635,train
1402,39627624988804611,train
10597,39627624988804611,train
10599,39627624988806757,train
10593,39627624988808067,train
10594,39627624992999037,train
10600,39627624997194313,train
10367,39627625001387005,train
10374,39627625005580835,train
10377,39627625005581268,train
10371,39627625009776867,train
10370,39627625009776874,train
10360,39627625022363202,train
10382,39627625034941037,train
10383,39627625039138390,train
10332,39627625043330634,train
10327,39627625072689463,train
1316,39627625072691001,train
2818,39627625093664566,train
14441,39627625118826838,train
14451,39627625118828776,train
14450,39627625123024657,train
14454,39627625127215769,train
2829,39627625127216780,train
2828,39627625131412810,train
14453,39627625131412810,train
2805,39627625139800343,train
2799,39627625164969660,train
11238,39627625185938965,train
11233,39627625185939050,train
1632,39627625194325601,train
1633,39627625194328946,train
11245,39627625194328946,train
11244,39627625198522455,train
1612,39627625236267486,train
11218,39627625257238679,train
1668,39627625311766213,train
1667,39627625311769647,train
11352,39627625315962804,train
11348,39627625324350640,train
1658,39627625328542076,train
1659,39627625328543198,train
11332,39627625328546812,train
11386,39627625353711967,train
1683,39627625366293207,train
11067,39627625374682192,train
11074,39627625378876490,train
11073,39627625378877870,train
11072,39627625391456394,train
11078,39627625391460774,train
11082,39627625399847434,train
11086,39627625408236641,train
11087,39627625412429524,train
11080,39627625416625124,train
11081,39627625416625136,train
11028,39627625420818433,train
11037,39627625425016176,train
11033,39627625429209953,train
11039,39627625437597335,train
12026,39627625445986753,train
12019,39627625454373458,train
12023,39627625462763476,train
11845,39627625466955486,train
11843,39627625471152601,train
1844,39627625487927346,train
11858,39627625513091187,train
11829,39627625529870341,train
1828,39627625538258425,train
11815,39627625538258425,train
6447,39627625567620087,train
26781,39627625588592756,train
26782,39627625592786996,train
6449,39627625605366372,train
26775,39627625613759627,train
26834,39627625659893743,train
26837,39627625685060149,train
26814,39627625701841842,train
26819,39627625706033173,train
6455,39627625710225381,train
26820,39627625710225381,train
26821,39627625710226529,train
26743,39627625747975548,train
24512,39627628629460388,train
24511,39627628629463756,train
24836,39627628637849112,train
24845,39627628642049449,train
24846,39627628654630421,train
24631,39627628667214931,train
24636,39627628704957791,train
24642,39627628704961702,train
24598,39627628713345816,train
24600,39627628713349214,train
24599,39627628721738559,train
24597,39627628725931342,train
6011,39627628730125314,train
24707,39627628730125314,train
24675,39627628742706236,train
6008,39627628742706815,train
24674,39627628742707290,train
24687,39627628746901971,train
24685,39627628746902173,train
24688,39627628751096273,train
24145,39627628755288303,train
24698,39627628755290733,train
24160,39627628776260282,train
24170,39627628793039220,train
24175,39627628801426003,train
9704,39627628826595059,train
9705,39627628830789849,train
9703,39627628843373036,train
9706,39627628843375010,train
1090,39627628847563985,train
9578,39627628860146280,train
9576,39627628864343732,train
9582,39627628876925160,train
9586,39627628885311837,train
1034,39627628897899919,train
9542,39627628897899919,train
1031,39627628902090062,train
1033,39627628906285377,train
9540,39627628906285377,train
1032,39627628906285640,train
9541,39627628906285640,train
1030,39627628910477991,train
9618,39627628923065184,train
1044,39627628927254989,train
9619,39627628927259284,train
9622,39627628935643665,train
1042,39627628939839975,train
9629,39627628939841892,train
8788,39627628944034137,train
713,39627628944034657,train
714,39627628948229773,train
8787,39627628948229773,train
712,39627628956615148,train
709,39627628960809280,train
8801,39627628965005563,train
8790,39627628977589008,train
715,39627628985979222,train
8762,39627628994367650,train
8759,39627628998562225,train
8758,39627629002756970,train
835,39627629019533649,train
9066,39627629019534170,train
9063,39627629023728469,train
836,39627629027919437,train
837,39627629032112412,train
9062,39627629032117757,train
842,39627629036307067,train
8893,39627629040501808,train
8895,39627629040503883,train
8924,39627629057279167,train
8903,39627629061475335,train
8904,39627629069861530,train
8902,39627629074058304,train
761,39627629078250068,train
8919,39627629082444862,train
8863,39627629090839023,train
750,39627629095033472,train
8869,39627629095033472,train
751,39627629099222270,train
8865,39627629103417961,train
780,39627629120194307,train
8945,39627629120197861,train
619,39627629132781324,train
8436,39627629141167755,train
8434,39627629145361003,train
8445,39627629157945882,train
8444,39627629162141256,train
621,39627629166333123,train
8440,39627629166333123,train
620,39627629170527882,train
8404,39627629178917889,train
8405,39627629183111966,train
8411,39627629187306928,train
25136,39627630076494664,train
25138,39627630076499705,train
25150,39627630093271196,train
6088,39627630101664553,train
6085,39627630118439229,train
25132,39627630131022430,train
25130,39627630131025217,train
25133,39627630135215218,train
6162,39627630147802118,train
6164,39627630156187947,train
25205,39627630164577644,train
25210,39627630172965729,train
6108,39627630172966196,train
25212,39627630177159546,train
6111,39627630181353183,train
25206,39627630181353183,train
6109,39627630181355171,train
25204,39627630181355171,train
25217,39627630198128755,train
25182,39627630214906248,train
25266,39627630231684801,train
6125,39627630240076082,train
25245,39627630248466539,train
25247,39627630252655424,train
6070,39627630269431867,train
25072,39627630269431867,train
25076,39627630282020184,train
25079,39627630294601560,train
6074,39627630294601669,train
25078,39627630294601669,train
25080,39627630298793824,train
6062,39627630311375599,train
25052,39627630311375599,train
6059,39627630311376184,train
25050,39627630315574998,train
25054,39627630323960665,train
19248,39627630336544809,train
4974,39627630344933644,train
19250,39627630344933644,train
19125,39627630361708300,train
19124,39627630361709952,train
19101,39627630403653204,train
4912,39627630407845663,train
19152,39627630428817417,train
4929,39627630441400063,train
4931,39627630441400075,train
4137,39627630449789765,train
17416,39627630449790859,train
17410,39627630453983290,train
17411,39627630453983476,train
17408,39627630462372593,train
4140,39627630466565002,train
17427,39627630466569077,train
17419,39627630483343075,train
17424,39627630491730491,train
17384,39627630508509746,train
17559,39627630521094532,train
17483,39627630546256557,train
17481,39627630550451516,train
17482,39627630554644747,train
17480,39627630554645059,train
4170,39627630613367420,train
17503,39627630630142754,train
17311,39627630684669192,train
17309,39627630697253639,train
17909,39627630701446283,train
17888,39627630718223601,train
4310,39627630726614063,train
17764,39627630730807812,train
17768,39627630755977136,train
4312,39627630760170230,train
4297,39627630776944233,train
4299,39627630785333142,train
17790,39627630802111379,train
17791,39627630814692050,train
10505,39627630827276862,train
10506,39627630831469915,train
10510,39627630835665225,train
10480,39627630877610110,train
10723,39627630890190511,train
1430,39627630902772834,train
10551,39627630919552131,train
10554,39627630940521523,train
1397,39627630940523958,train
10553,39627630940523958,train
10563,39627630948912014,train
10562,39627630953103986,train
10560,39627630953105726,train
10530,39627630961493960,train
1386,39627630969886155,train
1403,39627630986661180,train
10602,39627630986661180,train
10598,39627630990854673,train
10595,39627630999242461,train
10372,39627631016022821,train
10379,39627631024409274,train
10344,39627631057962664,train
10346,39627631062158947,train
1322,39627631062159948,train
10343,39627631062159948,train
10341,39627631070544604,train
10347,39627631070547749,train
10348,39627631070550629,train
10349,39627631074740484,train
2825,39627631104102221,train
2824,39627631104102237,train
2826,39627631112492603,train
14448,39627631120876644,train
14449,39627631120878655,train
2809,39627631154430913,train
11242,39627631208960990,train
11266,39627631217346678,train
11251,39627631229932420,train
11249,39627631229932757,train
11247,39627631238317233,train
11349,39627631330593410,train
1662,39627631347372806,train
11407,39627631355759507,train
11381,39627631376728585,train
11382,39627631376730409,train
1552,39627631385120277,train
1550,39627631389311592,train
11075,39627631389311592,train
1558,39627631401898884,train
1554,39627631406092005,train
11083,39627631414479653,train
11089,39627631418674500,train
11088,39627631427059849,train
11040,39627631431255571,train
1902,39627631452227863,train
1899,39627631456420398,train
12017,39627631456420398,train
12022,39627631460614587,train
12016,39627631460618920,train
12020,39627631469005720,train
1845,39627631485784119,train
11850,39627631485785082,train
11883,39627631498367857,train
11855,39627631510946272,train
11825,39627631523533869,train
11826,39627631527726464,train
11828,39627631531918870,train
26783,39627631599027533,train
26784,39627631607417770,train
26787,39627631611610644,train
26790,39627631615809934,train
6494,39627631640969986,train
26942,39627631640972454,train
26949,39627631640973505,train
26818,39627631720668044,train
26852,39627631754220605,train
24842,39627634656674061,train
24841,39627634656682028,train
24847,39627634660871462,train
24853,39627634660873870,train
24854,39627634660876603,train
24858,39627634665064122,train
24849,39627634669259253,train
24851,39627634669260030,train
24629,39627634673458337,train
24654,39627634681845075,train
24664,39627634694423913,train
24639,39627634711201454,train
24708,39627634740562447,train
24686,39627634748948934,train
24692,39627634753143933,train
24676,39627634753144776,train
24691,39627634753147472,train
24694,39627634757337245,train
24690,39627634761531935,train
24700,39627634761536617,train
24179,39627634782506390,train
24184,39627634786700972,train
24162,39627634790891660,train
24166,39627634795085932,train
24167,39627634799280777,train
24177,39627634807668923,train
9717,39627634832837772,train
9702,39627634837031259,train
9707,39627634853811069,train
1087,39627634858006251,train
9600,39627634870586169,train
9581,39627634887363830,train
9587,39627634891559684,train
9591,39627634895749896,train
9592,39627634904139238,train
9596,39627634904140847,train
9545,39627634912532100,train
1046,39627634916724180,train
9634,39627634916724180,train
9630,39627634950276149,train
711,39627634958667623,train
724,39627634967057207,train
8791,39627634988026989,train
8797,39627634992223813,train
8761,39627635000611173,train
700,39627635004804644,train
8755,39627635004804644,train
8754,39627635008995815,train
847,39627635013196000,train
844,39627635017385428,train
9073,39627635038358151,train
9072,39627635042552924,train
843,39627635042554537,train
8900,39627635050939157,train
8899,39627635050941339,train
8894,39627635050941362,train
8922,39627635059327099,train
771,39627635071910410,train
8932,39627635071910410,train
8915,39627635084493317,train
8912,39627635084497324,train
8921,39627635088691838,train
8864,39627635097078728,train
792,39627635109663058,train
8961,39627635109663058,train
8951,39627635134824806,train
783,39627635134824828,train
8460,39627635151607819,train
8461,39627635159991859,train
8464,39627635164189708,train
8441,39627635168383131,train
8454,39627635176769438,train
8403,39627635189351890,train
8409,39627635193546326,train
8408,39627635193549338,train
25137,39627636082742208,train
25141,39627636103712857,train
25372,39627636145654335,train
6163,39627636158235430,train
25359,39627636158235430,train
25358,39627636158235450,train
25363,39627636162432123,train
25360,39627636162432198,train
6166,39627636162433667,train
25237,39627636187599711,train
25233,39627636191789774,train
6116,39627636195986323,train
25231,39627636195987403,train
25224,39627636212761459,train
6118,39627636216957666,train
25225,39627636216958221,train
25223,39627636221149645,train
6102,39627636229538344,train
25184,39627636229538344,train
25257,39627636233736321,train
25265,39627636242124249,train
25251,39627636242124672,train
25248,39627636242126175,train
6124,39627636246319775,train
25246,39627636246319775,train
25070,39627636275677254,train
25081,39627636296647125,train
4980,39627636334398069,train
19263,39627636334398129,train
19262,39627636334398338,train
19252,39627636338594630,train
4977,39627636346981546,train
19120,39627636363756907,train
4925,39627636376340210,train
4919,39627636388923187,train
19128,39627636388923187,train
19130,39627636393118989,train
19099,39627636418284497,train
19165,39627636422479986,train
4935,39627636422480541,train
19151,39627636430866965,train
19148,39627636435060190,train
19147,39627636435062525,train
19155,39627636447642225,train
4932,39627636447645765,train
19153,39627636447645779,train
19158,39627636451840913,train
4930,39627636456031592,train
4139,39627636460228457,train
4211,39627636523141635,train
4203,39627636523143490,train
4202,39627636535723671,train
17562,39627636548305374,train
17486,39627636573472472,train
4160,39627636577666032,train
4158,39627636577666033,train
17485,39627636577666033,train
17484,39627636577667993,train
4159,39627636581861894,train
17462,39627636602831095,train
4174,39627636636385560,train
17499,39627636636385597,train
17502,39627636636387888,train
17334,39627636686718006,train
4090,39627636699300312,train
4384,39627636707688753,train
4380,39627636711885065,train
17910,39627636711885065,train
4383,39627636711885186,train
4381,39627636711888191,train
17908,39627636711888191,train
17896,39627636724467406,train
4379,39627636732854505,train
4378,39627636732856309,train
4309,39627636737049036,train
17763,39627636741245731,train
4319,39627636753829780,train
17781,39627636753829780,train
17751,39627636787384929,train
4302,39627636791574768,train
17752,39627636791580060,train
17796,39627636829326432,train
10519,39627636850295101,train
10513,39627636862882718,train
10479,39627636883853104,train
1437,39627636888047959,train
1439,39627636896434368,train
1436,39627636896434387,train
10724,39627636896434387,train
1432,39627636909017876,train
10708,39627636909017876,train
10713,39627636917406426,train
10719,39627636921598587,train
10720,39627636921598936,train
10575,39627636938379193,train
1400,39627636946769995,train
10579,39627636946769995,train
10555,39627636950960002,train
10561,39627636955152968,train
10570,39627636967735333,train
10568,39627636971931862,train
1385,39627636976126378,train
10601,39627636997098227,train
10606,39627637005488800,train
10376,39627637022263693,train
10378,39627637022265947,train
10393,39627637030650695,train
10380,39627637043238829,train
1321,39627637068403793,train
10340,39627637072594348,train
14615,39627637076787376,train
2913,39627637097760648,train
2914,39627637097761912,train
2912,39627637097761946,train
14446,39627637114538941,train
2835,39627637131315174,train
14461,39627637131315174,train
14462,39627637135509816,train
2832,39627637148090749,train
2833,39627637148093568,train
14457,39627637148093568,train
2830,39627637156483551,train
14458,39627637156483551,train
2810,39627637164869688,train
14473,39627637185839484,train
14475,39627637190037242,train
11248,39627637227787966,train
11255,39627637240366771,train
11257,39627637252948117,train
11219,39627637252951163,train
11362,39627637315863341,train
1674,39627637315867420,train
11354,39627637336836160,train
11334,39627637345227979,train
11333,39627637353615655,train
11402,39627637362003156,train
1685,39627637370389419,train
11408,39627637370389419,train
11384,39627637374588045,train
11383,39627637378777933,train
11380,39627637382971858,train
11391,39627637391361875,train
11076,39627637391364821,train
11077,39627637399750028,train
11079,39627637403943983,train
1553,39627637416528901,train
12031,39627637458473882,train
1900,39627637466858293,train
12021,39627637466858293,train
11851,39627637496218256,train
11876,39627637500415325,train
11880,39627637500415445,train
11854,39627637517191232,train
11866,39627637529773515,train
11865,39627637529775064,train
11867,39627637533968387,train
1832,39627637542356769,train
11897,39627637550747197,train
11892,39627637575912830,train
1852,39627637580108720,train
26778,39627637588492690,train
26777,39627637588493558,train
6446,39627637592688380,train
26780,39627637592688380,train
6448,39627637601080988,train
26785,39627637605275177,train
26786,39627637609469259,train
26946,39627637638826492,train
26947,39627637647219296,train
26941,39627637663993962,train
26844,39627637689159139,train
26847,39627637697545661,train
6457,39627637697548098,train
6456,39627637701743780,train
6458,39627637710133458,train
26842,39627637718521685,train
6462,39627637731103894,train
26863,39627637735298218,train
26853,39627637764653577,train
24860,39627640654534097,train
24859,39627640654535939,train
24856,39627640671312006,train
24857,39627640679700104,train
24630,39627640683896828,train
24655,39627640692279727,train
24661,39627640704865016,train
24662,39627640704865585,train
24652,39627640709058681,train
24638,39627640717443734,train
24640,39627640717443867,train
24650,39627640721640776,train
24649,39627640721642191,train
24643,39627640721642341,train
24648,39627640725834981,train
24704,39627640746806154,train
24705,39627640746808156,train
24693,39627640755194759,train
24696,39627640767774913,train
6009,39627640767776946,train
24183,39627640792942305,train
24182,39627640792942944,train
24185,39627640797137878,train
24178,39627640805524052,train
24176,39627640822304798,train
9714,39627640830694196,train
9713,39627640834883887,train
1085,39627640847471681,train
9599,39627640876827118,train
9598,39627640885217873,train
1038,39627640893608293,train
9590,39627640897801019,train
9597,39627640914579020,train
9544,39627640918771000,train
9631,39627640948133532,train
9632,39627640948135727,train
8805,39627640981685197,train
8798,39627641002658686,train
720,39627641006851376,train
8796,39627641006852698,train
721,39627641011048101,train
9078,39627641019435120,train
9082,39627641019436831,train
9084,39627641023628419,train
9085,39627641023630505,train
848,39627641032017110,train
9079,39627641032017110,train
9070,39627641044601243,train
839,39627641044604202,train
9074,39627641057184603,train
9094,39627641057186445,train
772,39627641061379627,train
8927,39627641061379627,train
8926,39627641065573486,train
8929,39627641073960792,train
8931,39627641078155483,train
778,39627641082352540,train
29856,39627641082352540,train
766,39627641086545184,train
8917,39627641086545184,train
8908,39627641090739107,train
769,39627641094934501,train
8913,39627641094934501,train
765,39627641099126455,train
770,39627641099129959,train
791,39627641111711776,train
8962,39627641120097526,train
790,39627641124291498,train
785,39627641132683392,train
8952,39627641136876130,train
787,39627641145264313,train
786,39627641149458083,train
8955,39627641149458083,train
8953,39627641149460998,train
8462,39627641157848140,train
8458,39627641191403266,train
8456,39627641195599683,train
8450,39627641199789259,train
8459,39627641199792027,train
9257,39627641203987721,train
9258,39627641203988055,train
9254,39627641220762263,train
25152,39627642109953059,train
25154,39627642114149785,train
25143,39627642118346221,train
25145,39627642135118559,train
25147,39627642135120119,train
25146,39627642135122359,train
6089,39627642139314456,train
6171,39627642151895503,train
6172,39627642160285615,train
25362,39627642172872254,train
6168,39627642181259727,train
25365,39627642181259727,train
25235,39627642189647232,train
25234,39627642202228881,train
25226,39627642214810266,train
25230,39627642214811596,train
25229,39627642231590096,train
25263,39627642244172531,train
25260,39627642248364315,train
25261,39627642248367133,train
25256,39627642252558727,train
6076,39627642286114210,train
25091,39627642290312391,train
25092,39627642294507293,train
25093,39627642298699244,train
25083,39627642302894293,train
25089,39627642307087334,train
6075,39627642311282186,train
25086,39627642311282186,train
25048,39627642332250401,train
19258,39627642336445015,train
19259,39627642349031621,train
19256,39627642365804638,train
19257,39627642374195217,train
19136,39627642386777459,train
19135,39627642390974244,train
4924,39627642390975172,train
19140,39627642390975172,train
19134,39627642403556806,train
4921,39627642407750520,train
19133,39627642411943866,train
4920,39627642411946015,train
19200,39627642424526214,train
19160,39627642441304905,train
19156,39627642466469286,train
17429,39627642487441289,train
17428,39627642491634462,train
17435,39627642495828623,train
4210,39627642520997170,train
17569,39627642520997170,train
17570,39627642525190118,train
17571,39627642533581284,train
4208,39627642554549414,train
4205,39627642554550187,train
17566,39627642554550187,train
17567,39627642558746548,train
4207,39627642562937692,train
17495,39627642567133995,train
4164,39627642579718619,train
17492,39627642583908861,train
4163,39627642583908866,train
4162,39627642604881882,train
17489,39627642604881882,train
17509,39627642625852992,train
17504,39627642638436294,train
4173,39627642638436665,train
17501,39627642642631269,train
4171,39627642642631772,train
17500,39627642642631772,train
17505,39627642646825260,train
4107,39627642659410146,train
17333,39627642701352770,train
17905,39627642705547381,train
17906,39627642713933375,train
4385,39627642722323751,train
4375,39627642739101327,train
17897,39627642739101327,train
17904,39627642743294444,train
17780,39627642764268213,train
4318,39627642781045360,train
4314,39627642785237729,train
17771,39627642785239530,train
17773,39627642789432504,train
17774,39627642789433986,train
4315,39627642797818901,train
4343,39627642797821972,train
4326,39627642802014750,train
4327,39627642802014896,train
17800,39627642802014896,train
17801,39627642806207534,train
17799,39627642806210119,train
17794,39627642827181999,train
10509,39627642848150661,train
1379,39627642852344263,train
1378,39627642852347713,train
10518,39627642852348530,train
10517,39627642852348834,train
10515,39627642877511084,train
1438,39627642894291002,train
10728,39627642894291002,train
1435,39627642898484276,train
10726,39627642898484276,train
10725,39627642906870492,train
1431,39627642915263072,train
10710,39627642915263072,train
10718,39627642919455340,train
1434,39627642927844455,train
10721,39627642936231664,train
10576,39627642944623441,train
10574,39627642948818244,train
10572,39627642961397333,train
10571,39627642965593679,train
1408,39627642999148403,train
10611,39627642999148403,train
10610,39627642999149201,train
10608,39627643007537388,train
10604,39627643015923971,train
1407,39627643015924647,train
10607,39627643015924654,train
1326,39627643045285233,train
10391,39627643057864869,train
10384,39627643062063720,train
1325,39627643070451765,train
1320,39627643083032591,train
10339,39627643083032591,train
14616,39627643083035402,train
14617,39627643099809672,train
14618,39627643099811101,train
2916,39627643099812634,train
14463,39627643137556568,train
2837,39627643145947289,train
14468,39627643150142289,train
14486,39627643179501282,train
14476,39627643217249695,train
14479,39627643217251903,train
1636,39627643225639939,train
11268,39627643229836657,train
11263,39627643238225035,train
11264,39627643242417537,train
11258,39627643246613759,train
11260,39627643246615285,train
1635,39627643259192340,train
11256,39627643259192605,train
11261,39627643259194473,train
11363,39627643330495116,train
1675,39627643330498966,train
11364,39627643338883747,train
1678,39627643338885261,train
11370,39627643338886952,train
11357,39627643359856791,train
1669,39627643359858932,train
11358,39627643359858932,train
1670,39627643359859135,train
11355,39627643359859135,train
11403,39627643364053653,train
11405,39627643368247943,train
11398,39627643376632706,train
11410,39627643385022327,train
11392,39627643393410355,train
11396,39627643397608421,train
11395,39627643405994192,train
11397,39627643405994300,train
1562,39627643418577328,train
11103,39627643422770398,train
11100,39627643426964578,train
1557,39627643431160551,train
11099,39627643431160551,train
11105,39627643431162339,train
11112,39627643435352983,train
11097,39627643443744834,train
11096,39627643447935246,train
11093,39627643452134240,train
11095,39627643452134498,train
12032,39627643468909888,train
12035,39627643477296878,train
12025,39627643481490917,train
1905,39627643489879232,train
1904,39627643494076131,train
11875,39627643506658310,train
11879,39627643510855177,train
11878,39627643519243624,train
11872,39627643523434775,train
11862,39627643536015556,train
11864,39627643536017614,train
1846,39627643536018147,train
11869,39627643536018147,train
11868,39627643540210844,train
11895,39627643582154608,train
11891,39627643590544428,train
1853,39627643598930340,train
26797,39627643603125079,train
26792,39627643611515515,train
6450,39627643628291309,train
26791,39627643628291309,train
26789,39627643632488460,train
26944,39627643661849058,train
26940,39627643674430386,train
26845,39627643703793721,train
26839,39627643720570722,train
26859,39627643749927220,train
26858,39627643754125020,train
26851,39627643775092523,train
24861,39627646669162922,train
24850,39627646694327026,train
24657,39627646702721171,train
24663,39627646711110187,train
24653,39627646732075415,train
24651,39627646732075606,train
24644,39627646740464849,train
24647,39627646740467679,train
24703,39627646757242605,train
24701,39627646761438669,train
24713,39627646765630857,train
24695,39627646774022342,train
24697,39627646778212663,train
24722,39627646786605983,train
24180,39627646803381476,train
24181,39627646803381482,train
24191,39627646815961765,train
24192,39627646815963884,train
24193,39627646820159522,train
24174,39627646828545931,train
9712,39627646845324018,train
9716,39627646849518241,train
9723,39627646866294306,train
1088,39627646870487516,train
1093,39627646887265053,train
1039,39627646891464155,train
9589,39627646916628580,train
9593,39627646925017473,train
9670,39627646929209477,train
9669,39627646933405200,train
9666,39627646937596737,train
1068,39627646937599933,train
9667,39627646937599933,train
1049,39627646958568029,train
9641,39627646958568029,train
9623,39627646962767407,train
9633,39627646975345603,train
9626,39627646975350595,train
8806,39627646992126160,train
9132,39627647029872389,train
9081,39627647042453618,train
9080,39627647042454703,train
849,39627647055038772,train
9087,39627647055038772,train
9069,39627647055042475,train
9071,39627647063428201,train
840,39627647067619598,train
9075,39627647067619598,train
854,39627647076008169,train
8933,39627647084401223,train
29855,39627647084401223,train
8923,39627647088591606,train
8925,39627647092789735,train
777,39627647096982169,train
8936,39627647101174228,train
8938,39627647101175381,train
767,39627647101179415,train
8918,39627647101179415,train
29854,39627647101179415,train
8942,39627647105369704,train
8911,39627647109565010,train
8920,39627647113761796,train
8994,39627647122147621,train
8959,39627647130534672,train
8960,39627647134728958,train
8958,39627647134730187,train
8968,39627647147313983,train
8950,39627647151509566,train
8949,39627647155701976,train
784,39627647155701987,train
789,39627647164088934,train
8954,39627647164088934,train
8974,39627647168285068,train
8975,39627647168285638,train
622,39627647176676503,train
8467,39627647193454506,train
9263,39627647218618000,train
9255,39627647222811669,train
9260,39627647227003645,train
7238,39627648107809234,train
25151,39627648120395043,train
25157,39627648128779495,train
25160,39627648128784877,train
25148,39627648145555921,train
25369,39627648158144653,train
25370,39627648170722805,train
6173,39627648170723835,train
25371,39627648170723835,train
25376,39627648179110079,train
6176,39627648183304679,train
25364,39627648183307696,train
6167,39627648191695667,train
25366,39627648191695667,train
6170,39627648200082176,train
25382,39627648200085338,train
6117,39627648233639929,train
25258,39627648258803983,train
25259,39627648258807543,train
25264,39627648267190509,train
25278,39627648300745135,train
25101,39627648321718693,train
25090,39627648330105394,train
25085,39627648330105395,train
25084,39627648330107338,train
19303,39627648338495464,train
19265,39627648355273559,train
19266,39627648355274869,train
4984,39627648363663046,train
19268,39627648363663046,train
4976,39627648384631493,train
4923,39627648401408251,train
19137,39627648405603595,train
19138,39627648405603868,train
4926,39627648413991081,train
19146,39627648413991081,train
19145,39627648418186885,train
19132,39627648422383577,train
19198,39627648434965980,train
4950,39627648434965981,train
4952,39627648439160376,train
4933,39627648455935034,train
19159,39627648455935034,train
19164,39627648455937172,train
4938,39627648460130995,train
19172,39627648460130995,train
19173,39627648464325778,train
19182,39627648481099898,train
19179,39627648489488503,train
4143,39627648493684504,train
17426,39627648497880721,train
4142,39627648518848772,train
17568,39627648539821096,train
17564,39627648560796124,train
4206,39627648560796143,train
4209,39627648564987229,train
17561,39627648569182928,train
17494,39627648585962202,train
17493,39627648590151766,train
4165,39627648590153382,train
17488,39627648615320117,train
17525,39627648623708818,train
17527,39627648632095962,train
4175,39627648640486418,train
17506,39627648640486418,train
17511,39627648644680662,train
17338,39627648682426740,train
4108,39627648695012448,train
17337,39627648699207701,train
4105,39627648711788978,train
17942,39627648715985109,train
17937,39627648715985592,train
4399,39627648715985918,train
17914,39627648745342317,train
4374,39627648749539632,train
17903,39627648749539634,train
17899,39627648753733301,train
17777,39627648783090819,train
17785,39627648783093842,train
17772,39627648799867611,train
17776,39627648804064702,train
17803,39627648837616201,train
17795,39627648846005491,train
4331,39627648862785301,train
1380,39627648883754256,train
1382,39627648887949327,train
10769,39627648900535157,train
10714,39627648938282270,train
10715,39627648942476376,train
1445,39627648950864605,train
10739,39627648950864605,train
10738,39627648955059979,train
1446,39627648959253991,train
10578,39627648963449183,train
10573,39627648967644153,train
10580,39627648971836432,train
10585,39627648976030711,train
10566,39627648984418693,train
10569,39627648988614477,train
10567,39627648992806757,train
10565,39627648992808506,train
10613,39627649005391460,train
10609,39627649009584953,train
10616,39627649017974522,train
10617,39627649022165236,train
10622,39627649047333882,train
10404,39627649072498645,train
10389,39627649076694609,train
10388,39627649080885812,train
2933,39627649093470038,train
14666,39627649093471887,train
2936,39627649093472426,train
14670,39627649097663412,train
14667,39627649097664225,train
14619,39627649106055441,train
14638,39627649139608927,train
14630,39627649147995495,train
14469,39627649160582197,train
14465,39627649164773004,train
2840,39627649164773096,train
14455,39627649181549145,train
2834,39627649185743511,train
2846,39627649198327995,train
14484,39627649198329674,train
14485,39627649198330053,train
14489,39627649210913804,train
14492,39627649215107605,train
14477,39627649227685927,train
11271,39627649244464461,train
11277,39627649257050433,train
11254,39627649269629667,train
11583,39627649282213402,train
11360,39627649336739502,train
11369,39627649353519890,train
11367,39627649357709695,train
1677,39627649357710646,train
11356,39627649361906156,train
11458,39627649374488277,train
11460,39627649374488289,train
1699,39627649378682166,train
11459,39627649378684415,train
11420,39627649399653684,train
11409,39627649399653902,train
11413,39627649403847256,train
11412,39627649403849357,train
11390,39627649403851199,train
11389,39627649408045128,train
11388,39627649416432673,train
11423,39627649420625077,train
11428,39627649420626756,train
1689,39627649424821480,train
11421,39627649424823270,train
1560,39627649433209714,train
11102,39627649433209714,train
11101,39627649433211289,train
1559,39627649441596859,train
11104,39627649441600497,train
12034,39627649475154005,train
1909,39627649483539737,train
1910,39627649483541356,train
1908,39627649487736279,train
12040,39627649496121635,train
1915,39627649521289885,train
12046,39627649521289885,train
11882,39627649525482536,train
1848,39627649550650110,train
11861,39627649550650110,train
11863,39627649550652619,train
11957,39627649559042494,train
11955,39627649563230710,train
1873,39627649563236542,train
1874,39627649563236912,train
11953,39627649563236912,train
1855,39627649580008598,train
11898,39627649584201942,train
11901,39627649584205527,train
11911,39627649588396577,train
11905,39627649588396602,train
1856,39627649588396651,train
11909,39627649588396651,train
11894,39627649596788795,train
6452,39627649621951942,train
26795,39627649621954824,train
26800,39627649634535722,train
26945,39627649663896548,train
26950,39627649676480652,train
26948,39627649676483381,train
26953,39627649684867073,train
6459,39627649714229788,train
26846,39627649722615379,train
26841,39627649743592801,train
26861,39627649764558124,train
26862,39627649764558458,train
26857,39627649764564472,train
26856,39627649768751965,train
26855,39627649772951128,train
6464,39627649777140457,train
26869,39627649777140457,train
26850,39627649781339387,train
26865,39627649781340457,train
26872,39627649802305970,train
6465,39627649802310156,train
24863,39627652687991495,train
24870,39627652708962673,train
24660,39627652725739627,train
24667,39627652729934778,train
24665,39627652729937167,train
24669,39627652734131462,train
24673,39627652738321235,train
24715,39627652780263025,train
24710,39627652784458972,train
24724,39627652805430617,train
24188,39627652830593960,train
24189,39627652834789768,train
9751,39627652847375761,train
9749,39627652847376246,train
9721,39627652872539045,train
9720,39627652872542338,train
9709,39627652889314570,train
1092,39627652893512196,train
9609,39627652914483208,train
9611,39627652922871567,train
9603,39627652927064587,train
9604,39627652927066061,train
1041,39627652931257166,train
9588,39627652935453894,train
9595,39627652935456515,train
1066,39627652948034591,train
1071,39627652952228795,train
9640,39627652964814986,train
9639,39627652969005097,train
9636,39627652977395747,train
1050,39627652977395961,train
9642,39627652977396103,train
1052,39627652985786495,train
9646,39627652994173565,train
9645,39627652998366970,train
9643,39627653002562649,train
732,39627653023536340,train
9129,39627653040312816,train
9128,39627653044502800,train
845,39627653052892175,train
851,39627653061285731,train
9088,39627653073864245,train
9076,39627653078061553,train
9099,39627653082254576,train
9097,39627653086449743,train
853,39627653094838547,train
774,39627653111614560,train
8934,39627653115809868,train
8937,39627653120006238,train
8914,39627653120006928,train
8909,39627653124198123,train
9000,39627653132583835,train
8998,39627653132585001,train
809,39627653140974603,train
808,39627653145167651,train
8965,39627653153556283,train
8964,39627653161945107,train
8970,39627653161946940,train
8957,39627653174529064,train
788,39627653174530310,train
8976,39627653178724394,train
797,39627653182915027,train
795,39627653187109010,train
8971,39627653191307028,train
624,39627653199695536,train
8455,39627653220664452,train
9264,39627653233249090,train
9256,39627653241635500,train
297,39627654114057751,train
7239,39627654126633696,train
25158,39627654147610403,train
29953,39627654155998766,train
25403,39627654172774221,train
25404,39627654176966432,train
6174,39627654181164127,train
25379,39627654189549099,train
25375,39627654193743528,train
25378,39627654197938145,train
25374,39627654197941900,train
25377,39627654202132873,train
6169,39627654206327969,train
25368,39627654206327969,train
25239,39627654239879825,train
25242,39627654244076505,train
25244,39627654244077490,train
25240,39627654252462386,train
25268,39627654286020705,train
25271,39627654294406597,train
6128,39627654294406882,train
25272,39627654294406882,train
25252,39627654298603468,train
6126,39627654298603472,train
25279,39627654315380537,train
25282,39627654319571072,train
25277,39627654319574186,train
25276,39627654323766252,train
25099,39627654332158610,train
25100,39627654336348488,train
4992,39627654365708387,train
4982,39627654374098991,train
19261,39627654374098991,train
19270,39627654382488428,train
19269,39627654386682402,train
19280,39627654399264604,train
4985,39627654403461820,train
19278,39627654403461820,train
19274,39627654411848450,train
19143,39627654428625343,train
19197,39627654449597846,train
19202,39627654462180677,train
19171,39627654470568570,train
4941,39627654474760422,train
4937,39627654478958200,train
19166,39627654478958200,train
19167,39627654483150399,train
4940,39627654483153089,train
19178,39627654495735916,train
17430,39627654512511765,train
17433,39627654529290075,train
4144,39627654529291727,train
17434,39627654529291727,train
17592,39627654550259125,train
17572,39627654571229862,train
17573,39627654571232811,train
17526,39627654629954765,train
17524,39627654646731459,train
4176,39627654659310260,train
17339,39627654705447254,train
4109,39627654718029989,train
17344,39627654722225516,train
17938,39627654730615355,train
4387,39627654751585115,train
17913,39627654755781659,train
17900,39627654768363201,train
17895,39627654772556206,train
4389,39627654772556528,train
4376,39627654772556681,train
17915,39627654772557804,train
17919,39627654772558310,train
17916,39627654780946226,train
17783,39627654810308906,train
4321,39627654810308916,train
17770,39627654814501527,train
4325,39627654839669281,train
17806,39627654839670478,train
4328,39627654852247692,train
17808,39627654869029541,train
17811,39627654885803457,train
10520,39627654885807053,train
10768,39627654927747850,train
10722,39627654931942502,train
10732,39627654936137619,train
10734,39627654940330321,train
1441,39627654940333689,train
1450,39627654965494879,train
10577,39627654982273954,train
10591,39627654982275184,train
1401,39627654990662657,train
10582,39627654990664172,train
10584,39627654999052148,train
10583,39627654999053803,train
10586,39627655003245515,train
1399,39627655003245957,train
10605,39627655049381146,train
1406,39627655049383762,train
10618,39627655053578565,train
1409,39627655061963514,train
10625,39627655061966278,train
10623,39627655066159006,train
10392,39627655070356383,train
10394,39627655074547845,train
10401,39627655078740641,train
1327,39627655078742306,train
10397,39627655087132308,train
10398,39627655087133906,train
10405,39627655091326778,train
10386,39627655099713930,train
2935,39627655103907660,train
2937,39627655108104204,train
14664,39627655108104204,train
14669,39627655116493466,train
14668,39627655120685022,train
14628,39627655129074512,train
14623,39627655133267344,train
14624,39627655133268604,train
14636,39627655150046921,train
14634,39627655150047209,train
14639,39627655154242702,train
2920,39627655158434624,train
2921,39627655162630640,train
2924,39627655162630665,train
14460,39627655166821575,train
2836,39627655166823887,train
2839,39627655175209098,train
14456,39627655187796357,train
2831,39627655191989805,train
14545,39627655204573850,train
14490,39627655225543192,train
14481,39627655233934436,train
2853,39627655242321145,train
2850,39627655246515976,train
2852,39627655254902110,train
2855,39627655254905356,train
14506,39627655254905356,train
2849,39627655259097721,train
1637,39627655267487565,train
11282,39627655271678670,train
11278,39627655275874343,train
1638,39627655284261357,train
1738,39627655292653159,train
11579,39627655301042542,train
11580,39627655305233101,train
11577,39627655309426820,train
1724,39627655313626172,train
1726,39627655322013837,train
1680,39627655363955362,train
11378,39627655368147263,train
11368,39627655368147271,train
11374,39627655372344010,train
11365,39627655376538182,train
11375,39627655376540266,train
1671,39627655380735214,train
11457,39627655397511263,train
1698,39627655401702689,train
11399,39627655401705446,train
11404,39627655405898093,train
11419,39627655422674748,train
1687,39627655443647928,train
1686,39627655443651240,train
11427,39627655447838878,train
11424,39627655447840709,train
1563,39627655452036695,train
1561,39627655452038311,train
11106,39627655452038311,train
11108,39627655460426745,train
11109,39627655464619626,train
1556,39627655473008457,train
11091,39627655477199967,train
12106,39627655477202374,train
12095,39627655477204471,train
12104,39627655481397005,train
1928,39627655485589531,train
12105,39627655485589531,train
12098,39627655493976394,train
12030,39627655498173150,train
12036,39627655502369534,train
12028,39627655519147660,train
12045,39627655527531157,train
12053,39627655527532292,train
1914,39627655527533082,train
12057,39627655535921565,train
12056,39627655535923032,train
12049,39627655535924567,train
11881,39627655540118822,train
11890,39627655556890836,train
1851,39627655556896564,train
11889,39627655556896564,train
11886,39627655565284742,train
11860,39627655565284831,train
11950,39627655573669969,train
1872,39627655577863799,train
11952,39627655577863799,train
11899,39627655590448676,train
11900,39627655594643308,train
1854,39627655594643352,train
11910,39627655598834367,train
11902,39627655603028596,train
11903,39627655611419980,train
11893,39627655615615886,train
11917,39627655619808672,train
11921,39627655624000958,train
11922,39627655628197242,train
1862,39627655628199489,train
26796,39627655636586645,train
26988,39627655678526624,train
6495,39627655686917124,train
6497,39627655695305344,train
6499,39627655707887579,train
26938,39627655707889407,train
26959,39627655712086796,train
26954,39627655716279994,train
26956,39627655724664002,train
26957,39627655724667706,train
26955,39627655724669233,train
26840,39627655758222813,train
26888,39627655766608740,train
6463,39627655783387985,train
26870,39627655783387985,train
26868,39627655787578178,train
26866,39627655800161363,train
26871,39627655800163565,train
24865,39627658702625968,train
24871,39627658723595372,train
24868,39627658731982036,train
24666,39627658744566433,train
24671,39627658748762084,train
24672,39627658748762916,train
24670,39627658761343826,train
24717,39627658794893871,train
9762,39627658853618828,train
9767,39627658857808919,train
9764,39627658862002995,train
9755,39627658878779866,train
9754,39627658878779963,train
9727,39627658887172783,train
9725,39627658887173407,train
9724,39627658891363233,train
9722,39627658891368090,train
9718,39627658899752354,train
9719,39627658903945351,train
9740,39627658903946241,train
9739,39627658903950318,train
9728,39627658912335488,train
1091,39627658920725344,train
9730,39627658929113280,train
9738,39627658929113422,train
9605,39627658945888541,train
9607,39627658945891366,train
9610,39627658950082872,train
9602,39627658950085839,train
9680,39627658950088184,train
1069,39627658954280396,train
9668,39627658958472295,train
1065,39627658962668172,train
1051,39627658987835597,train
9637,39627658992029628,train
9653,39627659000414779,train
1054,39627659004609305,train
870,39627659054942733,train
9130,39627659054942733,train
9131,39627659059138648,train
872,39627659063330986,train
9127,39627659063330986,train
9090,39627659080110948,train
9092,39627659084301220,train
9091,39627659084303665,train
9093,39627659092688972,train
9113,39627659096884297,train
9095,39627659101077843,train
857,39627659117856577,train
9106,39627659117856577,train
29859,39627659117856577,train
9105,39627659117858603,train
8939,39627659117859285,train
779,39627659122050032,train
8940,39627659126247235,train
773,39627659138827779,train
9003,39627659163994856,train
8966,39627659176576312,train
8967,39627659184967664,train
8978,39627659189163649,train
796,39627659197547987,train
8977,39627659197547987,train
794,39627659201743908,train
8472,39627659218523511,train
623,39627659218523763,train
8473,39627659231102276,train
958,39627659252075309,train
6091,39627660158042707,train
6092,39627660162242052,train
25156,39627660162242052,train
25159,39627660174819821,train
6177,39627660204179961,train
25373,39627660204179961,train
6175,39627660208377574,train
25394,39627660225156293,train
25381,39627660229349267,train
25322,39627660271289385,train
25270,39627660300648879,train
25267,39627660304846790,train
25291,39627660313236310,train
25284,39627660321621566,train
25273,39627660321622539,train
25283,39627660321624129,train
6130,39627660330009526,train
25281,39627660334205510,train
6131,39627660334205537,train
6132,39627660338397309,train
6133,39627660338397342,train
25286,39627660338400311,train
25103,39627660346788282,train
6080,39627660350982745,train
6081,39627660350983879,train
25106,39627660350983879,train
25104,39627660359372822,train
19298,39627660376147244,train
19295,39627660380340993,train
19304,39627660384535020,train
4996,39627660384537365,train
19267,39627660409700866,train
4991,39627660413897830,train
4987,39627660418092610,train
19275,39627660418092610,train
4986,39627660426479308,train
19273,39627660426479308,train
19279,39627660430674818,train
19281,39627660434868713,train
4957,39627660460033229,train
19220,39627660460033229,train
19195,39627660464229029,train
19209,39627660481006570,train
4953,39627660485201857,train
19208,39627660485201857,train
4939,39627660501979781,train
19170,39627660501979781,train
19174,39627660518755906,train
19181,39627660522948257,train
17431,39627660539724501,train
17436,39627660543919915,train
17432,39627660548114805,train
17601,39627660552310201,train
17607,39627660552311495,train
17593,39627660564894043,train
17598,39627660577474312,train
17575,39627660602643015,train
17574,39627660606833287,train
17576,39627660606833586,train
4167,39627660632002021,train
4185,39627660652970524,train
17531,39627660669751735,train
17512,39627660715887802,train
17340,39627660724275186,train
17343,39627660728470591,train
17342,39627660728471666,train
17341,39627660732663933,train
17944,39627660749444033,train
17939,39627660757828014,train
17945,39627660762022176,train
17918,39627660808160197,train
17784,39627660820742351,train
4342,39627660850103122,train
17845,39627660850105956,train
17805,39627660866880056,train
4336,39627660879465117,train
17827,39627660879465117,train
4339,39627660879465518,train
17828,39627660879465518,train
4338,39627660879467542,train
17824,39627660879467542,train
17814,39627660900435853,train
10523,39627660917211811,train
1381,39627660917214416,train
10521,39627660917214587,train
10763,39627660950766904,train
10730,39627660959159296,train
1442,39627660959159298,train
1443,39627660980129377,train
1444,39627660980130840,train
10740,39627660980130840,train
1448,39627660984320573,train
1449,39627660984324139,train
10587,39627661005294960,train
10589,39627661017878965,train
1417,39627661022072899,train
10661,39627661047235600,train
10614,39627661055625062,train
10641,39627661072404310,train
10621,39627661076598451,train
10619,39627661089182763,train
10402,39627661097569869,train
1328,39627661110154425,train
14662,39627661122735548,train
14672,39627661139511542,train
2918,39627661147898318,train
14626,39627661147898318,train
14627,39627661152096696,train
14641,39627661168874325,train
2925,39627661181454241,train
14642,39627661189841425,train
2838,39627661194040152,train
14467,39627661206623177,train
14557,39627661215007947,train
14558,39627661215011715,train
2889,39627661215011718,train
14546,39627661219201861,train
2848,39627661252757749,train
2871,39627661261145602,train
14531,39627661261145602,train
2870,39627661261146343,train
14524,39627661261146343,train
2872,39627661261146362,train
14532,39627661261146369,train
14498,39627661261147102,train
14502,39627661261148947,train
14501,39627661265339332,train
14499,39627661265341886,train
14500,39627661265344647,train
2851,39627661269533574,train
14497,39627661269533574,train
14496,39627661269537004,train
14508,39627661282116292,train
11285,39627661286314659,train
11281,39627661290506603,train
11283,39627661294699972,train
11276,39627661298895041,train
11275,39627661298899112,train
11599,39627661307284100,train
11582,39627661307285205,train
1737,39627661311476322,train
11573,39627661315671270,train
11576,39627661315672614,train
11578,39627661319866577,train
1725,39627661336644042,train
11542,39627661345033929,train
11543,39627661349224547,train
11565,39627661349230093,train
1732,39627661353420636,train
11560,39627661353420636,train
11559,39627661353422319,train
11545,39627661357616180,train
1681,39627661382782271,train
11371,39627661382782271,train
11373,39627661382782982,train
11366,39627661391172224,train
11473,39627661395366326,train
1703,39627661395367149,train
11479,39627661395367149,train
11376,39627661399556479,train
11414,39627661441501910,train
11416,39627661441502272,train
11415,39627661441503787,train
11445,39627661441504303,train
11441,39627661445697327,train
1692,39627661449890244,train
11426,39627661458281615,train
11425,39627661462475419,train
11436,39627661470860724,train
1564,39627661475055581,train
11110,39627661479250472,train
12125,39627661496025716,train
12100,39627661496027544,train
12103,39627661508613617,train
12099,39627661512806972,train
12108,39627661516999395,train
12039,39627661525388226,train
12041,39627661525389886,train
1911,39627661529580902,train
12037,39627661529584890,train
12044,39627661533778740,train
12038,39627661537968297,train
12042,39627661537972329,train
1924,39627661542164270,train
12050,39627661554746782,train
12070,39627661563135093,train
11885,39627661575717489,train
11887,39627661579912430,train
1850,39627661579915298,train
11884,39627661579915298,train
11908,39627661617664297,train
1857,39627661621859245,train
11913,39627661621859245,train
1859,39627661626053881,train
11918,39627661638633111,train
1861,39627661638635414,train
11920,39627661642826683,train
26799,39627661672186638,train
6453,39627661672186895,train
6454,39627661676385051,train
6509,39627661680575725,train
6507,39627661688966672,train
26987,39627661688967750,train
26989,39627661697353912,train
6496,39627661705747335,train
6500,39627661714132152,train
26952,39627661714132152,train
26951,39627661718328756,train
6498,39627661726716443,train
6502,39627661730906425,train
26980,39627661730911715,train
26958,39627661743491992,train
26960,39627661743495375,train
26969,39627661751878191,train
26848,39627661760269823,train
6460,39627661772853045,train
6472,39627661793823955,train
26887,39627661793826370,train
26886,39627661798018358,train
6471,39627661798019068,train
26873,39627661831572833,train
24869,39627664750812595,train
24883,39627664763395716,train
24885,39627664767586271,train
24880,39627664771781178,train
24668,39627664771781984,train
24771,39627664788555198,train
24755,39627664817914343,train
24714,39627664817917188,train
24716,39627664822112109,train
24718,39627664826303985,train
24711,39627664826304944,train
24734,39627664830501431,train
24723,39627664843084256,train
24732,39627664855666752,train
24725,39627664864055072,train
24190,39627664872445045,train
9765,39627664880833502,train
9759,39627664885023175,train
1098,39627664897606578,train
9726,39627664910193357,train
9747,39627664922775616,train
9743,39627664926967409,train
9742,39627664926969869,train
1094,39627664935355936,train
9731,39627664947940846,train
9736,39627664947940939,train
9733,39627664960521109,train
9613,39627664968909573,train
9678,39627664977303087,train
9679,39627664981493270,train
1067,39627664985690549,train
9671,39627665002465018,train
1058,39627665019245075,train
9657,39627665023439395,train
1061,39627665027630031,train
9652,39627665027630031,train
1055,39627665048601087,train
9647,39627665052796719,train
8809,39627665056989453,train
8808,39627665056994086,train
9140,39627665069573342,train
9138,39627665086354691,train
9118,39627665111518144,train
9117,39627665111520469,train
9108,39627665124098128,train
9096,39627665124099337,train
9101,39627665124103703,train
852,39627665128292475,train
855,39627665136686268,train
856,39627665140880571,train
9103,39627665140880571,train
818,39627665166045082,train
9016,39627665170235468,train
9013,39627665170239767,train
811,39627665174432036,train
8995,39627665174432036,train
9004,39627665187018669,train
793,39627665203794901,train
8986,39627665216372997,train
8973,39627665224764562,train
8979,39627665233155022,train
8981,39627665233156415,train
8470,39627665245735074,train
9272,39627665249928834,train
9278,39627665249931686,train
9271,39627665258319073,train
9262,39627665266706021,train
9265,39627665270902513,train
9261,39627665275093139,train
7246,39627666168485212,train
7247,39627666181062742,train
7241,39627666181066886,train
6188,39627666197845258,train
25416,39627666197845258,train
6187,39627666206228746,train
25412,39627666206228746,train
25405,39627666214619895,train
25409,39627666218812302,train
25411,39627666231395245,train
25408,39627666231395815,train
25380,39627666256562776,train
6178,39627666260755282,train
25384,39627666260755282,train
25388,39627666269144395,train
6122,39627666285921714,train
25243,39627666285921714,train
25323,39627666290115129,train
6145,39627666311088369,train
25318,39627666311088369,train
25314,39627666319477862,train
25319,39627666323672379,train
25269,39627666332060465,train
6136,39627666340450047,train
25288,39627666340450047,train
25292,39627666340450969,train
25280,39627666353032532,train
6134,39627666361418724,train
19313,39627666378197911,train
25105,39627666378199089,train
6079,39627666378199103,train
5001,39627666390780848,train
19314,39627666390780848,train
19315,39627666390782250,train
19311,39627666394975432,train
19296,39627666394975772,train
19297,39627666403360946,train
4993,39627666403361004,train
19300,39627666403361004,train
19299,39627666403362370,train
19301,39627666403362374,train
19285,39627666428527056,train
19287,39627666428528063,train
19277,39627666445307219,train
4988,39627666453694711,train
19142,39627666466280199,train
19141,39627666474666504,train
19196,39627666495636414,train
19211,39627666504029246,train
19205,39627666508219233,train
19210,39627666508220063,train
19204,39627666508221243,train
19168,39627666520803738,train
19189,39627666524996168,train
19180,39627666541774351,train
4942,39627666545968636,train
19176,39627666545968636,train
4944,39627666545971389,train
19185,39627666545972584,train
4945,39627666550162529,train
17602,39627666571137714,train
17608,39627666575330954,train
17605,39627666579526573,train
17595,39627666587913790,train
17591,39627666617273796,train
17577,39627666629857417,train
17583,39627666642440316,train
4217,39627666650827866,train
17581,39627666650827874,train
4215,39627666650827880,train
17579,39627666655019121,train
17497,39627666655021852,train
4186,39627666692768617,train
17529,39627666692768617,train
17510,39627666701160864,train
17515,39627666738909458,train
4177,39627666747298616,train
4405,39627666759881379,train
17955,39627666759881379,train
17943,39627666776657237,train
4400,39627666776657611,train
17940,39627666776658304,train
4403,39627666780851227,train
4402,39627666793434015,train
17928,39627666806018211,train
4391,39627666814405945,train
17925,39627666814405945,train
4320,39627666843763663,train
17782,39627666843763663,train
17786,39627666843767563,train
17852,39627666856349666,train
17844,39627666873124826,train
17851,39627666873127860,train
17850,39627666881516332,train
4329,39627666894098424,train
17804,39627666894098424,train
4330,39627666915067199,train
17812,39627666915067199,train
17810,39627666915069247,train
17809,39627666915069386,train
17823,39627666923457544,train
17817,39627666931843699,train
17815,39627666931846960,train
17820,39627666931847014,train
10772,39627666973788649,train
10746,39627666990569381,train
10743,39627667003146649,train
1447,39627667015732035,train
10666,39627667049283651,train
10642,39627667091227038,train
1412,39627667091228260,train
10640,39627667095422803,train
10631,39627667112200566,train
10629,39627667112202888,train
10630,39627667112203942,train
10634,39627667116393185,train
10635,39627667116395626,train
10633,39627667120590496,train
14683,39627667137364865,train
2940,39627667137367258,train
14679,39627667137367258,train
14674,39627667162531733,train
14673,39627667166728122,train
14622,39627667175116841,train
2927,39627667187701502,train
14640,39627667196088403,train
14632,39627667204473718,train
14633,39627667204475413,train
2926,39627667221252000,train
14470,39627667221255633,train
14571,39627667229643692,train
14567,39627667238029821,train
2886,39627667238029829,train
14552,39627667254806142,train
2883,39627667263194596,train
14491,39627667263198403,train
14493,39627667271582034,train
2873,39627667275778168,train
14521,39627667275778168,train
2869,39627667279972513,train
14525,39627667279972517,train
2875,39627667279973333,train
2864,39627667279973967,train
14527,39627667279973967,train
2874,39627667279974571,train
2865,39627667279975647,train
14503,39627667292554330,train
14517,39627667296751965,train
2859,39627667300945840,train
2856,39627667309331044,train
14507,39627667309331044,train
11273,39627667321914070,train
11272,39627667321916741,train
11600,39627667326108844,train
11597,39627667330305895,train
11572,39627667338694306,train
11581,39627667338694495,train
11575,39627667342889184,train
1740,39627667347083391,train
11591,39627667347083629,train
11590,39627667355469169,train
1741,39627667355470160,train
11584,39627667359662322,train
11544,39627667368054732,train
1733,39627667376442811,train
11550,39627667397411810,train
11557,39627667401607132,train
11558,39627667401609333,train
11379,39627667405802659,train
11478,39627667418382624,train
11481,39627667418383748,train
11475,39627667418385141,train
11472,39627667418385364,train
1702,39627667422581438,train
11476,39627667426771895,train
11467,39627667451938803,train
11470,39627667451941752,train
11440,39627667464523717,train
11433,39627667498078756,train
11114,39627667506462942,train
11111,39627667506466547,train
12118,39627667519049531,train
12120,39627667523240617,train
12123,39627667523242130,train
12101,39627667527438820,train
12107,39627667531629653,train
1930,39627667540018576,train
12110,39627667540024242,train
12111,39627667544211904,train
12043,39627667552603337,train
12080,39627667556798251,train
12075,39627667560992794,train
12051,39627667577766689,train
12055,39627667577768779,train
12069,39627667590350230,train
1917,39627667594545157,train
12068,39627667594545157,train
11968,39627667615518720,train
1881,39627667615520401,train
1876,39627667623909432,train
11946,39627667623909566,train
1877,39627667636489192,train
11906,39627667649072460,train
11935,39627667649073201,train
11939,39627667653267722,train
11933,39627667657460351,train
11937,39627667661655501,train
11932,39627667665846418,train
11916,39627667670044477,train
11919,39627667670044576,train
11914,39627667670044657,train
1864,39627667674240860,train
1865,39627667682628725,train
11930,39627667682628725,train
11929,39627667682628726,train
11926,39627667686818224,train
6510,39627667703599214,train
27002,39627667703599214,train
27003,39627667703601371,train
26998,39627667711986272,train
26990,39627667716183475,train
26979,39627667745543486,train
6503,39627667749732800,train
26978,39627667749736506,train
26864,39627667833624390,train
26880,39627667842013096,train
26879,39627667846202147,train
6467,39627667846206640,train
6466,39627667846207314,train
24888,39627670769632051,train
24886,39627670773828081,train
24875,39627670778024178,train
24877,39627670782222871,train
24881,39627670794799142,train
24879,39627670794800241,train
24882,39627670794801964,train
24765,39627670803192077,train
24772,39627670807383816,train
24769,39627670811577543,train
24760,39627670828351764,train
24754,39627670840936578,train
24762,39627670840937547,train
24791,39627670849323243,train
24736,39627670853518282,train
24737,39627670861907062,train
24738,39627670866101113,train
24733,39627670878683441,train
24731,39627670878684844,train
24730,39627670887073367,train
24726,39627670891269185,train
9758,39627670903852830,train
9766,39627670908043671,train
9761,39627670912238855,train
9760,39627670912240557,train
9756,39627670937404403,train
9746,39627670941601544,train
9748,39627670945795630,train
1096,39627670949990497,train
9744,39627670958375849,train
9734,39627670975153712,train
9791,39627670987735987,train
1073,39627670991934673,train
9674,39627670996127406,train
9675,39627670996127805,train
1057,39627671046459262,train
9654,39627671046459262,train
1056,39627671046459292,train
9650,39627671046459292,train
9882,39627671080011807,train
9883,39627671080014088,train
879,39627671100986670,train
877,39627671100986694,train
9135,39627671105180828,train
874,39627671117763240,train
873,39627671117763556,train
9137,39627671117763556,train
9136,39627671121957642,train
9112,39627671130344860,train
862,39627671138732425,train
9109,39627671142926445,train
9110,39627671147118960,train
869,39627671151315417,train
860,39627671155511332,train
9107,39627671155511332,train
29858,39627671155511332,train
9008,39627671180676743,train
9007,39627671180677116,train
9011,39627671184867947,train
815,39627671184868593,train
9015,39627671189062284,train
9012,39627671193256321,train
9014,39627671193260662,train
813,39627671201649497,train
8982,39627671251983656,train
798,39627671256174020,train
8980,39627671260365019,train
9305,39627671268756867,train
8471,39627671268758153,train
961,39627671272950456,train
9274,39627671277142733,train
9275,39627671277146515,train
9277,39627671285535657,train
9276,39627671289726536,train
9286,39627671289728727,train
960,39627671306504939,train
9270,39627671306504975,train
9269,39627671310697546,train
7245,39627672191502971,train
7248,39627672204086345,train
7249,39627672204088913,train
25415,39627672220863995,train
25414,39627672225057444,train
6186,39627672229251419,train
25417,39627672229251419,train
25423,39627672233445460,train
6185,39627672246028245,train
25410,39627672250224138,train
25392,39627672275389081,train
25396,39627672279582971,train
6180,39627672287974568,train
25389,39627672287974568,train
25387,39627672296360012,train
25391,39627672300554743,train
6149,39627672308943243,train
6147,39627672308943284,train
25327,39627672317332598,train
25325,39627672317332823,train
25316,39627672329915756,train
25289,39627672350888618,train
25293,39627672363470969,train
25287,39627672397023401,train
19316,39627672405415506,train
19312,39627672409607833,train
4995,39627672426385954,train
19309,39627672426385954,train
4998,39627672426386215,train
19306,39627672438967772,train
19323,39627672447353018,train
5004,39627672447355535,train
19322,39627672447355535,train
19288,39627672451547679,train
19286,39627672451549698,train
19283,39627672480907812,train
19282,39627672485104650,train
19144,39627672493492340,train
19215,39627672506077120,train
19217,39627672514464610,train
19212,39627672518659475,train
19214,39627672518660904,train
19207,39627672527046557,train
19188,39627672539634097,train
4947,39627672543826320,train
4949,39627672548019506,train
4948,39627672552212069,train
4946,39627672552212077,train
19187,39627672552212086,train
19186,39627672560602630,train
19183,39627672577379611,train
19467,39627672589960300,train
4222,39627672594156834,train
4223,39627672602555082,train
17606,39627672602555082,train
17603,39627672606738130,train
17610,39627672610935472,train
17599,39627672619324382,train
17597,39627672623519457,train
17587,39627672648679730,train
17589,39627672648685407,train
17588,39627672652873823,train
17585,39627672673845525,train
17538,39627672686431710,train
17539,39627672686434279,train
17534,39627672694820213,train
17533,39627672719986123,train
17519,39627672740958451,train
4180,39627672753540619,train
17516,39627672761928546,train
4406,39627672795484181,train
17958,39627672795484181,train
17952,39627672799677844,train
17947,39627672803870728,train
17949,39627672803871588,train
17950,39627672803871920,train
17948,39627672820646060,train
4386,39627672824841402,train
17911,39627672824841402,train
17927,39627672833229723,train
17929,39627672833232079,train
17923,39627672854202229,train
4352,39627672870981772,train
17853,39627672870981813,train
4354,39627672883566054,train
17854,39627672883566054,train
4353,39627672887758501,train
4346,39627672891951299,train
4345,39627672891951840,train
17843,39627672891951840,train
4348,39627672900338960,train
17849,39627672904532534,train
17848,39627672908729999,train
17847,39627672908730707,train
17831,39627672925509887,train
4340,39627672933894024,train
17826,39627672933894024,train
17825,39627672933894490,train
17819,39627672954868820,train
10778,39627672988421407,train
10774,39627672992615931,train
10771,39627672992617213,train
10777,39627672996811593,train
10770,39627673005198197,train
1473,39627673009395310,train
10742,39627673009396483,train
1454,39627673030361844,train
10745,39627673030361844,train
10744,39627673030363287,train
10752,39627673034559442,train
1452,39627673047140007,train
1451,39627673051336530,train
10827,39627673059721725,train
10670,39627673063916499,train
10671,39627673063919397,train
10676,39627673072304366,train
10677,39627673076501558,train
10662,39627673084887612,train
1415,39627673084887616,train
10664,39627673084892263,train
10657,39627673084892294,train
10663,39627673089083436,train
10659,39627673089084872,train
10638,39627673118442097,train
10645,39627673126831100,train
14677,39627673152000862,train
14681,39627673168777572,train
14684,39627673168778204,train
14678,39627673168778429,train
2941,39627673177162218,train
14663,39627673177162892,train
14676,39627673181360089,train
14620,39627673198136201,train
2947,39627673198138923,train
14696,39627673198138923,train
14700,39627673202327748,train
14650,39627673202333362,train
14646,39627673206524478,train
14649,39627673206525299,train
14653,39627673214913613,train
14651,39627673219106069,train
2922,39627673223300497,train
14637,39627673223301300,train
14645,39627673231690221,train
14643,39627673235884499,train
14644,39627673240082299,train
14565,39627673248468951,train
14570,39627673252662854,train
14569,39627673252663093,train
2888,39627673261051825,train
14560,39627673261051825,train
2890,39627673265246856,train
14574,39627673269440779,train
14549,39627673273632661,train
14551,39627673273633146,train
14554,39627673273634177,train
2884,39627673282023506,train
14550,39627673282023506,train
14533,39627673298800235,train
14519,39627673298801093,train
14528,39627673302991903,train
2863,39627673302994142,train
14523,39627673302994142,train
14522,39627673307187932,train
14520,39627673311381499,train
14530,39627673315575922,train
14542,39627673315576460,train
14534,39627673315577956,train
2860,39627673332351203,train
14515,39627673336548504,train
1745,39627673340744208,train
11594,39627673340744208,train
11598,39627673353327251,train
1743,39627673357523468,train
11603,39627673361714419,train
11593,39627673370103438,train
11589,39627673378493069,train
11585,39627673382687627,train
11562,39627673395265663,train
11564,39627673403655384,train
11547,39627673412042852,train
11549,39627673416241771,train
11556,39627673424626691,train
1730,39627673428823881,train
11554,39627673433015396,train
1704,39627673441405279,train
1706,39627673445600041,train
11477,39627673445600237,train
11471,39627673449794664,train
11487,39627673458181215,train
11466,39627673462378284,train
11468,39627673470766406,train
11462,39627673470767661,train
1707,39627673483347609,train
11491,39627673483347609,train
1690,39627673483347736,train
11444,39627673483348566,train
1693,39627673483349862,train
11437,39627673487543257,train
1691,39627673487543795,train
11443,39627673491739434,train
11446,39627673495933128,train
11449,39627673504322496,train
11434,39627673508512738,train
11432,39627673525291994,train
13051,39627673525293586,train
1934,39627673529485018,train
12127,39627673529485018,train
12122,39627673542067694,train
12119,39627673542069579,train
1935,39627673546264274,train
12128,39627673550459344,train
12116,39627673567232938,train
12082,39627673575626617,train
12078,39627673579816956,train
12079,39627673584011025,train
12085,39627673596592285,train
12083,39627673596593443,train
12072,39627673596593452,train
12065,39627673600789596,train
12066,39627673613369501,train
12062,39627673613374438,train
12067,39627673617564290,train
1920,39627673617565107,train
12187,39627673621761664,train
11971,39627673630147776,train
11963,39627673651120204,train
1880,39627673651122001,train
11961,39627673655316982,train
11958,39627673663706142,train
11959,39627673667896117,train
11986,39627673672090525,train
11936,39627673684674233,train
11925,39627673701455448,train
12327,39627673718228177,train
27001,39627673726620117,train
6513,39627673726621517,train
26997,39627673735007939,train
27008,39627673739203592,train
26993,39627673747589016,train
26996,39627673760174990,train
26975,39627673768563284,train
6505,39627673768563705,train
26976,39627673776950414,train
26977,39627673776951187,train
26973,39627673785338037,train
26970,39627673789535046,train
26968,39627673802114395,train
26965,39627673802118505,train
26966,39627673806308488,train
26897,39627673814700775,train
26899,39627673823085365,train
26901,39627673823085466,train
26895,39627673831473635,train
6477,39627673831480056,train
26890,39627673839865600,train
26889,39627673848254572,train
26874,39627673856646181,train
26878,39627673869222394,train
26877,39627673869222654,train
26876,39627673877617196,train
24887,39627676788459634,train
24889,39627676788463495,train
24890,39627676792656478,train
24894,39627676796848321,train
24895,39627676796850794,train
24899,39627676796851614,train
24873,39627676805234913,train
24874,39627676805242282,train
24878,39627676809429251,train
24911,39627676830401965,train
24768,39627676830404882,train
24766,39627676834600222,train
24778,39627676842987044,train
24773,39627676847182914,train
24761,39627676855567501,train
24752,39627676859762282,train
24753,39627676859763944,train
24758,39627676859764504,train
24792,39627676868150347,train
24790,39627676868151893,train
24741,39627676889123125,train
24750,39627676893317786,train
24727,39627676901707410,train
24728,39627676910093707,train
9988,39627676918485751,train
9763,39627676922679304,train
1100,39627676943648584,train
9769,39627676947841598,train
1099,39627676952040467,train
1104,39627676964619441,train
9745,39627676981397083,train
9737,39627676998175391,train
1116,39627677006566906,train
9790,39627677010759476,train
9682,39627677035921695,train
9685,39627677052705238,train
1060,39627677069480431,train
9651,39627677069480431,train
9656,39627677073674566,train
1062,39627677077865419,train
9663,39627677077865419,train
9648,39627677094642556,train
9143,39627677124002648,train
9142,39627677128196258,train
9133,39627677136585212,train
9134,39627677136586501,train
863,39627677157559596,train
864,39627677157560135,train
9114,39627677161751897,train
9111,39627677170140481,train
29860,39627677174338434,train
858,39627677182724588,train
9102,39627677191111413,train
9165,39627677191114692,train
816,39627677203698819,train
29857,39627677203698819,train
819,39627677220474313,train
812,39627677228860079,train
9006,39627677228860079,train
799,39627677258222258,train
8983,39627677258222258,train
8988,39627677258223132,train
8985,39627677258224166,train
801,39627677270803580,train
9293,39627677287584076,train
9290,39627677287585376,train
9291,39627677291775298,train
9292,39627677291777431,train
9273,39627677300163131,train
9279,39627677308551436,train
9280,39627677308553466,train
9285,39627677312747854,train
9284,39627677312748371,train
963,39627677316941203,train
9267,39627677325331775,train
9268,39627677325332276,train
959,39627677329524334,train
9266,39627677333719404,train
7251,39627678214522334,train
7243,39627678218717956,train
298,39627678222910812,train
304,39627678235492933,train
7266,39627678235492934,train
7268,39627678235493363,train
7269,39627678239687136,train
25413,39627678248080011,train
25424,39627678252269857,train
25407,39627678264856800,train
25393,39627678294212682,train
25451,39627678327771893,train
6152,39627678352934711,train
25332,39627678352934711,train
25328,39627678357127913,train
25315,39627678361322020,train
6144,39627678361324198,train
25290,39627678386488209,train
6135,39627678386491862,train
6139,39627678394877616,train
25307,39627678394880279,train
25297,39627678399071153,train
25304,39627678399075430,train
25294,39627678403266227,train
25285,39627678411654183,train
19854,39627678424238274,train
19310,39627678428431535,train
19321,39627678445208257,train
4997,39627678453599898,train
4994,39627678457794710,train
19308,39627678457794710,train
19305,39627678457794743,train
19307,39627678461988365,train
4989,39627678478763294,train
19225,39627678545871252,train
19206,39627678550067218,train
19229,39627678566844493,train
19193,39627678579429931,train
19462,39627678612979855,train
19466,39627678612981189,train
17600,39627678617176879,train
4225,39627678621369837,train
17612,39627678638145641,train
4219,39627678671701336,train
17578,39627678688477594,train
17580,39627678692676193,train
17537,39627678717839911,train
4189,39627678717840641,train
17536,39627678717840641,train
17540,39627678722031775,train
4188,39627678743004240,train
4181,39627678759784678,train
4183,39627678772365033,train
17520,39627678772365033,train
4182,39627678780752380,train
17513,39627678793337457,train
18545,39627678797532350,train
18541,39627678801725654,train
17953,39627678805919393,train
17959,39627678826892707,train
4398,39627678868835218,train
17935,39627678868835218,train
4390,39627678877222798,train
17922,39627678877224131,train
17921,39627678881420250,train
17924,39627678885611062,train
17846,39627678927553979,train
17865,39627678935941486,train
4357,39627678944331963,train
17833,39627678944333356,train
17830,39627678952719605,train
4337,39627678952720331,train
17836,39627678965304596,train
17837,39627678969495832,train
17821,39627678973691028,train
4335,39627678977885063,train
4334,39627678982078710,train
17822,39627678982078710,train
10773,39627679019827550,train
1466,39627679024022170,train
10775,39627679024025422,train
10776,39627679024025968,train
10790,39627679028218414,train
1461,39627679053382870,train
10761,39627679053382870,train
10759,39627679053383170,train
1458,39627679053385947,train
10825,39627679082743849,train
10824,39627679082745143,train
10673,39627679086938510,train
1419,39627679091131996,train
10669,39627679091131996,train
10668,39627679091132246,train
10672,39627679091133512,train
10667,39627679095326941,train
10678,39627679095329345,train
1422,39627679099519136,train
1421,39627679099521353,train
10684,39627679107908917,train
10660,39627679116296280,train
1425,39627679124688520,train
10686,39627679133073560,train
10636,39627679137268258,train
1411,39627679137269848,train
10643,39627679145658489,train
10644,39627679145660111,train
10653,39627679145662334,train
10647,39627679149854722,train
10646,39627679158240950,train
10627,39627679158244079,train
10626,39627679170824658,train
15495,39627679175020644,train
14682,39627679183406730,train
14686,39627679191794912,train
14690,39627679191798250,train
2945,39627679200184685,train
14694,39627679204378398,train
2943,39627679204379475,train
14671,39627679208575739,train
14675,39627679208575793,train
2951,39627679225350029,train
14652,39627679233739961,train
14648,39627679233739968,train
2930,39627679250516053,train
2931,39627679250518207,train
14733,39627679263101508,train
14729,39627679271485839,train
2885,39627679279875102,train
14556,39627679279875102,train
2887,39627679284070334,train
14566,39627679284071281,train
14578,39627679288262814,train
14580,39627679288265657,train
2891,39627679292458112,train
2894,39627679292460899,train
14572,39627679292460899,train
14547,39627679300849907,train
2900,39627679313428618,train
14587,39627679313428623,train
2901,39627679313428633,train
14529,39627679321823798,train
2862,39627679326012394,train
14512,39627679351177370,train
2858,39627679355374000,train
14865,39627679359567394,train
11601,39627679388926125,train
1748,39627679393120655,train
11592,39627679393124009,train
11586,39627679401509462,train
11612,39627679405706718,train
11566,39627679414096947,train
11561,39627679422483976,train
11571,39627679426677655,train
1736,39627679435065846,train
11555,39627679439262262,train
11553,39627679443452763,train
11647,39627679451843953,train
1768,39627679456035421,train
11652,39627679456038199,train
1705,39627679468619760,train
11474,39627679468621353,train
11490,39627679477010512,train
11489,39627679477011063,train
11488,39627679477011703,train
11482,39627679481204804,train
11483,39627679481204880,train
11442,39627679518952161,train
1697,39627679523148794,train
11448,39627679523149699,train
11451,39627679527338250,train
1694,39627679527342228,train
11430,39627679535729802,train
11429,39627679539923103,train
13053,39627679548311758,train
13046,39627679548313566,train
13052,39627679548314783,train
13047,39627679552508078,train
12117,39627679565087000,train
12124,39627679565087860,train
12121,39627679565087887,train
1933,39627679565087895,train
12138,39627679573477863,train
1937,39627679573479881,train
12131,39627679573479881,train
12114,39627679581865121,train
12115,39627679581868469,train
1938,39627679598643654,train
1923,39627679602839851,train
12073,39627679607034128,train
12086,39627679611224605,train
12092,39627679619617804,train
1919,39627679628002048,train
12063,39627679628002048,train
1918,39627679628006298,train
12059,39627679628006298,train
12061,39627679636391713,train
12071,39627679636394542,train
12186,39627679648974171,train
11970,39627679657361554,train
11967,39627679661556653,train
11966,39627679661556667,train
1884,39627679665752491,train
11975,39627679665752587,train
11976,39627679665755276,train
1885,39627679665755286,train
11977,39627679665755803,train
1886,39627679669948188,train
1879,39627679678333427,train
1878,39627679678335001,train
11964,39627679678335001,train
11981,39627679695111748,train
11938,39627679699308058,train
11931,39627679703499564,train
1866,39627679716084588,train
11923,39627679720281489,train
11927,39627679724474154,train
12326,39627679732863636,train
27000,39627679745446085,train
26999,39627679753830788,train
27007,39627679766414620,train
6508,39627679774805841,train
26995,39627679774808186,train
27012,39627679787387621,train
26974,39627679804163583,train
26984,39627679808356721,train
26964,39627679816749880,train
27043,39627679837720163,train
6474,39627679841911864,train
26896,39627679841911864,train
26898,39627679846109207,train
6476,39627679858692171,train
6480,39627679883857612,train
26910,39627679883857612,train
26883,39627679904829578,train
24898,39627682815676541,train
24896,39627682824062706,train
24904,39627682824067858,train
24892,39627682828259201,train
24876,39627682832453970,train
24906,39627682845035258,train
24907,39627682845036737,train
24910,39627682845037291,train
24767,39627682857618306,train
24780,39627682866006076,train
24776,39627682870201278,train
24775,39627682870201299,train
24777,39627682874393460,train
24779,39627682874394981,train
24783,39627682878588738,train
24789,39627682891169962,train
24796,39627682895365159,train
24786,39627682895367300,train
24787,39627682899558690,train
24746,39627682912144049,train
24749,39627682916337557,train
24748,39627682916339170,train
24742,39627682924728201,train
9982,39627682933116065,train
9981,39627682933117104,train
9983,39627682945697093,train
9987,39627682945699013,train
9770,39627682970866666,train
1095,39627682996030673,train
9735,39627683021194734,train
9792,39627683042167552,train
9684,39627683050554694,train
9673,39627683071525900,train
1079,39627683075724213,train
9688,39627683075724213,train
9686,39627683075724810,train
9655,39627683092499406,train
9665,39627683105083927,train
1154,39627683134443251,train
9141,39627683138636804,train
878,39627683155411907,train
884,39627683167997660,train
9146,39627683167997660,train
882,39627683172189726,train
9145,39627683180580409,train
9124,39627683193161551,train
865,39627683201550881,train
9126,39627683201550881,train
9121,39627683205745064,train
9122,39627683205745185,train
866,39627683209938268,train
9123,39627683209938268,train
861,39627683209941988,train
9164,39627683214136215,train
9166,39627683218326070,train
814,39627683235108911,train
820,39627683239302069,train
9017,39627683247687640,train
9022,39627683256076910,train
9026,39627683260271529,train
9034,39627683260273044,train
824,39627683264465197,train
822,39627683264466514,train
9028,39627683264466514,train
823,39627683277050384,train
9033,39627683281240123,train
8984,39627683281241208,train
8991,39627683285437966,train
802,39627683298018223,train
9304,39627683310600988,train
9299,39627683314799384,train
9297,39627683318992378,train
7252,39627684229158867,train
301,39627684241735837,train
7255,39627684241735837,train
300,39627684241737395,train
303,39627684266901760,train
7270,39627684266901760,train
307,39627684266903224,train
25427,39627684283679321,train
25421,39627684292069663,train
25432,39627684308849366,train
25439,39627684317237437,train
25398,39627684338206958,train
25400,39627684338207493,train
25385,39627684342403437,train
25454,39627684346594983,train
25453,39627684363371118,train
25339,39627684367567780,train
6155,39627684367568367,train
25338,39627684371759692,train
25334,39627684371764459,train
6143,39627684392730774,train
25343,39627684401122970,train
6159,39627684405313844,train
6157,39627684409511864,train
25341,39627684413702486,train
25301,39627684417896531,train
25298,39627684422094072,train
25308,39627684430479963,train
25310,39627684430483660,train
25303,39627684434675070,train
25306,39627684434676685,train
5123,39627684443065946,train
19855,39627684443065946,train
19856,39627684443066402,train
4999,39627684455649126,train
19318,39627684472426342,train
19324,39627684489201020,train
19329,39627684493396863,train
19353,39627684539534647,train
19357,39627684547925123,train
19222,39627684573086664,train
4956,39627684581475556,train
19231,39627684598255111,train
5046,39627684640197889,train
19464,39627684640198713,train
17609,39627684652780392,train
4226,39627684656976641,train
17614,39627684656976641,train
17611,39627684661168097,train
4227,39627684669556201,train
17617,39627684669556201,train
4229,39627684669556218,train
17596,39627684673752720,train
17624,39627684677944244,train
4231,39627684682139185,train
17619,39627684694722716,train
4218,39627684715695866,train
4193,39627684745056830,train
17543,39627684745056830,train
4191,39627684761829719,train
17518,39627684791190699,train
4184,39627684807971050,train
4667,39627684816357039,train
18542,39627684837327332,train
17963,39627684837330036,train
17962,39627684837331197,train
17964,39627684841524154,train
4412,39627684845720071,train
17966,39627684845720071,train
4411,39627684845720979,train
4409,39627684854105919,train
17967,39627684854105919,train
17972,39627684866687270,train
17969,39627684866690168,train
4413,39627684866690214,train
17971,39627684870882901,train
17968,39627684879271420,train
4397,39627684887659134,train
4396,39627684887660558,train
17930,39627684887660558,train
4393,39627684887660869,train
17931,39627684900244173,train
17934,39627684900244973,train
17989,39627684925407428,train
17857,39627684937990753,train
17858,39627684937993745,train
17859,39627684937995349,train
17856,39627684942185000,train
17834,39627684979934622,train
17842,39627684984132113,train
17818,39627685000906682,train
10788,39627685030264959,train
10780,39627685030266562,train
10782,39627685030267801,train
1471,39627685034462070,train
10787,39627685038653532,train
10779,39627685042850614,train
1469,39627685042850620,train
1475,39627685059630675,train
10791,39627685059630675,train
1476,39627685063821339,train
10794,39627685068015086,train
10758,39627685084791260,train
1459,39627685084792238,train
10756,39627685088990256,train
10757,39627685093179745,train
10822,39627685105762918,train
10681,39627685135124801,train
10680,39627685139317400,train
10682,39627685139320924,train
1424,39627685151900130,train
10691,39627685151900825,train
10689,39627685156097445,train
1423,39627685160293341,train
10688,39627685160293341,train
10639,39627685164487976,train
10655,39627685181264431,train
1410,39627685189649292,train
10632,39627685189649292,train
10628,39627685189652963,train
15498,39627685193844094,train
15497,39627685202234571,train
14680,39627685210622638,train
14685,39627685214815188,train
14688,39627685214816808,train
14691,39627685219009807,train
14687,39627685219012128,train
2942,39627685227398839,train
14698,39627685248370304,train
14697,39627685248373076,train
2950,39627685252565875,train
2928,39627685260952776,train
14654,39627685260952776,train
14657,39627685265150586,train
14656,39627685265151007,train
14658,39627685269342769,train
14659,39627685273537669,train
2964,39627685294507069,train
14731,39627685294507069,train
2962,39627685294507759,train
2959,39627685298705371,train
14559,39627685307094247,train
14575,39627685315477822,train
14573,39627685323868804,train
14548,39627685328064458,train
14586,39627685332259358,train
14585,39627685336453540,train
14588,39627685340644334,train
2899,39627685344841634,train
14582,39627685344841634,train
2898,39627685353227787,train
2867,39627685357423009,train
14526,39627685357423009,train
2866,39627685357424262,train
2876,39627685357426067,train
2879,39627685361618533,train
14538,39627685361618768,train
2880,39627685365810927,train
14535,39627685370005406,train
14854,39627685382589956,train
3014,39627685386785907,train
14857,39627685386785907,train
14851,39627685390975152,train
3009,39627685390975380,train
3008,39627685399364750,train
14863,39627685399364750,train
14864,39627685399368565,train
11588,39627685424534230,train
1742,39627685428723928,train
11587,39627685428723928,train
11616,39627685437113984,train
11610,39627685445503901,train
1735,39627685445505286,train
11615,39627685445505568,train
11563,39627685449698920,train
11569,39627685449699494,train
11568,39627685453893686,train
11570,39627685470667625,train
1731,39627685470671749,train
11551,39627685470671749,train
11649,39627685483251030,train
1766,39627685487445781,train
11484,39627685508415940,train
11485,39627685512610879,train
11463,39627685516808633,train
1701,39627685521000833,train
11469,39627685521000833,train
11461,39627685521001791,train
11498,39627685529389687,train
11499,39627685529390424,train
1708,39627685533582219,train
11502,39627685533585573,train
11504,39627685533585784,train
11493,39627685537778816,train
11453,39627685554554304,train
1696,39627685558750431,train
11455,39627685562942061,train
11454,39627685567136860,train
13061,39627685583915021,train
13049,39627685583915876,train
13060,39627685583917155,train
13050,39627685588108626,train
2280,39627685588110899,train
13063,39627685592302261,train
12137,39627685592304278,train
12141,39627685621665682,train
12145,39627685621665984,train
12142,39627685625857242,train
12140,39627685625857747,train
12147,39627685638440561,train
12093,39627685651022778,train
1926,39627685651024929,train
12090,39627685651024930,train
12089,39627685651027238,train
12064,39627685659415167,train
12182,39627685667799415,train
1956,39627685667801506,train
12185,39627685667802121,train
12175,39627685671995960,train
12174,39627685676188438,train
12176,39627685676189204,train
1882,39627685684579669,train
11980,39627685692969501,train
11979,39627685697161497,train
11982,39627685726521136,train
1868,39627685734912482,train
11945,39627685734912482,train
1870,39627685734912490,train
11941,39627685739104419,train
1871,39627685751686823,train
11940,39627685751687498,train
1863,39627685755882811,train
12328,39627685764272115,train
27009,39627685785240629,train
27006,39627685797822534,train
26992,39627685802021775,train
27013,39627685806214094,train
26983,39627685831377461,train
26982,39627685831378356,train
26985,39627685835578158,train
27045,39627685856545276,train
27047,39627685860739835,train
6529,39627685860742275,train
27046,39627685860742275,train
26904,39627685877517260,train
6478,39627685890103466,train
26906,39627685890103466,train
26894,39627685894297122,train
26908,39627685906876443,train
6482,39627685911072263,train
6479,39627685919459561,train
6468,39627685923656084,train
26884,39627685923656097,train
24891,39627688855475685,train
24901,39627688855476715,train
24903,39627688859669554,train
24902,39627688863861854,train
24925,39627688863864770,train
24924,39627688868053294,train
24926,39627688868053570,train
24928,39627688868055033,train
24905,39627688876444470,train
24922,39627688884834967,train
24912,39627688884837423,train
24923,39627688889028364,train
24914,39627688889030426,train
24785,39627688897413609,train
24818,39627688909997601,train
24813,39627688914193091,train
24817,39627688914195741,train
24788,39627688922580465,train
24794,39627688922581626,train
24802,39627688935162760,train
24804,39627688935166384,train
24797,39627688939359200,train
6014,39627688939359649,train
24740,39627688943551025,train
24747,39627688943552150,train
24751,39627688947748324,train
6012,39627688947749497,train
24743,39627688956136449,train
10008,39627688960327935,train
10001,39627688960328523,train
9986,39627688977106401,train
9984,39627688977108483,train
9777,39627689002276483,train
1107,39627689006467876,train
1101,39627689019051196,train
9793,39627689073578296,train
9683,39627689081965703,train
1077,39627689086157080,train
1082,39627689102940203,train
9687,39627689107128531,train
9689,39627689111324166,train
9691,39627689115519987,train
9694,39627689128101592,train
9664,39627689132294840,train
9661,39627689140686004,train
9658,39627689140687933,train
9659,39627689144878239,train
9891,39627689170047748,train
1155,39627689174240781,train
880,39627689203600609,train
9147,39627689203600609,train
881,39627689211986800,train
887,39627689216185900,train
867,39627689224571572,train
868,39627689228766426,train
9125,39627689228766426,train
9119,39627689237151874,train
9120,39627689237152797,train
29862,39627689249738246,train
9160,39627689253930329,train
9167,39627689258126127,train
899,39627689258126626,train
9020,39627689283289760,train
9018,39627689283292553,train
9045,39627689283293567,train
9027,39627689295873937,train
9029,39627689295878037,train
9023,39627689304264528,train
9032,39627689308457152,train
9024,39627689308457202,train
9025,39627689308457626,train
804,39627689329428040,train
8990,39627689329430337,train
9303,39627689342014933,train
9296,39627689342015824,train
9301,39627689350403351,train
9306,39627689358789360,train
969,39627689362986686,train
9311,39627689362986686,train
9287,39627689383952924,train
964,39627689383955213,train
7253,39627690268951013,train
299,39627690273147209,train
7280,39627690277341497,train
7278,39627690277345393,train
312,39627690281536894,train
7279,39627690281536894,train
305,39627690281539378,train
7267,39627690294120136,train
7265,39627690298314544,train
25425,39627690306705403,train
25419,39627690315088941,train
25442,39627690331868778,train
25430,39627690331869330,train
25397,39627690361231277,train
6196,39627690386394115,train
25450,39627690386394774,train
6195,39627690390588763,train
6197,39627690394781563,train
25337,39627690403169019,train
25333,39627690407365022,train
25335,39627690411557047,train
25329,39627690415755879,train
25348,39627690419950237,train
25342,39627690428339542,train
25300,39627690453500592,train
25309,39627690457694644,train
25296,39627690457694666,train
6137,39627690457695049,train
25311,39627690457695724,train
25305,39627690466085577,train
19858,39627690487056264,train
19319,39627690495445893,train
19317,39627690512221999,train
19344,39627690512223119,train
19326,39627690533193393,train
19335,39627690537387946,train
19293,39627690545776940,train
19291,39627690554166750,train
19354,39627690570946195,train
4958,39627690587720565,train
19226,39627690587720565,train
19223,39627690600303962,train
19227,39627690617079437,train
19230,39627690625471903,train
19194,39627690638054995,train
19191,39627690650634193,train
19465,39627690663220308,train
19461,39627690667412499,train
19468,39627690671606975,train
19469,39627690679994037,train
17616,39627690688381047,train
17613,39627690688383012,train
4230,39627690688387214,train
17615,39627690696773983,train
4233,39627690709354711,train
4234,39627690709354736,train
17622,39627690709356441,train
17620,39627690717742014,train
17632,39627690721937732,train
17630,39627690726132437,train
17653,39627690747103372,train
4248,39627690751298221,train
17649,39627690776463439,train
17541,39627690784854595,train
17546,39627690801629719,train
4194,39627690810018466,train
17521,39627690830989145,train
17523,39627690835183505,train
4668,39627690851962678,train
18543,39627690856153820,train
18546,39627690868736435,train
17960,39627690885515711,train
17977,39627690910683921,train
17932,39627690927460161,train
17933,39627690931651148,train
17999,39627690935849003,train
4425,39627690956819588,train
17855,39627690973595982,train
4368,39627690986178602,train
17879,39627690986178602,train
4356,39627690990374809,train
17863,39627690990374902,train
17860,39627690994567346,train
17862,39627691002954360,train
4358,39627691011343991,train
17866,39627691015538697,train
17839,39627691015539856,train
17841,39627691019731367,train
4470,39627691032314609,train
18083,39627691044898529,train
10781,39627691065872698,train
10786,39627691070067378,train
1467,39627691070067422,train
1470,39627691078451477,train
10785,39627691078451477,train
10793,39627691086843972,train
1474,39627691091039855,train
10800,39627691103622113,train
10754,39627691107813539,train
1462,39627691116203335,train
10762,39627691116203335,train
10755,39627691116204405,train
1460,39627691120397866,train
1457,39627691120399743,train
1490,39627691128787705,train
10821,39627691128788093,train
10823,39627691137173608,train
10828,39627691137176599,train
10840,39627691149755501,train
10832,39627691149759347,train
1420,39627691158145828,train
10687,39627691191700841,train
10650,39627691216864537,train
15501,39627691225253782,train
15496,39627691233642292,train
15506,39627691242031895,train
15503,39627691246227736,train
15504,39627691246228505,train
14692,39627691263004027,train
14715,39627691267199087,train
14699,39627691283975447,train
2955,39627691292362280,train
14704,39627691296556255,train
14655,39627691296557391,train
14660,39627691309142412,train
14740,39627691309143289,train
2960,39627691334306131,train
14739,39627691342694223,train
2897,39627691351081003,train
14589,39627691388833908,train
2902,39627691393024219,train
14543,39627691393028343,train
14540,39627691393028385,train
14537,39627691397219993,train
14883,39627691405609573,train
2878,39627691409801660,train
14855,39627691418194348,train
14856,39627691418195273,train
3012,39627691426579307,train
14861,39627691426584116,train
14860,39627691430774386,train
14872,39627691434969692,train
14870,39627691434970702,train
11604,39627691439164178,train
11605,39627691443358192,train
1747,39627691447553922,train
11607,39627691447553922,train
11631,39627691455943700,train
11628,39627691455943718,train
11609,39627691460135714,train
1749,39627691464328178,train
11613,39627691464328723,train
11614,39627691476914080,train
1754,39627691481105995,train
11620,39627691481105995,train
1776,39627691502080707,train
11667,39627691502080707,train
1767,39627691510468732,train
11654,39627691518858098,train
11650,39627691523050839,train
11665,39627691523051934,train
11486,39627691539829425,train
11524,39627691548216467,train
11530,39627691552407990,train
11494,39627691564993101,train
1710,39627691569185965,train
11503,39627691569185967,train
11500,39627691569186269,train
11510,39627691573380860,train
11518,39627691573382094,train
11452,39627691585963803,train
11450,39627691585968095,train
13080,39627691594354165,train
2287,39627691594354408,train
13081,39627691594354408,train
2289,39627691598549278,train
13077,39627691598549278,train
13083,39627691598549957,train
13058,39627691611129346,train
13057,39627691615324794,train
13073,39627691623711999,train
13069,39627691623715939,train
13076,39627691627905460,train
12139,39627691636299593,train
1940,39627691653071457,train
12144,39627691657267326,train
1939,39627691657270281,train
12148,39627691657270281,train
12149,39627691661459953,train
1945,39627691665654477,train
1943,39627691665655030,train
12150,39627691665655035,train
1947,39627691669849766,train
12154,39627691669849766,train
12088,39627691678240757,train
1957,39627691695018107,train
12183,39627691695018226,train
12200,39627691699210066,train
1954,39627691699211231,train
12181,39627691711793830,train
11974,39627691732765557,train
1891,39627691736960984,train
11942,39627691774709744,train
12343,39627691787289891,train
2009,39627691804068980,train
12330,39627691804068980,train
12337,39627691812454711,train
6514,39627691812457282,train
27010,39627691816651177,train
6515,39627691829236838,train
27015,39627691837624341,train
6516,39627691841819188,train
27011,39627691841819188,train
6517,39627691854401084,train
27016,39627691854403408,train
6520,39627691858593256,train
27022,39627691858593256,train
27019,39627691858597699,train
6531,39627691879569258,train
27049,39627691887954510,train
27048,39627691892153003,train
27058,39627691900540972,train
27059,39627691908924447,train
6475,39627691913120099,train
6487,39627691929897009,train
26926,39627691929900303,train
26918,39627691946675661,train
26882,39627691959259565,train
24927,39627694899465153,train
24908,39627694907854523,train
24921,39627694912051445,train
24918,39627694924632036,train
24781,39627694933022095,train
24815,39627694937215556,train
24816,39627694941405216,train
6021,39627694941407751,train
24824,39627694949794921,train
24809,39627694962377388,train
24811,39627694966575119,train
6015,39627694974961365,train
24744,39627694974961605,train
24806,39627694974961662,train
24745,39627694979157421,train
10006,39627694991738906,train
10010,39627694991740515,train
1204,39627694991742286,train
9985,39627695000126160,train
9990,39627695000127807,train
1202,39627695000129520,train
10000,39627695004325665,train
9997,39627695008514751,train
9998,39627695012713779,train
1203,39627695025291732,train
9991,39627695025291732,train
9772,39627695046266650,train
1103,39627695050460554,train
1106,39627695054654099,train
1105,39627695063040581,train
9804,39627695079821240,train
9789,39627695092403395,train
9794,39627695096598060,train
1078,39627695146927102,train
1080,39627695146930903,train
9693,39627695146930903,train
9692,39627695151124300,train
9695,39627695163703622,train
1081,39627695163705110,train
1063,39627695167900536,train
9887,39627695205651122,train
892,39627695218233845,train
893,39627695222423728,train
889,39627695251788356,train
888,39627695255979794,train
9152,39627695255979794,train
916,39627695268564271,train
9181,39627695272759161,train
913,39627695276952734,train
901,39627695293730064,train
905,39627695293730095,train
9019,39627695310504180,train
9044,39627695323089395,train
828,39627695339868342,train
826,39627695339868861,train
825,39627695352448918,train
9035,39627695352449314,train
8992,39627695352452568,train
9322,39627695360839880,train
9319,39627695365035418,train
970,39627695369225353,train
9315,39627695369225353,train
9318,39627695369227105,train
9317,39627695369227114,train
9314,39627695373418981,train
9321,39627695373422843,train
967,39627695377614539,train
9307,39627695390201035,train
9308,39627695394390395,train
9283,39627695406976944,train
7254,39627696300360776,train
306,39627696321334960,train
309,39627696338111141,train
6189,39627696342306222,train
25422,39627696346497188,train
25420,39627696346502924,train
25445,39627696359083785,train
25433,39627696371663537,train
6190,39627696371667206,train
6192,39627696388442459,train
25440,39627696388444505,train
25459,39627696430384218,train
25456,39627696434582024,train
25336,39627696438772657,train
6153,39627696438772766,train
25330,39627696438772766,train
6154,39627696438774461,train
25331,39627696438774461,train
25340,39627696442968507,train
25346,39627696451355564,train
25347,39627696451358323,train
25345,39627696451358416,train
25350,39627696455552855,train
25349,39627696459747514,train
6158,39627696463942581,train
6142,39627696484912880,train
25312,39627696484912880,train
6140,39627696489105973,train
19863,39627696493299714,train
5130,39627696501688396,train
19862,39627696526855228,train
5128,39627696531049958,train
5009,39627696539438418,train
19345,39627696539438418,train
19337,39627696552021395,train
19332,39627696577184049,train
19289,39627696581380178,train
19290,39627696581380562,train
19292,39627696585575433,train
19374,39627696598156039,train
19363,39627696619128041,train
19360,39627696619128051,train
19361,39627696619128065,train
19365,39627696623325345,train
19224,39627696627517831,train
19221,39627696627517838,train
4969,39627696640101525,train
19243,39627696640101525,train
4961,39627696652681569,train
19228,39627696656875999,train
19234,39627696661075055,train
19239,39627696669463001,train
5051,39627696682044422,train
5052,39627696686237599,train
19476,39627696686237599,train
19478,39627696690433194,train
5045,39627696694629539,train
17643,39627696732373719,train
17640,39627696740766155,train
17618,39627696744959747,train
17631,39627696757542304,train
4237,39627696761735686,train
17628,39627696765928743,train
4247,39627696782708423,train
4192,39627696816261309,train
17542,39627696816261309,train
17545,39627696837235594,train
17550,39627696854007868,train
17547,39627696858206824,train
18547,39627696891761170,train
4669,39627696900146120,train
17965,39627696908536670,train
4410,39627696912732917,train
17961,39627696912732917,train
17970,39627696937894367,train
4395,39627696958870397,train
17996,39627696967257882,train
17875,39627697013393872,train
17882,39627697021780590,train
4365,39627697021785260,train
17876,39627697025975606,train
17861,39627697030170868,train
4359,39627697034367360,train
17872,39627697038562323,train
17838,39627697051140992,train
4468,39627697063723705,train
18101,39627697063723705,train
18087,39627697072114604,train
18086,39627697076306298,train
18092,39627697080505612,train
18093,39627697084695253,train
4465,39627697088891788,train
10808,39627697105668605,train
1482,39627697109864429,train
10798,39627697135030645,train
10801,39627697139224120,train
10751,39627697147611707,train
1493,39627697164387912,train
10843,39627697164387912,train
1487,39627697181165890,train
1489,39627697181168270,train
10841,39627697185358086,train
10836,39627697189553043,train
10829,39627697189555409,train
10679,39627697197942681,train
10699,39627697202138685,train
10697,39627697231499757,train
15509,39627697244084575,train
2944,39627697286025290,train
14693,39627697286025290,train
14719,39627697294411232,train
14695,39627697306996433,train
14711,39627697319580006,train
14705,39627697327964193,train
2932,39627697340548751,train
14661,39627697340548753,train
14742,39627697344743032,train
14741,39627697357325122,train
2963,39627697357327131,train
14732,39627697357327131,train
2966,39627697369910457,train
2896,39627697378301252,train
2893,39627697382492747,train
14601,39627697386688492,train
14605,39627697386690130,train
14603,39627697390880968,train
14584,39627697403465939,train
14594,39627697411853828,train
14598,39627697416048150,train
14599,39627697420243212,train
14541,39627697432823728,train
14877,39627697441211078,train
14876,39627697441214331,train
3018,39627697449602810,train
14881,39627697449602810,train
3011,39627697449603770,train
14859,39627697449603770,train
3010,39627697453794170,train
14853,39627697453796033,train
11606,39627697478962489,train
11611,39627697499934524,train
1753,39627697512516660,train
11623,39627697512519335,train
11617,39627697520903530,train
11567,39627697525100972,train
11672,39627697537683831,train
1773,39627697541875917,train
11651,39627697546071022,train
11653,39627697550262375,train
1769,39627697554458622,train
11660,39627697554458622,train
11663,39627697562849718,train
1716,39627697575428395,train
11521,39627697575428395,train
1720,39627697575432890,train
1715,39627697583818641,train
11525,39627697583819351,train
11505,39627697592209326,train
11501,39627697592210893,train
11517,39627697600594222,train
11515,39627697608982814,train
11512,39627697608984925,train
11509,39627697608988487,train
1695,39627697617377990,train
13097,39627697625761920,train
13091,39627697625764037,train
13086,39627697634149691,train
13044,39627697642538552,train
2278,39627697642539731,train
13059,39627697642539731,train
13066,39627697646734592,train
13070,39627697655121287,train
13075,39627697659316296,train
12129,39627697663508998,train
1936,39627697663510925,train
12133,39627697663510925,train
12132,39627697667704846,train
12134,39627697667705750,train
12167,39627697671899239,train
1951,39627697684482018,train
12168,39627697684482018,train
12151,39627697684484419,train
12152,39627697688675704,train
1942,39627697688675731,train
12143,39627697688675731,train
12161,39627697692871646,train
12159,39627697697064576,train
12164,39627697705452985,train
12163,39627697705455100,train
1949,39627697705456188,train
12197,39627697726428603,train
12199,39627697730618997,train
12198,39627697730619539,train
12201,39627697730621835,train
1963,39627697730623092,train
12184,39627697734812299,train
1959,39627697734814151,train
12180,39627697734814151,train
1960,39627697734814459,train
12177,39627697734814459,train
12178,39627697734815380,train
12192,39627697743203110,train
12193,39627697751589165,train
11987,39627697780949533,train
11983,39627697785143612,train
11984,39627697785145330,train
11994,39627697789338106,train
11995,39627697789340099,train
11997,39627697793536647,train
11993,39627697793536877,train
1889,39627697801920798,train
11991,39627697801920798,train
11944,39627697810309494,train
2013,39627697810313756,train
12342,39627697814505896,train
2011,39627697822893749,train
12347,39627697827089858,train
12334,39627697839669308,train
12331,39627697839672911,train
2010,39627697843864221,train
12338,39627697848059041,train
27005,39627697852257134,train
27004,39627697852257488,train
6521,39627697856451415,train
27029,39627697860646442,train
27024,39627697869034163,train
27020,39627697890002078,train
6519,39627697894197334,train
6506,39627697898394764,train
26986,39627697898395441,train
6533,39627697915172856,train
27065,39627697915172856,train
27056,39627697927752137,train
27050,39627697944528979,train
26905,39627697944531749,train
26924,39627697961305791,train
6481,39627697969698225,train
26912,39627697969698225,train
26909,39627697973891303,train
26916,39627697973892039,train
6485,39627697978082942,train
6486,39627697986471612,train
26922,39627697986471612,train
26885,39627697990668722,train
6022,39627700943458975,train
24916,39627700956040883,train
24915,39627700956042584,train
24920,39627700960233629,train
24937,39627700960236476,train
24919,39627700964426070,train
24821,39627700972819850,train
6020,39627700977010642,train
24819,39627700977010642,train
24823,39627700985398127,train
24825,39627700985402066,train
24801,39627700997981182,train
24805,39627700997983875,train
24808,39627701002178618,train
10002,39627701018952361,train
10005,39627701023149359,train
10003,39627701027341737,train
10007,39627701027346250,train
10019,39627701039923261,train
9993,39627701039928495,train
9995,39627701039929109,train
9776,39627701060895490,train
9779,39627701073478808,train
9780,39627701073482931,train
9781,39627701077674685,train
9773,39627701094450349,train
9805,39627701111226881,train
9799,39627701123810453,train
9798,39627701123811441,train
9800,39627701128003664,train
1117,39627701136393324,train
9796,39627701140588398,train
1119,39627701148975540,train
9700,39627701169947301,train
1083,39627701169948466,train
9697,39627701174142426,train
9893,39627701199310671,train
1159,39627701207698770,train
9892,39627701207699069,train
9895,39627701220283967,train
9889,39627701228672549,train
9886,39627701237056248,train
9890,39627701241250613,train
1172,39627701245448564,train
9900,39627701245448564,train
9154,39627701258030159,train
9158,39627701258031261,train
9149,39627701283197675,train
9151,39627701283197876,train
915,39627701304168382,train
910,39627701308359203,train
9184,39627701308360945,train
9173,39627701312555926,train
9169,39627701325136862,train
906,39627701325138544,train
902,39627701329334048,train
909,39627701337722233,train
922,39627701341914212,train
9042,39627701341914733,train
831,39627701346108196,train
9046,39627701346108196,train
9043,39627701346109771,train
9047,39627701358693840,train
832,39627701367083112,train
9056,39627701367083112,train
9037,39627701367083689,train
9040,39627701375467839,train
829,39627701375471938,train
9041,39627701375471938,train
9338,39627701388055912,train
971,39627701392246893,train
9313,39627701392246893,train
9320,39627701392247721,train
9309,39627701421610215,train
9312,39627701425800196,train
9310,39627701429996906,train
9289,39627701442580552,train
7277,39627702340160264,train
7276,39627702340160269,train
310,39627702361130072,train
7272,39627702373712110,train
308,39627702377907534,train
6191,39627702407266992,train
25435,39627702407266992,train
25480,39627702428239269,train
25460,39627702449215241,train
25351,39627702482768500,train
25356,39627702495352224,train
5127,39627702554069481,train
5125,39627702554070177,train
5124,39627702558261557,train
19342,39627702583429546,train
19334,39627702596012714,train
5008,39627702600209042,train
5007,39627702608597218,train
5033,39627702616983510,train
19416,39627702616983510,train
5015,39627702625371527,train
19371,39627702625371527,train
19369,39627702625373419,train
5016,39627702629568064,train
19359,39627702637957885,train
19364,39627702654731050,train
4967,39627702658928366,train
19242,39627702667314542,train
4968,39627702679898185,train
4963,39627702684094607,train
19240,39627702692480102,train
19237,39627702692481009,train
4962,39627702696674937,train
19236,39627702696674937,train
4964,39627702700872777,train
19233,39627702700872777,train
19232,39627702705062745,train
19517,39627702705066065,train
19480,39627702709258352,train
19482,39627702713451072,train
5049,39627702713452854,train
19479,39627702713452854,train
5050,39627702717646427,train
19475,39627702717646427,train
19470,39627702747005587,train
19491,39627702755396694,train
17642,39627702772173267,train
17641,39627702776365101,train
17633,39627702780563057,train
4239,39627702788948927,train
4236,39627702788952178,train
17626,39627702793146174,train
17654,39627702818312487,train
4198,39627702856057532,train
4199,39627702864448367,train
17553,39627702868640432,train
4195,39627702872837618,train
17549,39627702889615301,train
4672,39627702918974623,train
18548,39627702927361672,train
4417,39627702944141257,train
4416,39627702960916173,train
17982,39627702965113900,train
17983,39627702969304734,train
17973,39627702969306980,train
4414,39627702981886151,train
17975,39627702981886151,train
17974,39627702986084292,train
17998,39627702994475239,train
4426,39627703023832356,train
4427,39627703032218432,train
4367,39627703040609998,train
17877,39627703048995119,train
17880,39627703053189643,train
17881,39627703053190766,train
4364,39627703057384706,train
17873,39627703057385447,train
4362,39627703074164258,train
18098,39627703086749276,train
18106,39627703103524257,train
18104,39627703103525897,train
18113,39627703107719689,train
18095,39627703120301872,train
18090,39627703124493223,train
18089,39627703124494730,train
1481,39627703137080412,train
10803,39627703137080412,train
1483,39627703149660869,train
10810,39627703149660869,train
10809,39627703153853665,train
10797,39627703162242803,train
10802,39627703174828958,train
10846,39627703183215339,train
10845,39627703183215476,train
10842,39627703208381591,train
10830,39627703216768184,train
10837,39627703216771144,train
10831,39627703216771149,train
10853,39627703225159805,train
10701,39627703237738723,train
1426,39627703237738728,train
10696,39627703254516739,train
10694,39627703254520520,train
10698,39627703262909057,train
15508,39627703288071406,train
15513,39627703288075231,train
15512,39627703292268021,train
3266,39627703304850848,train
15505,39627703304850848,train
14712,39627703330017825,train
14713,39627703334212854,train
14702,39627703359378131,train
2956,39627703359378148,train
14709,39627703363574026,train
2968,39627703380346146,train
14738,39627703392930123,train
2905,39627703426484037,train
14607,39627703426484037,train
14606,39627703434872742,train
14597,39627703443260675,train
14595,39627703447455376,train
14596,39627703451648596,train
14591,39627703451649790,train
14880,39627703472621050,train
14885,39627703472621338,train
14879,39627703476814312,train
14886,39627703476817406,train
14878,39627703476819435,train
14875,39627703481009921,train
3026,39627703485205361,train
14895,39627703485205361,train
14867,39627703493595490,train
14871,39627703506175630,train
3029,39627703506176812,train
14904,39627703506178556,train
1757,39627703510373109,train
11627,39627703514565704,train
11635,39627703531340270,train
11646,39627703531341444,train
11626,39627703539732424,train
11736,39627703552317042,train
1772,39627703560701459,train
1774,39627703569089141,train
11675,39627703569089141,train
1771,39627703569090250,train
11669,39627703569090250,train
11668,39627703569091319,train
11674,39627703569092383,train
1775,39627703577479980,train
11686,39627703577481850,train
11688,39627703577482426,train
11680,39627703581672807,train
1770,39627703585868661,train
11658,39627703585868661,train
11661,39627703590064155,train
11656,39627703594259561,train
11700,39627703602643774,train
11693,39627703602648728,train
11522,39627703602648904,train
1718,39627703615227267,train
11531,39627703615227267,train
11526,39627703615229933,train
11527,39627703619421032,train
11540,39627703627811627,train
11513,39627703632007199,train
11508,39627703636198170,train
13085,39627703661365116,train
13088,39627703669751899,train
13094,39627703669752006,train
13089,39627703669752024,train
2285,39627703669753098,train
13093,39627703669753098,train
2291,39627703673947951,train
13068,39627703673950890,train
2283,39627703678144627,train
13065,39627703678144654,train
12169,39627703711699160,train
12155,39627703741055521,train
12202,39627703749446532,train
1967,39627703787197134,train
12209,39627703791388489,train
1965,39627703795581090,train
12215,39627703795581090,train
1892,39627703803972453,train
11999,39627703820749341,train
11988,39627703824945662,train
11989,39627703829138800,train
11992,39627703833330088,train
11990,39627703833330351,train
12397,39627703837525992,train
12344,39627703845918117,train
2012,39627703850111192,train
12340,39627703879467451,train
12341,39627703879470087,train
2018,39627703887858821,train
6525,39627703892055784,train
6523,39627703896245819,train
27030,39627703896246320,train
6522,39627703900443703,train
27027,39627703900444237,train
6524,39627703900445320,train
27026,39627703900445320,train
27041,39627703908827434,train
6527,39627703908831259,train
27040,39627703908831259,train
27017,39627703921415164,train
6518,39627703925606062,train
27066,39627703933999064,train
27061,39627703938187571,train
6532,39627703938189799,train
27064,39627703938193012,train
27057,39627703963359909,train
27052,39627703971744868,train
27054,39627703975938239,train
27055,39627703975939338,train
6530,39627703975939591,train
27053,39627703975940045,train
6536,39627703980133495,train
27076,39627703980133495,train
26927,39627703992715972,train
26929,39627704001102622,train
6488,39627704005296389,train
26920,39627704009492082,train
26917,39627704009496290,train
26919,39627704013687968,train
26915,39627704022074423,train
24929,39627706970671626,train
24938,39627706991645082,train
6025,39627707000031830,train
24935,39627707000031857,train
24820,39627707004225057,train
24822,39627707008423390,train
24826,39627707016808121,train
24831,39627707021000883,train
24827,39627707021001521,train
6018,39627707029392051,train
24800,39627707029392051,train
24799,39627707029394074,train
6017,39627707033586644,train
24807,39627707033586644,train
6016,39627707037778429,train
24798,39627707037778429,train
1220,39627707041975578,train
10029,39627707041976151,train
10028,39627707046166861,train
10020,39627707058755276,train
10012,39627707062948322,train
9992,39627707079722413,train
9996,39627707079723085,train
9999,39627707079725104,train
9778,39627707096501150,train
9775,39627707100694049,train
1130,39627707138444071,train
9833,39627707138444071,train
9827,39627707138444092,train
9832,39627707138445683,train
9801,39627707155218506,train
9808,39627707155218521,train
9815,39627707159417868,train
9809,39627707163607355,train
1120,39627707163608979,train
9811,39627707163609160,train
1124,39627707180385574,train
1123,39627707180388467,train
9816,39627707188777249,train
9698,39627707192972405,train
1158,39627707247494910,train
1161,39627707251689455,train
1157,39627707272660308,train
1173,39627707272662094,train
9898,39627707272662125,train
9897,39627707272665544,train
1167,39627707276858317,train
9153,39627707289437719,train
894,39627707306218786,train
9150,39627707310408701,train
885,39627707314607708,train
943,39627707327189306,train
9175,39627707331382166,train
9191,39627707352352545,train
918,39627707352352642,train
917,39627707352355709,train
9192,39627707352355709,train
9187,39627707356547390,train
9172,39627707360745100,train
9196,39627707377519570,train
9194,39627707377520421,train
9051,39627707398491368,train
9053,39627707402683366,train
830,39627707406879122,train
9316,39627707432045045,train
9327,39627707436239890,train
9325,39627707436242613,train
9328,39627707444629814,train
9330,39627707457213822,train
9288,39627707473987320,train
7323,39627708354790938,train
7274,39627708371570570,train
7275,39627708371571625,train
7286,39627708379959373,train
7281,39627708384154329,train
7271,39627708396735891,train
7293,39627708400933953,train
7288,39627708405125240,train
25446,39627708434484742,train
25434,39627708438679846,train
25437,39627708438680562,train
25484,39627708451261706,train
25485,39627708455454523,train
6206,39627708459649829,train
6200,39627708476427521,train
25463,39627708476427521,train
25461,39627708480620210,train
25470,39627708505789400,train
25352,39627708530955041,train
5146,39627708551923113,train
19889,39627708551923113,train
19888,39627708551923115,train
5145,39627708551925756,train
19890,39627708551925756,train
19891,39627708556118450,train
5129,39627708564506920,train
19864,39627708564506920,train
19866,39627708577089774,train
5132,39627708581283533,train
5134,39627708581283568,train
5126,39627708589671455,train
19859,39627708589671455,train
19343,39627708610643370,train
19339,39627708610644328,train
19351,39627708619033241,train
19331,39627708640002279,train
19415,39627708640005989,train
5032,39627708644200795,train
19417,39627708644200795,train
19372,39627708660974339,train
19375,39627708665171901,train
19383,39627708669364410,train
5020,39627708669365114,train
19382,39627708673556808,train
5013,39627708681948812,train
19366,39627708681948812,train
19387,39627708686140236,train
19385,39627708694531749,train
19244,39627708719695658,train
19235,39627708723889823,train
19486,39627708770026120,train
5048,39627708770030315,train
19471,39627708774220977,train
19473,39627708774222697,train
19472,39627708778415073,train
17635,39627708799386461,train
4240,39627708799387248,train
17636,39627708799388393,train
17648,39627708807775533,train
4245,39627708811972172,train
4235,39627708824555587,train
4268,39627708832940534,train
4269,39627708837135817,train
17695,39627708837136898,train
17661,39627708883275475,train
4197,39627708891664536,train
4201,39627708904245677,train
4200,39627708908442047,train
17548,39627708908443145,train
4684,39627708929412715,train
18554,39627708950384225,train
4671,39627708954575871,train
4673,39627708954575872,train
18552,39627708954575872,train
18549,39627708954578258,train
18558,39627708971353216,train
18556,39627708979742923,train
4415,39627708983938818,train
17979,39627708983938818,train
17994,39627709034270556,train
4429,39627709038463733,train
17995,39627709038463733,train
17992,39627709055239862,train
18013,39627709063628500,train
18003,39627709072019587,train
4432,39627709076211202,train
18004,39627709076211202,train
4366,39627709080406290,train
17874,39627709080406290,train
17868,39627709105572334,train
17869,39627709105573447,train
17870,39627709105574189,train
18148,39627709122347175,train
18102,39627709130736176,train
4472,39627709143322869,train
18108,39627709143323286,train
18088,39627709151711458,train
18096,39627709151711650,train
18091,39627709155902184,train
18116,39627709160096731,train
18117,39627709160097460,train
18120,39627709164292124,train
4475,39627709164292182,train
10806,39627709168487890,train
10820,39627709176878658,train
10818,39627709185262519,train
1478,39627709193653307,train
10799,39627709193655804,train
1479,39627709197850032,train
10914,39627709206234311,train
1492,39627709223015927,train
10847,39627709223016245,train
1488,39627709248180667,train
10872,39627709248181683,train
1495,39627709248181737,train
10856,39627709248181737,train
10874,39627709252374987,train
1427,39627709260763491,train
10870,39627709260763766,train
1428,39627709281732143,train
10707,39627709281732185,train
10702,39627709285928028,train
15515,39627709315289332,train
3267,39627709319479327,train
15514,39627709319479327,train
15510,39627709319481872,train
15511,39627709319483338,train
15521,39627709332062755,train
15525,39627709344648445,train
15524,39627709344650812,train
15523,39627709357229099,train
14717,39627709361423110,train
14720,39627709369815200,train
14794,39627709394980017,train
2988,39627709403367173,train
2967,39627709415948966,train
14744,39627709415948966,train
14753,39627709415952653,train
14749,39627709420145262,train
2969,39627709424339227,train
14750,39627709424339227,train
2965,39627709432727262,train
14735,39627709436921090,train
14762,39627709445311849,train
2977,39627709445311865,train
2973,39627709449505280,train
14758,39627709449505280,train
14767,39627709449507883,train
14608,39627709449508651,train
14604,39627709453699187,train
14614,39627709466281410,train
14612,39627709470475521,train
2904,39627709483057657,train
14592,39627709483057657,train
14600,39627709483060233,train
14949,39627709491448006,train
14945,39627709495643487,train
14887,39627709499838499,train
3019,39627709504030324,train
14874,39627709504030324,train
14882,39627709504033733,train
14890,39627709516616834,train
3023,39627709520806974,train
14893,39627709520809520,train
14873,39627709525002197,train
14907,39627709541779595,train
14908,39627709545975652,train
11634,39627709545975874,train
1758,39627709550170962,train
11629,39627709550170962,train
11637,39627709554360434,train
11638,39627709554360829,train
11625,39627709571139243,train
1755,39627709571141718,train
11621,39627709575332828,train
11622,39627709575335688,train
1751,39627709579528013,train
11727,39627709579531110,train
1793,39627709583721606,train
11733,39627709583721606,train
11734,39627709583725175,train
11735,39627709587920609,train
11673,39627709596303678,train
11682,39627709604695007,train
11664,39627709617278927,train
11657,39627709621474182,train
11695,39627709629859609,train
11699,39627709629859855,train
11692,39627709629862343,train
11689,39627709638248351,train
11529,39627709646635362,train
11528,39627709646636817,train
11534,39627709655026776,train
11538,39627709655027755,train
11514,39627709667609157,train
1711,39627709667611770,train
1713,39627709671802504,train
11507,39627709671802504,train
1712,39627709671804732,train
11516,39627709671804732,train
13147,39627709675997520,train
13145,39627709688582022,train
13082,39627709692773034,train
13095,39627709692778900,train
13096,39627709696968103,train
2288,39627709696968368,train
2286,39627709696969506,train
13084,39627709696969506,train
13092,39627709696969706,train
13104,39627709701164133,train
2282,39627709713744065,train
13072,39627709713744391,train
13098,39627709713744805,train
13071,39627709713746681,train
13064,39627709717942893,train
13117,39627709722137788,train
13116,39627709726327387,train
13111,39627709726328849,train
1950,39627709743104836,train
12165,39627709743104836,train
12166,39627709743108577,train
12172,39627709747298915,train
12160,39627709759882575,train
12157,39627709759884002,train
1944,39627709759885099,train
12162,39627709764075594,train
12158,39627709764078055,train
12256,39627709776661349,train
1981,39627709776662794,train
12254,39627709780853767,train
12259,39627709785047880,train
12189,39627709810213725,train
12188,39627709810217583,train
12219,39627709818603050,train
12208,39627709818603471,train
1971,39627709818605506,train
12217,39627709818606253,train
12003,39627709831190264,train
12001,39627709835379124,train
12000,39627709835380946,train
12004,39627709839573549,train
1895,39627709839575578,train
12390,39627709864741793,train
2025,39627709868936382,train
12396,39627709868936811,train
2027,39627709873130733,train
2030,39627709877322844,train
12346,39627709881520334,train
2014,39627709889910477,train
12348,39627709898294887,train
12335,39627709898295397,train
12339,39627709906686911,train
12332,39627709910881150,train
2019,39627709923463396,train
27028,39627709931851174,train
27039,39627709940237551,train
6528,39627709940239555,train
6526,39627709940239595,train
27042,39627709940239595,train
27032,39627709944435605,train
27023,39627709948629295,train
27113,39627709969600386,train
27118,39627709969600935,train
6534,39627709986377008,train
26923,39627710019930017,train
26935,39627710032511422,train
6489,39627710032514877,train
26937,39627710036705350,train
6483,39627710049289407,train
26914,39627710049294101,train
22629,39627710049294143,train
22630,39627710057680929,train
22635,39627710066065735,train
24940,39627713023049790,train
24939,39627713023050708,train
24933,39627713027245722,train
24941,39627713027248233,train
24945,39627713031441024,train
24832,39627713048216883,train
24829,39627713048218662,train
24835,39627713056607541,train
24833,39627713056609793,train
10036,39627713073383029,train
1221,39627713077576575,train
10031,39627713085967294,train
10004,39627713085969782,train
10011,39627713090161857,train
10018,39627713098551755,train
1205,39627713102746145,train
10017,39627713102746145,train
9994,39627713111132376,train
1115,39627713144690602,train
9788,39627713148884674,train
9848,39627713157270207,train
9830,39627713169854528,train
9829,39627713174048961,train
9812,39627713195018384,train
9807,39627713195018673,train
1122,39627713203407851,train
9817,39627713203409613,train
9696,39627713228574333,train
9699,39627713228574760,train
1165,39627713295680336,train
9896,39627713295680336,train
1169,39627713308263154,train
9899,39627713316653126,train
9159,39627713333433012,train
886,39627713346016357,train
942,39627713350208769,train
9182,39627713366986906,train
9188,39627713371181492,train
9189,39627713375375962,train
9168,39627713392152779,train
924,39627713400542472,train
9195,39627713413120892,train
9057,39627713421512072,train
9058,39627713425703663,train
9052,39627713425707797,train
9337,39627713446675952,train
977,39627713450872689,train
9340,39627713450875299,train
9334,39627713455064889,train
975,39627713455065700,train
9343,39627713463453985,train
974,39627713476038242,train
9324,39627713476039677,train
973,39627713476039692,train
9333,39627713497006773,train
9331,39627713505395431,train
7322,39627714394587229,train
7273,39627714407173153,train
317,39627714432339860,train
7294,39627714444920379,train
7291,39627714453307997,train
7295,39627714453311103,train
25449,39627714461702340,train
25486,39627714486864150,train
6207,39627714486867890,train
25483,39627714486867890,train
25482,39627714495251242,train
6205,39627714495251267,train
6199,39627714512028115,train
25462,39627714512028115,train
25468,39627714524611784,train
6198,39627714524615675,train
25458,39627714524615675,train
6201,39627714537195506,train
19892,39627714591721669,train
5131,39627714595916166,train
19865,39627714595916166,train
19871,39627714625275686,train
19347,39627714654638619,train
5031,39627714671411547,train
19412,39627714671411547,train
19413,39627714675606607,train
19378,39627714692386894,train
5023,39627714704969231,train
19381,39627714704969231,train
5019,39627714704969781,train
19377,39627714704969781,train
19380,39627714709161033,train
19362,39627714713357694,train
5014,39627714713358268,train
5024,39627714717549860,train
19394,39627714717549860,train
19389,39627714721744304,train
19245,39627714746910393,train
4971,39627714751106457,train
19247,39627714755297762,train
4970,39627714755299501,train
5063,39627714767881543,train
19520,39627714767882112,train
19516,39627714772074943,train
19522,39627714776269477,train
19521,39627714776272890,train
5064,39627714780465924,train
19484,39627714788851738,train
19485,39627714788856622,train
5053,39627714805632629,train
19474,39627714809823600,train
5047,39627714809825645,train
5055,39627714814020392,train
19493,39627714814021239,train
19494,39627714818213094,train
19490,39627714818213104,train
5054,39627714818213112,train
19488,39627714818213112,train
19487,39627714830795551,train
19501,39627714834989970,train
29915,39627714834989970,train
4242,39627714847573087,train
17645,39627714851767240,train
17689,39627714868544234,train
17688,39627714868544497,train
4266,39627714868544640,train
17692,39627714868544640,train
4250,39627714881129541,train
17657,39627714885326333,train
17658,39627714902099633,train
17655,39627714902099636,train
17651,39627714902101960,train
17663,39627714910487842,train
17660,39627714910488913,train
4252,39627714918876354,train
4253,39627714923073231,train
18576,39627714952434077,train
18574,39627714960823677,train
4674,39627714981794767,train
18555,39627714990182607,train
18557,39627715015347045,train
17978,39627715023733044,train
17985,39627715036317375,train
4421,39627715040514877,train
18036,39627715053094401,train
18037,39627715061485321,train
18016,39627715095036563,train
18011,39627715095040990,train
18005,39627715111816202,train
4433,39627715111817331,train
17885,39627715136980045,train
17884,39627715136980060,train
4492,39627715149564063,train
18150,39627715149564063,train
18147,39627715149565799,train
4473,39627715178923937,train
18119,39627715195703540,train
10814,39627715212478758,train
10819,39627715216674018,train
10817,39627715220867923,train
10812,39627715225060709,train
10811,39627715229256677,train
10935,39627715233450075,train
10940,39627715233450076,train
10920,39627715237644037,train
10848,39627715258614445,train
10849,39627715262809846,train
10838,39627715279588482,train
10869,39627715283784129,train
10858,39627715287975434,train
10873,39627715287979666,train
10860,39627715292169554,train
10854,39627715292171588,train
10862,39627715296364040,train
10861,39627715296367242,train
10865,39627715300557420,train
1429,39627715313143531,train
3281,39627715329917986,train
15556,39627715329917986,train
15554,39627715329920805,train
15561,39627715334113377,train
15550,39627715338305902,train
15551,39627715342501990,train
15517,39627715367669527,train
3268,39627715371862867,train
3274,39627715388640026,train
3272,39627715388640071,train
2958,39627715409610084,train
14727,39627715409611430,train
14726,39627715413803219,train
14722,39627715417998154,train
14710,39627715422194275,train
14797,39627715434778650,train
2986,39627715438972794,train
14743,39627715447361533,train
14752,39627715451552043,train
14763,39627715472523651,train
2975,39627715472525972,train
14757,39627715476720267,train
2976,39627715489300814,train
14765,39627715489306328,train
14611,39627715501883583,train
2908,39627715506079153,train
14613,39627715506079153,train
14948,39627715522856468,train
14947,39627715527051480,train
3049,39627715527053956,train
14944,39627715527053956,train
14891,39627715543829903,train
14897,39627715548024530,train
14868,39627715564801762,train
14903,39627715568992557,train
3028,39627715581579715,train
14909,39627715581579715,train
11632,39627715585774548,train
11645,39627715589967421,train
11639,39627715594159949,train
1759,39627715602550609,train
11640,39627715606745538,train
11731,39627715615132848,train
11730,39627715615134690,train
11728,39627715619327270,train
11737,39627715619329475,train
1792,39627715623520517,train
11739,39627715623520517,train
11740,39627715627715053,train
1794,39627715631908253,train
11729,39627715631908253,train
11687,39627715636105072,train
11683,39627715648688569,train
11676,39627715648689105,train
11677,39627715652878917,train
11696,39627715661271389,train
11698,39627715665465014,train
11691,39627715665465876,train
13152,39627715707408206,train
2311,39627715711599208,train
2310,39627715711600973,train
13154,39627715711600987,train
2316,39627715711600996,train
2312,39627715715796779,train
2314,39627715728377995,train
13146,39627715728377995,train
13150,39627715728378380,train
2294,39627715740960830,train
2292,39627715749350339,train
13100,39627715749351616,train
13109,39627715753545031,train
2296,39627715753545736,train
13108,39627715753545736,train
13115,39627715757739133,train
13106,39627715766126585,train
1952,39627715795485877,train
12170,39627715795485877,train
12156,39627715799681867,train
12263,39627715820651041,train
1964,39627715845816749,train
12204,39627715845816749,train
12210,39627715850012565,train
12220,39627715854207703,train
12216,39627715854207931,train
12214,39627715858399516,train
12213,39627715858401947,train
1966,39627715862595943,train
12002,39627715870984129,train
12006,39627715879374471,train
12014,39627715891956535,train
12010,39627715891959705,train
11998,39627715896149053,train
12395,39627715900344321,train
2028,39627715904540613,train
12392,39627715917122415,train
12402,39627715917124293,train
2015,39627715925509875,train
12349,39627715938094452,train
12350,39627715938094981,train
12353,39627715950675446,train
12358,39627715959064510,train
12352,39627715959067913,train
12355,39627715963259783,train
27035,39627715967456604,train
27036,39627715975843018,train
6548,39627715996812082,train
27114,39627715996812082,train
6547,39627715996817049,train
27119,39627715996817049,train
27115,39627716001009802,train
27063,39627716013589948,train
27071,39627716017784368,train
27070,39627716017785974,train
27069,39627716017787766,train
27067,39627716021979788,train
27074,39627716034563055,train
27075,39627716047146429,train
6490,39627716068115220,train
26934,39627716072310303,train
26933,39627716072311267,train
5755,39627716093283260,train
24931,39627719041881431,train
24930,39627719046070313,train
24932,39627719050266674,train
6028,39627719050268075,train
6027,39627719058653993,train
24828,39627719096402192,train
1224,39627719100597149,train
10035,39627719113183078,train
10013,39627719129960728,train
10015,39627719138347808,train
1208,39627719176099626,train
1113,39627719180289075,train
1111,39627719180291631,train
9784,39627719184482646,train
9785,39627719184483408,train
1109,39627719184485040,train
9786,39627719184485040,train
9787,39627719184487535,train
1134,39627719213846619,train
9831,39627719218039200,train
9806,39627719230622759,train
9813,39627719234816410,train
9814,39627719239009424,train
1186,39627719289343455,train
9908,39627719301926357,train
1180,39627719339672599,train
9907,39627719339676985,train
9902,39627719348066610,train
1177,39627719364838278,train
9905,39627719364838278,train
895,39627719369036924,train
925,39627719436145897,train
926,39627719448726245,train
9200,39627719457116888,train
9050,39627719469695217,train
9356,39627719486472722,train
9355,39627719486474137,train
979,39627719490668279,train
9349,39627719503252433,train
981,39627719503253917,train
9347,39627719503253917,train
9329,39627719507447089,train
7256,39627720413415539,train
7257,39627720417611818,train
7326,39627720421803882,train
7319,39627720434384986,train
7320,39627720438582380,train
7324,39627720451165477,train
7285,39627720455360744,train
313,39627720455360752,train
7282,39627720459554394,train
7284,39627720463747153,train
7302,39627720463750687,train
7303,39627720476328397,train
7292,39627720484717799,train
7296,39627720497303157,train
25447,39627720501494839,train
25489,39627720535052503,train
6208,39627720547631269,train
25465,39627720556020026,train
25469,39627720556022490,train
19887,39627720627325919,train
5149,39627720635715680,train
5147,39627720639906434,train
5135,39627720644102439,train
5139,39627720660878451,train
5140,39627720660878855,train
19881,39627720660879182,train
19872,39627720665075194,train
19870,39627720669268272,train
19875,39627720677657246,train
19352,39627720694433906,train
19350,39627720702821440,train
19424,39627720711212663,train
19423,39627720711213142,train
5021,39627720736377779,train
5018,39627720740569384,train
19379,39627720740569884,train
19384,39627720744765326,train
19408,39627720753154093,train
19390,39627720761542319,train
19393,39627720765736478,train
19391,39627720765737243,train
19392,39627720769929541,train
19246,39627720782514942,train
5067,39627720803485343,train
19532,39627720803485343,train
19530,39627720824457332,train
19529,39627720824457435,train
19526,39627720824459647,train
5060,39627720841236260,train
19503,39627720841236260,train
19492,39627720853818484,train
19495,39627720853819811,train
19489,39627720866402059,train
19500,39627720878981508,train
4244,39627720883178716,train
17647,39627720887371394,train
17646,39627720887374018,train
4279,39627720891567292,train
17702,39627720899954885,train
4265,39627720904149383,train
17694,39627720904152281,train
17696,39627720912537021,train
4272,39627720920926051,train
17699,39627720920926051,train
17656,39627720929314099,train
4249,39627720933511015,train
17659,39627720937704557,train
4257,39627720941896726,train
17679,39627720941898083,train
17662,39627720958673568,train
17668,39627720971256604,train
17556,39627720983842198,train
4692,39627720992228914,train
18588,39627720996424175,train
18585,39627721013201305,train
4670,39627721021593096,train
18553,39627721029977048,train
18551,39627721029978722,train
18559,39627721050949940,train
18564,39627721063535362,train
4420,39627721071921713,train
17984,39627721071921713,train
18044,39627721084503951,train
18045,39627721084506984,train
18033,39627721088701216,train
18034,39627721097087044,train
18000,39627721113866162,train
18001,39627721118060030,train
18023,39627721130640610,train
18025,39627721130641118,train
18009,39627721139032979,train
18007,39627721147418050,train
18020,39627721147421364,train
18006,39627721147421431,train
4369,39627721168390157,train
4370,39627721172587043,train
17883,39627721172587043,train
18160,39627721176780290,train
18152,39627721185169040,train
18112,39627721206140711,train
4474,39627721210333129,train
18110,39627721210333129,train
18135,39627721231304974,train
4480,39627721231307596,train
4476,39627721235499460,train
18122,39627721235499460,train
4479,39627721239694497,train
4477,39627721239695803,train
18118,39627721239695803,train
18121,39627721243885880,train
18130,39627721256468656,train
1512,39627721277443025,train
10918,39627721277443441,train
10916,39627721285830275,train
10926,39627721298412612,train
1494,39627721302611093,train
10852,39627721306801597,train
10850,39627721310996635,train
10851,39627721310999548,train
10867,39627721327775938,train
10864,39627721331969823,train
10871,39627721340355470,train
10880,39627721340358456,train
10881,39627721344549382,train
10704,39627721352939973,train
10705,39627721365520649,train
15579,39627721369714998,train
15568,39627721369715095,train
15555,39627721378103401,train
15559,39627721378103575,train
15560,39627721378105893,train
15564,39627721394882313,train
3270,39627721399075979,train
3269,39627721399076952,train
15522,39627721399076952,train
15520,39627721399079872,train
15519,39627721411659627,train
15528,39627721420049863,train
3275,39627721424244761,train
3273,39627721432632963,train
14723,39627721445215228,train
2992,39627721461990134,train
14809,39627721461990134,train
14802,39627721482964540,train
2990,39627721487157654,train
14747,39627721495546251,train
2970,39627721499742782,train
14748,39627721503936552,train
14774,39627721503937256,train
14772,39627721512322887,train
14771,39627721512324779,train
14760,39627721520710973,train
14764,39627721520714358,train
14759,39627721520714804,train
14768,39627721524905712,train
14766,39627721524909660,train
2978,39627721529103054,train
2906,39627721550071826,train
3047,39627721562656419,train
14946,39627721571042955,train
14951,39627721575237914,train
14959,39627721579433181,train
3052,39627721579434579,train
14898,39627721587819535,train
14899,39627721587820419,train
3027,39627721592016869,train
3040,39627721604597777,train
14928,39627721604597777,train
14902,39627721612984511,train
3030,39627721612989478,train
14906,39627721612989478,train
3037,39627721621375660,train
14919,39627721621375660,train
14923,39627721625572064,train
14926,39627721629765489,train
14922,39627721633956783,train
11644,39627721638151515,train
1760,39627721638152701,train
11641,39627721638152701,train
11642,39627721646539930,train
11753,39627721650733443,train
1796,39627721675899687,train
11743,39627721675899687,train
11744,39627721675901403,train
11748,39627721675904700,train
11679,39627721688484927,train
11678,39627721688486504,train
1782,39627721692679288,train
11684,39627721692680680,train
11685,39627721692680814,train
11708,39627721696872230,train
1788,39627721701066630,train
11710,39627721701067941,train
11706,39627721701069473,train
11697,39627721705260103,train
11539,39627721730425914,train
1723,39627721734619978,train
11541,39627721734619978,train
2309,39627721759786346,train
13156,39627721759786346,train
13149,39627721759786716,train
2313,39627721763979561,train
13166,39627721763981127,train
2317,39627721763981667,train
2321,39627721768177361,train
13165,39627721776562695,train
13105,39627721776562916,train
2295,39627721780760812,train
2293,39627721780760979,train
13102,39627721780760979,train
13133,39627721793343828,train
13112,39627721801729385,train
2297,39627721801730309,train
13110,39627721801730940,train
13107,39627721810119170,train
13123,39627721814311598,train
2299,39627721814314317,train
13126,39627721818506890,train
13127,39627721818508532,train
12255,39627721852060450,train
12206,39627721873033368,train
12207,39627721881422438,train
12241,39627721885614436,train
12238,39627721885615693,train
1977,39627721889809936,train
12244,39627721889809936,train
12221,39627721894005640,train
12227,39627721906588390,train
1896,39627721919168624,train
1897,39627721919169166,train
12011,39627721923365370,train
12007,39627721923367170,train
12013,39627721927558994,train
1894,39627721927562078,train
12391,39627721944339379,train
12393,39627721952726641,train
2032,39627721956922741,train
12354,39627721990472291,train
12356,39627721990474238,train
12357,39627721994667434,train
27034,39627722019834687,train
27033,39627722019836957,train
27128,39627722028225545,train
27129,39627722028226179,train
6546,39627722040807309,train
27117,39627722044998366,train
6551,39627722045001081,train
27123,39627722045001081,train
27126,39627722049195272,train
27122,39627722053388709,train
27125,39627722053391112,train
27072,39627722061779406,train
27068,39627722065970274,train
27091,39627722074362469,train
27090,39627722082747501,train
27077,39627722082749756,train
6537,39627722082753464,train
27079,39627722099524516,train
26932,39627722112107333,train
22627,39627722128887755,train
22634,39627722133082737,train
22636,39627722137273775,train
5756,39627722141471078,train
5759,39627722145662176,train
24956,39627725090066086,train
24955,39627725094257227,train
24954,39627725102647615,train
24943,39627725106840700,train
6023,39627725106844809,train
24942,39627725106844809,train
24946,39627725111035848,train
24947,39627725115231927,train
24953,39627725127811628,train
24830,39627725132006527,train
10049,39627725140399363,train
1228,39627725148788274,train
1227,39627725152977009,train
1219,39627725152981473,train
10033,39627725157171586,train
10038,39627725157175216,train
10041,39627725165561672,train
10043,39627725169754490,train
1222,39627725173948711,train
10037,39627725173948985,train
1214,39627725211703742,train
1131,39627725245256554,train
9828,39627725245256554,train
1133,39627725257836904,train
9838,39627725257836904,train
9836,39627725266226109,train
9846,39627725266226692,train
1136,39627725266228147,train
9845,39627725266228147,train
9819,39627725278809813,train
1183,39627725341728046,train
1184,39627725345920687,train
9909,39627725345920975,train
1163,39627725362697301,train
9894,39627725366892641,train
1178,39627725400441650,train
1175,39627725400441668,train
1176,39627725400445064,train
9906,39627725400445064,train
896,39627725413029982,train
9220,39627725446583124,train
944,39627725450776332,train
9221,39627725450776332,train
937,39627725467552178,train
9204,39627725467552178,train
930,39627725488523151,train
927,39627725488523608,train
9202,39627725492717570,train
929,39627725496915989,train
9054,39627725505300203,train
989,39627725513688115,train
985,39627725513692078,train
9351,39627725513692078,train
9357,39627725517883168,train
978,39627725530470305,train
9342,39627725538853782,train
982,39627725547248297,train
9344,39627725551437248,train
972,39627725551439913,train
9345,39627725555630305,train
9326,39627725555635239,train
302,39627726453214782,train
327,39627726461601444,train
7329,39627726469992054,train
323,39627726474184498,train
325,39627726482575672,train
324,39627726486766180,train
7305,39627726507740351,train
7300,39627726511933364,train
314,39627726528713205,train
25496,39627726549684316,train
25498,39627726566461668,train
25499,39627726570652701,train
25495,39627726570656935,train
25464,39627726591628350,train
25477,39627726612596529,train
6204,39627726612596766,train
25476,39627726612596766,train
25471,39627726620986538,train
6202,39627726637761753,train
6161,39627726641957283,train
25354,39627726641957283,train
19894,39627726658732927,train
19899,39627726658736690,train
19868,39627726683902944,train
5138,39627726696481168,train
19874,39627726709067174,train
19877,39627726717452737,train
19876,39627726717454511,train
19879,39627726717456539,train
19349,39627726734234783,train
19425,39627726751007770,train
19418,39627726763591645,train
19420,39627726771980990,train
5027,39627726788756209,train
5029,39627726788758064,train
19404,39627726792953370,train
5028,39627726801341790,train
19406,39627726801341790,train
19395,39627726826504638,train
19536,39627726839087433,train
5065,39627726839088037,train
19534,39627726839091650,train
19518,39627726851675159,train
19524,39627726860059376,train
19527,39627726864257367,train
19525,39627726868452794,train
19528,39627726872643569,train
5058,39627726881033964,train
19508,39627726881033995,train
19507,39627726885228858,train
19497,39627726918783360,train
4274,39627726927171517,train
4277,39627726927172200,train
29899,39627726927172200,train
4278,39627726935556361,train
17706,39627726935556361,train
4273,39627726943947142,train
4270,39627726948142612,train
17691,39627726948142612,train
17693,39627726948142844,train
17690,39627726948142848,train
4258,39627726973308496,train
17673,39627726981695984,train
17674,39627726990083697,train
17666,39627726998476329,train
17667,39627727002669625,train
4256,39627727006860074,train
4254,39627727011055421,train
18589,39627727036219892,train
18578,39627727040416589,train
18577,39627727040419209,train
4689,39627727044610733,train
18580,39627727044610733,train
18583,39627727053000448,train
4690,39627727057194764,train
4686,39627727057194779,train
18582,39627727061387670,train
18550,39627727065581026,train
4680,39627727086553247,train
18566,39627727086553247,train
18563,39627727094940102,train
4676,39627727107522983,train
18562,39627727107524714,train
18561,39627727107526452,train
17980,39627727111722213,train
18047,39627727115911950,train
4422,39627727115912798,train
17986,39627727115912798,train
17981,39627727115914996,train
4446,39627727136887046,train
18040,39627727141077710,train
4449,39627727141082322,train
4448,39627727145274260,train
18038,39627727145274260,train
4450,39627727145275784,train
4447,39627727149468048,train
4439,39627727170440394,train
18028,39627727170440394,train
4441,39627727170441804,train
18027,39627727170442088,train
4438,39627727183021759,train
18026,39627727183021759,train
18012,39627727183022118,train
18008,39627727187214987,train
4436,39627727191409858,train
4435,39627727195608074,train
18018,39627727195608074,train
18155,39627727237546873,train
18159,39627727237549962,train
4494,39627727250130289,train
18157,39627727250130289,train
18114,39627727254323496,train
4485,39627727258519988,train
18137,39627727258519988,train
18136,39627727271103088,train
18123,39627727275297420,train
18115,39627727279490298,train
18124,39627727283687505,train
18126,39627727292076523,train
4481,39627727296268317,train
10816,39627727300461136,train
18127,39627727300461939,train
10815,39627727300463869,train
10936,39627727321435743,train
10925,39627727329823837,train
10922,39627727334017876,train
10928,39627727342403998,train
10933,39627727342406867,train
10929,39627727342407464,train
10892,39627727354992055,train
1499,39627727354992251,train
10889,39627727359184262,train
1500,39627727363380085,train
10891,39627727363380085,train
10896,39627727363380510,train
10888,39627727380153899,train
1497,39627727380154905,train
10886,39627727380154905,train
1498,39627727384352108,train
10875,39627727384352108,train
10887,39627727392736535,train
10706,39627727396930249,train
15578,39627727405320887,train
3287,39627727409515272,train
15569,39627727409515272,train
15574,39627727409515808,train
3286,39627727409515890,train
15573,39627727409515890,train
15553,39627727417904776,train
15540,39627727451460297,train
15539,39627727455651226,train
15529,39627727464042459,train
15532,39627727485011516,train
2957,39627727489207537,train
14805,39627727497593950,train
14806,39627727497596804,train
2994,39627727501790268,train
2993,39627727501790422,train
14811,39627727501790422,train
14812,39627727505983930,train
14814,39627727510178673,train
14799,39627727514371425,train
14800,39627727518569033,train
2972,39627727539536389,train
14773,39627727552119984,train
14782,39627727552120016,train
14779,39627727556313525,train
14784,39627727560510232,train
3056,39627727589867635,train
14969,39627727589867635,train
14966,39627727589873243,train
3048,39627727610839672,train
3053,39627727619231586,train
14954,39627727631811071,train
3039,39627727640199832,train
14931,39627727640199832,train
14930,39627727640200358,train
14929,39627727648588291,train
14911,39627727661172095,train
3036,39627727665365553,train
14924,39627727665365553,train
3031,39627727673753742,train
14914,39627727673753742,train
14913,39627727673754791,train
3034,39627727677949684,train
1797,39627727694729464,train
11755,39627727694729465,train
11752,39627727698921344,train
1799,39627727698925249,train
1795,39627727703114768,train
11738,39627727703114768,train
11732,39627727703114931,train
11746,39627727711507030,train
11681,39627727728283701,train
11716,39627727732477789,train
11717,39627727745059322,train
11694,39627727749253065,train
11704,39627727766033384,train
13171,39627727791195330,train
13164,39627727799583302,train
13163,39627727807971722,train
13099,39627727816364529,train
13103,39627727824750774,train
2301,39627727841527785,train
13129,39627727841527785,train
2303,39627727841530332,train
13113,39627727845723221,train
13122,39627727849914934,train
13125,39627727854113716,train
2300,39627727858307362,train
13119,39627727862500134,train
12274,39627727870889807,train
1985,39627727883472016,train
12258,39627727887667947,train
12273,39627727891862398,train
12264,39627727900249323,train
12265,39627727904440494,train
12205,39627727917023884,train
1978,39627727929610980,train
12240,39627727933805136,train
1968,39627727937997111,train
12212,39627727937998579,train
12211,39627727942190308,train
12236,39627727942190359,train
12232,39627727946383641,train
12234,39627727946383885,train
12233,39627727950581444,train
12015,39627727963164541,train
2038,39627727967356142,train
2033,39627727971551691,train
12406,39627727975746386,train
12405,39627727975747252,train
12411,39627727979938453,train
2029,39627727984137857,train
12400,39627727984137857,train
12399,39627727988327664,train
12404,39627728000912972,train
12351,39627728009300024,train
2020,39627728042858558,train
12360,39627728042858558,train
27038,39627728059629928,train
27127,39627728068018868,train
6553,39627728068024343,train
6554,39627728072213027,train
27130,39627728072215333,train
27116,39627728080605061,train
27088,39627728114157315,train
6540,39627728139323297,train
6539,39627728139327207,train
5760,39627728160297563,train
22643,39627728160298348,train
5761,39627728164492550,train
22640,39627728168684171,train
22639,39627728168685452,train
6029,39627731134058702,train
6030,39627731138249018,train
6031,39627731142445056,train
24962,39627731146639653,train
24961,39627731150834335,train
24952,39627731159220587,train
24951,39627731159221494,train
6026,39627731167611564,train
1225,39627731180195126,train
10046,39627731188582605,train
10051,39627731188584690,train
10047,39627731192775957,train
10040,39627731205360813,train
1231,39627731213749828,train
10062,39627731213749828,train
1211,39627731251498691,train
10021,39627731255689624,train
1207,39627731264079111,train
10022,39627731264079111,train
9850,39627731268273453,train
10087,39627731268274532,train
1138,39627731289244202,train
9841,39627731293440694,train
1135,39627731310215617,train
9844,39627731310215617,train
9847,39627731310217718,train
9837,39627731310217723,train
9823,39627731314415388,train
9820,39627731322798121,train
1126,39627731331189172,train
9912,39627731368937064,train
9913,39627731377324525,train
9910,39627731389913309,train
1185,39627731398301125,train
1182,39627731427662532,train
9904,39627731448627830,train
1187,39627731457017115,train
9226,39627731473795885,train
9229,39627731477988110,train
9228,39627731477989350,train
951,39627731498962008,train
9236,39627731503154580,train
933,39627731507349232,train
9203,39627731507351055,train
932,39627731515739220,train
9207,39627731515739220,train
939,39627731524130336,train
9217,39627731524130367,train
9201,39627731536708979,train
9393,39627731549292442,train
988,39627731553490217,train
9358,39627731553490217,train
990,39627731561880029,train
987,39627731566068992,train
9359,39627731566070208,train
9362,39627731570264745,train
9373,39627731574460348,train
980,39627731574462796,train
9348,39627731574462796,train
29863,39627731574462796,train
9341,39627731582845435,train
9379,39627731591237333,train
9375,39627731595430966,train
7260,39627732476236727,train
7483,39627732493011762,train
7330,39627732513981507,train
7336,39627732539146553,train
7334,39627732539149315,train
316,39627732543340612,train
7308,39627732547538262,train
7306,39627732551733081,train
7307,39627732560117879,train
341,39627732581093727,train
7357,39627732585285672,train
6210,39627732610451784,train
25500,39627732610451784,train
25492,39627732618839597,train
25493,39627732618840735,train
25487,39627732618842559,train
25490,39627732623036729,train
25510,39627732631426655,train
25479,39627732644004369,train
25478,39627732648198519,train
25475,39627732669173797,train
25473,39627732673364398,train
25474,39627732677560733,train
20014,39627732681754018,train
20020,39627732681757007,train
5152,39627732698530769,train
5148,39627732719505838,train
19883,39627732753056566,train
19878,39627732757250184,train
5136,39627732765640701,train
19422,39627732778225978,train
19426,39627732799196888,train
19419,39627732807585418,train
19440,39627732820166483,train
19400,39627732832752098,train
19401,39627732836943305,train
19407,39627732836945349,train
19397,39627732853720720,train
19396,39627732862110983,train
19671,39627732874691614,train
19533,39627732874691803,train
19535,39627732878886992,train
19540,39627732883080137,train
19541,39627732883082091,train
5066,39627732887274901,train
19550,39627732891472198,train
19551,39627732891472230,train
19549,39627732895664396,train
19509,39627732925027277,train
19506,39627732925027285,train
19510,39627732933411165,train
5062,39627732933412734,train
5057,39627732945997412,train
19502,39627732945997412,train
19499,39627732945998654,train
5056,39627732962772928,train
17703,39627732983744632,train
4271,39627732992134726,train
17697,39627732992134726,train
17701,39627733004717537,train
17700,39627733008908405,train
17678,39627733017300173,train
17672,39627733025690427,train
17670,39627733038272089,train
17671,39627733046661144,train
17664,39627733050854875,train
4693,39627733063436954,train
18590,39627733076020787,train
4688,39627733088602480,train
18584,39627733088602480,train
18600,39627733105381563,train
4696,39627733105381795,train
18597,39627733109573134,train
18567,39627733122158913,train
18565,39627733122160260,train
4681,39627733126349591,train
18571,39627733130545766,train
18046,39627733155712944,train
4452,39627733164099682,train
18048,39627733172487285,train
18051,39627733172492130,train
4437,39627733206043599,train
18024,39627733206043599,train
4445,39627733218627125,train
18019,39627733235406335,train
18161,39627733252179981,train
18162,39627733252180020,train
18165,39627733264765491,train
18158,39627733277348755,train
18156,39627733289927948,train
18133,39627733298319583,train
18134,39627733302512734,train
4486,39627733306707394,train
18131,39627733310900230,train
18138,39627733315096812,train
18128,39627733331873308,train
4483,39627733331873387,train
18129,39627733331873387,train
18215,39627733340259975,train
18216,39627733344452798,train
1510,39627733344454926,train
10934,39627733344454926,train
10937,39627733357041440,train
10942,39627733365428883,train
10921,39627733369618766,train
10924,39627733369620311,train
10927,39627733373818473,train
10931,39627733382206246,train
10898,39627733398979312,train
10893,39627733398983467,train
10890,39627733407372761,train
10897,39627733411561568,train
10901,39627733415757640,train
10877,39627733419950136,train
10879,39627733419955263,train
10878,39627733428341443,train
1496,39627733428343574,train
10883,39627733428343574,train
10882,39627733432534585,train
15752,39627733432536424,train
15753,39627733432536964,train
15746,39627733432537750,train
15742,39627733436731755,train
3284,39627733445117304,train
15570,39627733445118464,train
15566,39627733445118468,train
15565,39627733466094666,train
3294,39627733482868467,train
15593,39627733482868467,train
15589,39627733482868608,train
15592,39627733487062421,train
15538,39627733499647116,train
15534,39627733512225463,train
14808,39627733541588118,train
14815,39627733554169108,train
14801,39627733562556945,train
2991,39627733566752065,train
14804,39627733566753216,train
14778,39627733583529587,train
2983,39627733600311742,train
14770,39627733617087331,train
14769,39627733617088207,train
15201,39627733621278833,train
15202,39627733621282306,train
14968,39627733633859721,train
14963,39627733633863474,train
14979,39627733650638043,train
14980,39627733650638956,train
14952,39627733667416430,train
14956,39627733667416438,train
14985,39627733671608633,train
14990,39627733671613786,train
14934,39627733675806079,train
14932,39627733680000245,train
14940,39627733692584865,train
3044,39627733696774753,train
14912,39627733700969350,train
14925,39627733705166742,train
3035,39627733713551656,train
15030,39627733717748451,train
15034,39627733717748560,train
15033,39627733717749822,train
15029,39627733717750446,train
11751,39627733738721334,train
11762,39627733742913228,train
1804,39627733742916182,train
11745,39627733751306553,train
11719,39627733768082033,train
1784,39627733776470061,train
11715,39627733776470061,train
11712,39627733780660712,train
11709,39627733780663927,train
1786,39627733784857950,train
11703,39627733801634938,train
11705,39627733805832010,train
11701,39627733810021930,train
2396,39627733814216619,train
13403,39627733814216619,train
13174,39627733826797951,train
13172,39627733826798182,train
13168,39627733830994913,train
13173,39627733835189391,train
2323,39627733839385994,train
13158,39627733847770648,train
13160,39627733856161204,train
13137,39627733881328472,train
13124,39627733889715839,train
2298,39627733898105226,train
13121,39627733898105226,train
12279,39627733914880698,train
1983,39627733931659143,train
12272,39627733931659143,train
12266,39627733948436635,train
12239,39627733965209832,train
12243,39627733969404449,train
12247,39627733977796448,train
12229,39627733981989722,train
12230,39627733981990431,train
12231,39627733986181794,train
12235,39627733990376017,train
31033,39627733990376017,train
12228,39627733990378321,train
1973,39627733998765326,train
30452,39627733998765326,train
12222,39627733998765971,train
31031,39627733998765971,train
1974,39627733998766535,train
30451,39627733998766535,train
12676,39627734002963044,train
30534,39627734002963044,train
31203,39627734002963044,train
2034,39627734011349395,train
12407,39627734011349880,train
12412,39627734011351833,train
12410,39627734019739393,train
12413,39627734019739479,train
12408,39627734019741101,train
12403,39627734032323534,train
12434,39627734049098835,train
2046,39627734049099681,train
12429,39627734049099681,train
31109,39627734049099681,train
12374,39627734053292162,train
31092,39627734053292162,train
12371,39627734053292189,train
31094,39627734053292189,train
12367,39627734061680423,train
31093,39627734061680423,train
12372,39627734061680665,train
31091,39627734061680665,train
2021,39627734065874069,train
30483,39627734065874069,train
12368,39627734065875946,train
12373,39627734070067846,train
12370,39627734070068221,train
12363,39627734074265227,train
12362,39627734086846302,train
12365,39627734086848246,train
2063,39627734095235569,train
12479,39627734095237108,train
12480,39627734095237111,train
12478,39627734099428824,train
27134,39627734103626337,train
27131,39627734107821579,train
27124,39627734132982573,train
27120,39627734137181537,train
27145,39627734141372050,train
27097,39627734158150238,train
27098,39627734162342586,train
27103,39627734166537527,train
27106,39627734166540232,train
27105,39627734170731010,train
27078,39627734170735917,train
27081,39627734174928475,train
27080,39627734174930260,train
27083,39627734179124357,train
27084,39627734179124415,train
5762,39627734187510581,train
22642,39627734200095316,train
24949,39627737199020749,train
10195,39627737203215650,train
1226,39627737219993069,train
1223,39627737224186666,train
10048,39627737224187590,train
10055,39627737236770946,train
10044,39627737245157795,train
1217,39627737291293704,train
10092,39627737299685066,train
10091,39627737303879834,train
10086,39627737308070263,train
1137,39627737316459918,train
9859,39627737324850511,train
9866,39627737350013825,train
1142,39627737350016379,train
9864,39627737350016379,train
9863,39627737350017677,train
9862,39627737354210734,train
1145,39627737358402121,train
9818,39627737362598886,train
1128,39627737370985374,train
9911,39627737408733680,train
1181,39627737459068037,train
9222,39627737501011278,train
9223,39627737505206357,train
9224,39627737509398043,train
9225,39627737517786364,train
947,39627737534563890,train
9233,39627737534563890,train
948,39627737534563891,train
9235,39627737538759037,train
950,39627737542951847,train
934,39627737547149778,train
9231,39627737547149880,train
938,39627737555538946,train
9215,39627737555538946,train
940,39627737563925260,train
9209,39627737563925260,train
9197,39627737580699786,train
9352,39627737601674424,train
9350,39627737605865619,train
9369,39627737614258319,train
9368,39627737614258572,train
9372,39627737618451838,train
9346,39627737622647493,train
984,39627737626839376,train
983,39627737626841972,train
7261,39627738520228702,train
7485,39627738532809052,train
7331,39627738545391511,train
7333,39627738562169767,train
330,39627738583139933,train
7301,39627738587334133,train
315,39627738587334812,train
318,39627738599918091,train
7299,39627738612501550,train
7360,39627738620890627,train
6212,39627738646056025,train
25503,39627738650249557,train
25511,39627738671224168,train
20013,39627738721551259,train
5209,39627738721554277,train
19898,39627738734133871,train
5154,39627738746719108,train
5151,39627738755107823,train
19905,39627738771882793,train
19903,39627738776076492,train
5144,39627738797048995,train
5167,39627738818021561,train
5168,39627738822214153,train
5035,39627738834797518,train
19433,39627738834798389,train
19427,39627738838993796,train
19428,39627738843185562,train
19432,39627738843188471,train
19421,39627738847382839,train
19435,39627738859965117,train
5037,39627738868352914,train
5026,39627738868354473,train
19402,39627738868354473,train
19405,39627738872545435,train
19410,39627738880937129,train
19399,39627738893521216,train
19675,39627738901905953,train
19673,39627738910298391,train
19537,39627738914493013,train
19543,39627738922880905,train
5068,39627738922881188,train
19545,39627738927074836,train
19523,39627738943853390,train
19554,39627738956431791,train
5071,39627738956434559,train
5059,39627738969016204,train
19505,39627738969019497,train
19498,39627738989989202,train
19582,39627738994184629,train
5075,39627738994184920,train
19577,39627738998377341,train
17704,39627739010960331,train
17716,39627739044517099,train
17711,39627739048710718,train
17677,39627739061290397,train
17675,39627739061292517,train
4259,39627739069678762,train
17669,39627739086460372,train
18596,39627739124205412,train
18595,39627739128398008,train
4694,39627739128400885,train
18594,39627739128400885,train
18602,39627739140983754,train
18598,39627739145176730,train
18601,39627739145179934,train
18604,39627739149370240,train
18605,39627739149374782,train
18569,39627739157759470,train
18568,39627739161953702,train
18572,39627739166150865,train
4675,39627739182925334,train
18560,39627739182925506,train
4710,39627739195508967,train
18622,39627739199701492,train
18624,39627739203896088,train
4451,39627739208090016,train
4453,39627739208092971,train
18055,39627739212289254,train
18041,39627739229064516,train
18058,39627739237452069,train
4454,39627739237452685,train
18059,39627739237452697,train
18061,39627739241646808,train
4442,39627739250036036,train
18017,39627739279393067,train
18329,39627739279395473,train
18326,39627739287784187,train
4495,39627739321337860,train
18176,39627739325533981,train
18180,39627739329727211,train
18177,39627739333920859,train
18132,39627739346503198,train
4484,39627739346505504,train
4487,39627739350699457,train
18140,39627739350699457,train
18214,39627739380056556,train
10938,39627739392639575,train
1516,39627739396836339,train
1513,39627739413611803,train
1509,39627739413612133,train
10923,39627739417806057,train
10946,39627739422003979,train
10955,39627739422004515,train
10949,39627739426194920,train
10895,39627739438777408,train
30015,39627739438777408,train
10894,39627739438778416,train
30016,39627739438778416,train
10909,39627739451362333,train
10910,39627739455556205,train
10903,39627739455556446,train
10876,39627739468137691,train
15750,39627739468140887,train
15747,39627739472336801,train
3350,39627739480721940,train
15748,39627739480721940,train
15571,39627739484920188,train
3285,39627739489108605,train
15567,39627739489108605,train
29870,39627739489108605,train
15584,39627739501691492,train
15586,39627739505887411,train
15563,39627739510083996,train
3290,39627739514279396,train
3291,39627739518469520,train
15595,39627739518469520,train
15590,39627739522667553,train
15543,39627739539441211,train
3279,39627739539444808,train
15549,39627739539444808,train
15544,39627739547833512,train
3309,39627739560413168,train
3278,39627739560413691,train
15531,39627739560413691,train
15625,39627739564610230,train
14807,39627739581383844,train
14813,39627739581384811,train
2995,39627739598164843,train
14818,39627739598164843,train
2996,39627739623327451,train
2980,39627739627524965,train
14783,39627739631716274,train
14775,39627739631716299,train
2985,39627739640108744,train
15204,39627739665271677,train
15198,39627739665274247,train
14965,39627739673658302,train
14967,39627739673658886,train
14961,39627739677853353,train
3058,39627739677856340,train
14975,39627739677856340,train
3057,39627739682047728,train
14972,39627739682047728,train
14958,39627739694633588,train
14953,39627739698826234,train
3050,39627739703018212,train
3051,39627739703019507,train
3066,39627739711408807,train
14994,39627739719795266,train
14916,39627739744961983,train
3038,39627739744963688,train
14917,39627739744963688,train
14918,39627739744963978,train
3033,39627739749155737,train
14920,39627739749155737,train
3080,39627739761741943,train
15037,39627739761741943,train
15027,39627739765934500,train
1798,39627739774323041,train
11754,39627739774323041,train
11759,39627739774323819,train
1807,39627739778517642,train
11764,39627739778518677,train
1800,39627739778518775,train
1801,39627739778518792,train
11761,39627739786907657,train
1808,39627739799491674,train
11774,39627739807880299,train
11713,39627739816266044,train
11720,39627739824653639,train
11725,39627739828850348,train
1790,39627739828850858,train
13401,39627739858209942,train
13167,39627739862405372,train
13177,39627739879180245,train
2325,39627739891762103,train
13186,39627739891762103,train
2327,39627739891762109,train
13159,39627739891763694,train
2328,39627739895956569,train
13192,39627739904350118,train
13130,39627739908538966,train
2302,39627739908542708,train
13134,39627739916927092,train
13143,39627739916931034,train
13141,39627739929511745,train
13144,39627739929512238,train
2305,39627739929514067,train
2346,39627739942096886,train
13238,39627739942096886,train
13239,39627739946288893,train
2344,39627739946290558,train
13240,39627739954677928,train
12277,39627739958873383,train
12276,39627739967258811,train
12280,39627739971456919,train
31042,39627739971456919,train
12268,39627739979846958,train
30454,39627739979846958,train
31039,39627739979846958,train
12270,39627739984037903,train
31040,39627739984037903,train
1990,39627739988231708,train
30460,39627739988231708,train
12292,39627739992425144,train
31053,39627739992425144,train
12289,39627739992425502,train
31050,39627739992425502,train
30463,39627739992427912,train
12251,39627740017591198,train
12224,39627740030175704,train
31032,39627740030175704,train
12225,39627740030177909,train
31030,39627740030177909,train
12423,39627740059536323,train
12421,39627740063729621,train
12426,39627740067922257,train
2039,39627740067922416,train
12417,39627740067922416,train
2040,39627740067924938,train
12415,39627740067928560,train
12416,39627740072121572,train
2031,39627740076311217,train
2047,39627740084702501,train
30493,39627740084702501,train
2044,39627740084703196,train
30491,39627740084703196,train
12431,39627740097282898,train
31106,39627740097282898,train
2050,39627740097283442,train
12428,39627740097283442,train
30489,39627740097283442,train
31107,39627740097283442,train
12366,39627740101477182,train
31089,39627740101477182,train
12377,39627740105673995,train
31095,39627740105673995,train
12388,39627740114064906,train
12364,39627740122453523,train
27132,39627740143419987,train
27133,39627740143423042,train
27135,39627740147618458,train
27139,39627740168585617,train
27149,39627740176974359,train
6550,39627740176976566,train
27146,39627740176979351,train
27089,39627740193754822,train
6541,39627740197947609,train
27100,39627740197949542,train
27104,39627740206338126,train
27102,39627740210529476,train
27086,39627740214726183,train
27085,39627740218919433,train
22641,39627740248279350,train
24958,39627743222041707,train
24959,39627743222042763,train
24960,39627743222043865,train
24964,39627743234625141,train
10198,39627743259788090,train
10204,39627743263984125,train
10053,39627743268179366,train
10074,39627743284954932,train
10039,39627743284955483,train
10059,39627743289150118,train
10061,39627743289151281,train
10060,39627743293342229,train
1230,39627743293343896,train
1215,39627743318509214,train
1216,39627743322706837,train
10025,39627743326899555,train
1218,39627743331091872,train
10024,39627743335285178,train
10102,39627743335288355,train
10088,39627743343674556,train
1140,39627743368841603,train
9854,39627743368841603,train
1150,39627743377232645,train
9860,39627743385619122,train
9861,39627743385621378,train
1146,39627743389813865,train
1144,39627743389815295,train
1147,39627743402397461,train
9825,39627743402398680,train
1129,39627743402398712,train
1127,39627743414976772,train
9916,39627743524031024,train
9227,39627743549197392,train
9230,39627743549200190,train
945,39627743578559063,train
949,39627743582749374,train
9234,39627743582749374,train
9237,39627743586944476,train
9211,39627743599530273,train
9214,39627743603722093,train
9216,39627743612110555,train
9395,39627743620500393,train
9387,39627743624696722,train
9394,39627743633082465,train
9388,39627743633084029,train
9354,39627743641470651,train
9366,39627743645667983,train
992,39627743645668922,train
9364,39627743645668922,train
9371,39627743654053801,train
9370,39627743654057487,train
9377,39627743675028630,train
9376,39627743679220260,train
7481,39627744560026939,train
329,39627744593582235,train
7332,39627744606159796,train
7351,39627744606163606,train
7352,39627744606163610,train
331,39627744610356534,train
7335,39627744618744305,train
7343,39627744631328519,train
7314,39627744631331187,train
322,39627744639717584,train
7311,39627744643911514,train
7358,39627744664881439,train
7359,39627744669075336,train
7361,39627744677462975,train
6209,39627744685850816,train
25505,39627744685850816,train
25507,39627744706823436,train
6213,39627744706825814,train
25506,39627744706826153,train
25509,39627744711021940,train
25508,39627744715211332,train
20015,39627744752962426,train
20012,39627744761351269,train
5210,39627744765546170,train
20018,39627744765546170,train
19900,39627744778126882,train
19919,39627744794904828,train
5150,39627744794906931,train
19902,39627744799101607,train
5155,39627744803293394,train
19901,39627744803293394,train
19911,39627744820070091,train
19885,39627744824264669,train
19940,39627744841044570,train
19929,39627744862015572,train
19429,39627744882984711,train
5036,39627744899762593,train
19438,39627744908152121,train
19403,39627744912345424,train
19409,39627744916540285,train
5030,39627744933316900,train
19411,39627744933316900,train
19531,39627744962675869,train
19679,39627744962675920,train
19544,39627744962678438,train
19547,39627744975258803,train
5069,39627744975259271,train
19552,39627744992037811,train
5073,39627745008813966,train
19515,39627745021400804,train
19512,39627745025592934,train
19511,39627745025592951,train
19514,39627745029785658,train
19578,39627745050757954,train
17707,39627745071728669,train
17712,39627745084311171,train
17722,39627745088506648,train
17720,39627745096894770,train
4282,39627745101089287,train
17713,39627745101089287,train
17683,39627745105286180,train
17684,39627745109479211,train
17685,39627745109480295,train
17680,39627745113672936,train
4260,39627745122058447,train
17682,39627745122058447,train
4264,39627745122060876,train
18689,39627745138836376,train
18579,39627745172392926,train
4699,39627745193362070,train
18573,39627745214337759,train
18056,39627745252082147,train
18053,39627745260470917,train
18032,39627745298219193,train
18169,39627745340165645,train
18171,39627745340165694,train
18199,39627745361134320,train
18181,39627745369522600,train
18173,39627745377915114,train
18172,39627745382107223,train
18174,39627745382108802,train
18182,39627745386302404,train
18141,39627745386303346,train
18142,39627745390494852,train
4482,39627745411465381,train
4516,39627745411467245,train
4515,39627745419856976,train
1514,39627745449217581,train
10956,39627745461801188,train
30018,39627745461801188,train
31009,39627745461801188,train
10907,39627745478578415,train
10904,39627745491159009,train
30017,39627745491159009,train
1502,39627745499549818,train
10913,39627745499550634,train
1504,39627745499550848,train
15751,39627745507938677,train
15744,39627745516327927,train
3349,39627745520519120,train
15754,39627745520520538,train
15745,39627745524714998,train
3288,39627745541492546,train
15582,39627745541492546,train
3289,39627745549878025,train
15583,39627745549878036,train
15591,39627745554076297,train
15587,39627745558270429,train
15594,39627745566658287,train
15598,39627745575044166,train
15546,39627745583436652,train
3280,39627745587628298,train
15547,39627745587628298,train
15530,39627745600209792,train
3311,39627745600210727,train
15624,39627745608600969,train
3310,39627745608602366,train
14823,39627745658930914,train
2997,39627745658932136,train
14820,39627745663124512,train
14830,39627745667320165,train
14785,39627745671513903,train
14787,39627745675711446,train
14792,39627745679902581,train
14786,39627745684095696,train
15203,39627745692488587,train
15194,39627745696679487,train
15205,39627745700875304,train
15193,39627745700875359,train
3146,39627745709262490,train
15200,39627745709262490,train
14971,39627745717653404,train
14973,39627745726043046,train
14981,39627745730234160,train
14976,39627745730234257,train
3062,39627745734427023,train
14983,39627745734429222,train
15000,39627745738621471,train
14998,39627745738625460,train
14992,39627745755402077,train
3063,39627745759596755,train
14938,39627745763790213,train
14943,39627745763790308,train
14939,39627745776373442,train
14936,39627745784761684,train
15049,39627745784762969,train
15038,39627745793150848,train
3079,39627745797344609,train
15026,39627745805730444,train
3078,39627745805730580,train
15028,39627745809925059,train
11770,39627745814118572,train
11766,39627745822507691,train
11767,39627745826701726,train
11760,39627745826704306,train
1803,39627745826705290,train
11769,39627745826706428,train
11765,39627745830898025,train
11756,39627745830899233,train
11778,39627745847675560,train
11776,39627745851867571,train
11777,39627745851871480,train
1810,39627745851873955,train
11723,39627745860256925,train
1791,39627745864451953,train
11721,39627745864451953,train
11726,39627745864451955,train
1789,39627745864453021,train
11724,39627745864453021,train
11722,39627745864454761,train
13405,39627745881232863,train
13428,39627745885422256,train
2394,39627745885425395,train
13404,39627745885425624,train
13398,39627745889616463,train
13408,39627745889616750,train
13393,39627745893813551,train
2393,39627745898005297,train
13406,39627745898006509,train
2392,39627745898007958,train
13394,39627745898007958,train
2324,39627745906395457,train
13182,39627745906395457,train
13178,39627745914783602,train
2322,39627745923171140,train
13176,39627745923171140,train
13179,39627745923173754,train
13193,39627745935757239,train
13195,39627745939947664,train
13190,39627745939952121,train
13187,39627745944147867,train
13185,39627745948337228,train
13142,39627745952534223,train
2351,39627745973506761,train
13235,39627745994478504,train
13237,39627745998668296,train
12286,39627746007058002,train
31047,39627746007058002,train
12287,39627746007060508,train
31044,39627746007060508,train
30459,39627746011254753,train
12283,39627746011254773,train
30455,39627746011254773,train
31043,39627746011254773,train
12290,39627746023839370,train
31051,39627746023839370,train
12291,39627746028031237,train
31054,39627746028031237,train
12303,39627746044808262,train
1994,39627746044808265,train
12242,39627746044809835,train
12246,39627746053195472,train
12249,39627746061583384,train
31038,39627746061583384,train
12252,39627746065777610,train
31034,39627746065777610,train
12248,39627746065780595,train
31037,39627746065780595,train
2142,39627746069971782,train
30556,39627746069971782,train
12674,39627746086750503,train
31211,39627746086750503,train
12679,39627746086751156,train
31209,39627746086751156,train
12681,39627746086753492,train
31208,39627746086753492,train
2129,39627746090943288,train
30535,39627746090943288,train
12425,39627746095138241,train
31103,39627746095138241,train
2138,39627746095138323,train
12687,39627746095138323,train
30552,39627746095138323,train
31224,39627746095138323,train
12701,39627746095138967,train
31223,39627746095138967,train
12424,39627746095139004,train
31104,39627746095139004,train
31105,39627746095139005,train
12419,39627746099335825,train
12427,39627746103529600,train
12420,39627746107722420,train
12414,39627746116108883,train
12433,39627746132886159,train
31108,39627746132886159,train
2051,39627746132886597,train
30487,39627746132886597,train
12376,39627746141275996,train
31090,39627746141275996,train
12378,39627746145468767,train
30486,39627746145468767,train
31097,39627746145468767,train
2024,39627746149663755,train
30484,39627746149663755,train
12382,39627746149664149,train
30485,39627746149664149,train
31098,39627746149664149,train
12383,39627746153859427,train
31102,39627746153859427,train
12380,39627746158051974,train
31100,39627746158051974,train
12384,39627746158055792,train
12379,39627746162248887,train
2023,39627746162249110,train
12385,39627746162249110,train
12481,39627746166441752,train
12476,39627746170634969,train
12488,39627746187415422,train
27140,39627746195804814,train
6558,39627746216778823,train
27151,39627746220968804,train
6556,39627746225165661,train
27144,39627746229359284,train
6544,39627746237747045,train
27107,39627746237747045,train
27108,39627746241942544,train
27111,39627746250331104,train
27110,39627746254523243,train
22646,39627746271297844,train
22647,39627746271301308,train
22648,39627746275493404,train
10056,39627749312171148,train
10052,39627749316363845,train
1238,39627749324751958,train
10073,39627749324755392,train
10058,39627749337338896,train
10063,39627749354113578,train
10027,39627749362501375,train
10098,39627749375083462,train
10110,39627749375083999,train
10108,39627749375085357,train
10100,39627749375086145,train
1246,39627749387665737,train
1247,39627749387666947,train
10089,39627749387667401,train
9856,39627749404442986,train
9857,39627749408637065,train
9874,39627749421221591,train
1143,39627749429612843,train
1148,39627749438001631,train
9869,39627749442193929,train
1149,39627749446386338,train
9871,39627749446386338,train
9872,39627749446386557,train
1188,39627749572215755,train
9917,39627749572218068,train
9915,39627749572219384,train
1189,39627749572220160,train
9919,39627749572220160,train
9246,39627749609963944,train
9232,39627749618354812,train
9240,39627749635132867,train
954,39627749639326688,train
9239,39627749639326688,train
9218,39627749643522739,train
9212,39627749647715708,train
9404,39627749660297601,train
9392,39627749668686498,train
997,39627749672880613,train
9399,39627749677073434,train
9396,39627749677077913,train
9367,39627749685466332,train
9365,39627749689660285,train
993,39627749693853441,train
996,39627749702240988,train
7493,39627750604017048,train
7495,39627750604017236,train
7486,39627750608212710,train
7484,39627750612403450,train
7488,39627750624986842,train
7490,39627750624986877,train
7346,39627750641765603,train
7337,39627750650155225,train
7348,39627750654345695,train
336,39627750666935029,train
333,39627750675317285,train
321,39627750675322900,train
7313,39627750675322900,train
320,39627750679516328,train
7315,39627750683706508,train
7309,39627750683709387,train
7310,39627750683710016,train
7375,39627750696289227,train
7370,39627750696290502,train
342,39627750700485546,train
7371,39627750700485546,train
7364,39627750721456707,train
7367,39627750721457558,train
20030,39627750796951990,train
20017,39627750796957161,train
20016,39627750801148683,train
20019,39627750801149819,train
20021,39627750813728858,train
5153,39627750826316834,train
5159,39627750838894916,train
19920,39627750838894916,train
19914,39627750859867235,train
19908,39627750864062494,train
19945,39627750889228332,train
5169,39627750889229662,train
19928,39627750889229662,train
5170,39627750901809838,train
19931,39627750901812530,train
5171,39627750906004842,train
19933,39627750906004842,train
19431,39627750918588182,train
19452,39627750935364408,train
19434,39627750943753734,train
5039,39627750956337107,train
19442,39627750956337107,train
5101,39627750973115425,train
19685,39627750973115425,train
19674,39627750994084447,train
5100,39627750998279145,train
19548,39627751006670530,train
19565,39627751027639471,train
19513,39627751061197717,train
19594,39627751065391809,train
5078,39627751069586051,train
19597,39627751069586051,train
29917,39627751069586051,train
19596,39627751073777501,train
19580,39627751077971130,train
19579,39627751077973287,train
30329,39627751077973287,train
5074,39627751077973638,train
19581,39627751077973638,train
30328,39627751077973638,train
5076,39627751094748542,train
4281,39627751107331133,train
17708,39627751107331133,train
17718,39627751124109144,train
17686,39627751149277436,train
17681,39627751153468298,train
18690,39627751166054133,train
4740,39627751182829788,train
18592,39627751203803372,train
18614,39627751216386782,train
18612,39627751220577468,train
18613,39627751220578649,train
18608,39627751228968893,train
18611,39627751237356740,train
4709,39627751275104896,train
18626,39627751275104896,train
18627,39627751279301056,train
18630,39627751283494864,train
4712,39627751283495306,train
18057,39627751296077356,train
18075,39627751304464584,train
4455,39627751312856384,train
18062,39627751312856384,train
18063,39627751317049247,train
18345,39627751354798030,train
4581,39627751367380778,train
4583,39627751371572009,train
18331,39627751379964224,train
18168,39627751392545392,train
18167,39627751396737184,train
18190,39627751405126986,train
18200,39627751405126991,train
18194,39627751405128809,train
18179,39627751409321416,train
18196,39627751409321727,train
18187,39627751421903413,train
18183,39627751426099848,train
4490,39627751442874696,train
4489,39627751442875644,train
18139,39627751442875644,train
4522,39627751442878394,train
4521,39627751447070724,train
29900,39627751447070724,train
18227,39627751451265717,train
29902,39627751451265717,train
4517,39627751455458610,train
10943,39627751480627197,train
10950,39627751505789184,train
31006,39627751505789184,train
10952,39627751505789439,train
31005,39627751505789439,train
10951,39627751505792548,train
31007,39627751505792548,train
1519,39627751518374018,train
10957,39627751518374028,train
1503,39627751522570347,train
1501,39627751535153390,train
10906,39627751535153390,train
10900,39627751535153577,train
3358,39627751543538223,train
15770,39627751543538223,train
15755,39627751556123189,train
31667,39627751556123189,train
15741,39627751560315587,train
31668,39627751560315587,train
3353,39627751564512463,train
30790,39627751564512463,train
3355,39627751568703664,train
29872,39627751568703664,train
30791,39627751568703664,train
15758,39627751568705379,train
31674,39627751568705379,train
3357,39627751572898209,train
30795,39627751572898209,train
15765,39627751572900011,train
31678,39627751572900011,train
15585,39627751585481168,train
3297,39627751589678482,train
15607,39627751589678482,train
3300,39627751593870164,train
3293,39627751602259969,train
15588,39627751602259969,train
15597,39627751614844204,train
3296,39627751619036174,train
15600,39627751619036174,train
15644,39627751631622148,train
15643,39627751640010284,train
15627,39627751644204526,train
3308,39627751644204794,train
15629,39627751644204794,train
15623,39627751652591082,train
15630,39627751652593796,train
3313,39627751652594350,train
14819,39627751673562476,train
14821,39627751702923896,train
14827,39627751711312360,train
14789,39627751715505662,train
14791,39627751719699355,train
14790,39627751723894535,train
2984,39627751723896827,train
15222,39627751732284406,train
15199,39627751744868018,train
15196,39627751749061617,train
15212,39627751749061940,train
3153,39627751757449974,train
3059,39627751761644965,train
3060,39627751761646673,train
14974,39627751765839073,train
14978,39627751770035646,train
3070,39627751782617316,train
14989,39627751791002183,train
14986,39627751791006791,train
14984,39627751791006972,train
3065,39627751795199889,train
14941,39627751807783371,train
14937,39627751820366892,train
3086,39627751824560142,train
15035,39627751841337801,train
15031,39627751841338283,train
1806,39627751866504247,train
11796,39627751879084589,train
11789,39627751879085994,train
1809,39627751883279492,train
11779,39627751887471320,train
11773,39627751887475719,train
11787,39627751895865335,train
2397,39627751925222701,train
13392,39627751925222701,train
13431,39627751925225134,train
13391,39627751929416345,train
13396,39627751933612922,train
13407,39627751933612935,train
13422,39627751946191155,train
13410,39627751946191157,train
13417,39627751946191761,train
13181,39627751950389641,train
13175,39627751954580096,train
13219,39627751967165246,train
13211,39627751971361324,train
13191,39627751983944086,train
13209,39627751988138164,train
13205,39627751992332981,train
13138,39627752000720668,train
13139,39627752004913837,train
13135,39627752004916931,train
2347,39627752038466996,train
13251,39627752038466996,train
30706,39627752038466996,train
31477,39627752038466996,train
13243,39627752042661249,train
31474,39627752042661249,train
12284,39627752046859184,train
31045,39627752046859184,train
12282,39627752051050229,train
31049,39627752051050229,train
1988,39627752051050416,train
12281,39627752051050416,train
30458,39627752051050416,train
31046,39627752051050416,train
12310,39627752067827477,train
31075,39627752067827477,train
12307,39627752067828959,train
30476,39627752067828959,train
31079,39627752067828959,train
1992,39627752076219327,train
30462,39627752076219327,train
1995,39627752080412606,train
12300,39627752080412606,train
12301,39627752084605926,train
1996,39627752084605953,train
12705,39627752105579353,train
31235,39627752105579353,train
2146,39627752109771451,train
30559,39627752109771451,train
12677,39627752113966805,train
31200,39627752113966805,train
12683,39627752113967802,train
31201,39627752113967802,train
12680,39627752122353667,train
30538,39627752122353667,train
31204,39627752122353667,train
2127,39627752122354457,train
30536,39627752122354457,train
31206,39627752122354457,train
2137,39627752130745217,train
30549,39627752130745217,train
12458,39627752151714173,train
31134,39627752151714173,train
12453,39627752151716145,train
31136,39627752151716145,train
12456,39627752155907103,train
30505,39627752155907103,train
31138,39627752155907103,train
2056,39627752155910515,train
30499,39627752155910515,train
12448,39627752160101296,train
31124,39627752160101296,train
31127,39627752160104539,train
31125,39627752160104547,train
2049,39627752172684055,train
30492,39627752172684055,train
12438,39627752181073908,train
31113,39627752181073908,train
12444,39627752181075758,train
31112,39627752181075758,train
12443,39627752185266970,train
31118,39627752185266970,train
12387,39627752193658372,train
31096,39627752193658372,train
12504,39627752197854537,train
31156,39627752197854537,train
2068,39627752206237968,train
12507,39627752206241265,train
12512,39627752206243756,train
2070,39627752210433670,train
12501,39627752210433670,train
2069,39627752210435631,train
12503,39627752210435631,train
2062,39627752218823629,train
12483,39627752218823629,train
2065,39627752227214667,train
12486,39627752227214667,train
6555,39627752235603764,train
27142,39627752243987504,train
6561,39627752252375545,train
27163,39627752252375545,train
27164,39627752252377328,train
27153,39627752273347366,train
27099,39627752285930454,train
27101,39627752285933900,train
27109,39627752285934000,train
22662,39627752306903453,train
5763,39627752315293896,train
22660,39627752315293918,train
22655,39627752315293934,train
22649,39627752315295452,train
24957,39627755305832544,train
1285,39627755339382950,train
10202,39627755343579264,train
10203,39627755347772422,train
10072,39627755356161658,train
10071,39627755360357788,train
10076,39627755368747242,train
1241,39627755377132797,train
1236,39627755381330559,train
10068,39627755381330559,train
10066,39627755381331112,train
10064,39627755389717714,train
1233,39627755389717972,train
1235,39627755398106294,train
10070,39627755402297745,train
1252,39627755402301468,train
10103,39627755406492897,train
10099,39627755414882040,train
10106,39627755419076061,train
10101,39627755419076507,train
9876,39627755469406286,train
9867,39627755486185583,train
9931,39627755595237466,train
9928,39627755595237852,train
9930,39627755595239205,train
9921,39627755616209334,train
9924,39627755620402930,train
9925,39627755628790895,train
9248,39627755637182785,train
9249,39627755645570219,train
9245,39627755653959085,train
953,39627755679122926,train
952,39627755679127792,train
9238,39627755679127792,train
1004,39627755687513376,train
9403,39627755704287743,train
9389,39627755704292878,train
9390,39627755708484858,train
998,39627755721069000,train
9398,39627755721069128,train
9385,39627755733654050,train
9380,39627755737841862,train
9384,39627755737843523,train
9381,39627755737847153,train
9383,39627755746233639,train
7492,39627756639619596,train
367,39627756643816988,train
7494,39627756648008936,train
7489,39627756652204395,train
7487,39627756656398421,train
337,39627756681565222,train
338,39627756685755379,train
7347,39627756685755379,train
7340,39627756710923958,train
7342,39627756710925556,train
334,39627756715118066,train
7376,39627756731892653,train
7373,39627756736086146,train
7374,39627756736089956,train
7372,39627756736091696,train
7378,39627756740284715,train
7362,39627756748671602,train
7363,39627756748672949,train
7366,39627756757063014,train
5214,39627756832556466,train
5215,39627756836750808,train
20026,39627756853531048,train
20023,39627756857725399,train
20022,39627756861915876,train
5156,39627756887081047,train
19907,39627756887081047,train
19909,39627756903861176,train
19910,39627756903861677,train
19884,39627756908056027,train
19886,39627756912250592,train
19944,39627756920635477,train
19939,39627756920636910,train
19941,39627756920639759,train
5174,39627756941611640,train
19938,39627756941611640,train
5172,39627756954190147,train
19934,39627756954190147,train
5181,39627756958386293,train
19453,39627756962579146,train
19449,39627756962582286,train
19450,39627756966774185,train
19448,39627756970972106,train
19446,39627756975164984,train
5038,39627756991939824,train
19441,39627756991939918,train
19687,39627757012911266,train
19684,39627757017105116,train
19688,39627757017105426,train
19681,39627757042271304,train
19680,39627757050662099,train
19571,39627757059051674,train
19567,39627757063245872,train
19570,39627757067437125,train
19564,39627757075824725,train
19557,39627757075829948,train
19558,39627757084214316,train
19561,39627757084218460,train
19562,39627757092604122,train
19555,39627757092606030,train
19595,39627757105185749,train
29918,39627757105185749,train
5079,39627757109380431,train
19586,39627757130352056,train
29916,39627757130352056,train
19588,39627757142934290,train
4287,39627757168102018,train
4285,39627757168102059,train
4741,39627757197462963,train
4742,39627757197462980,train
18607,39627757272959831,train
18610,39627757272962348,train
4702,39627757281347010,train
18609,39627757281347010,train
4701,39627757285543785,train
18606,39627757285543785,train
18634,39627757302322228,train
18631,39627757314905959,train
18629,39627757327486138,train
4711,39627757331680039,train
18628,39627757331680039,train
18050,39627757335876024,train
18052,39627757335876050,train
18072,39627757340067935,train
18074,39627757340069546,train
18071,39627757344262470,train
4458,39627757352649356,train
18070,39627757352649356,train
18066,39627757369430149,train
18067,39627757373620593,train
18068,39627757377815460,train
18030,39627757377820013,train
4589,39627757398789132,train
4584,39627757415567673,train
18330,39627757419761092,train
4587,39627757423954501,train
4508,39627757432343712,train
18198,39627757432343712,train
18191,39627757444924493,train
4511,39627757449118036,train
18202,39627757449118036,train
18185,39627757465895499,train
4505,39627757474287516,train
4502,39627757474287552,train
4488,39627757478478965,train
18145,39627757478481376,train
18226,39627757486867617,train
29901,39627757486867617,train
30443,39627757528812459,train
10967,39627757537201513,train
31015,39627757537201513,train
1526,39627757541393919,train
30442,39627757541393919,train
31016,39627757541393919,train
15768,39627757591727349,train
31685,39627757591727349,train
15771,39627757591728312,train
31683,39627757591728312,train
15761,39627757600116878,train
31673,39627757600116878,train
15759,39627757604310699,train
30792,39627757604310699,train
31670,39627757604310699,train
15762,39627757604311661,train
31677,39627757604311661,train
3356,39627757608505321,train
15764,39627757608505321,train
30796,39627757608505321,train
31676,39627757608505321,train
15580,39627757616892574,train
31666,39627757616892574,train
15581,39627757616894111,train
3302,39627757625280050,train
15614,39627757625280050,train
3299,39627757625281272,train
3298,39627757625281918,train
15609,39627757625281918,train
15606,39627757629476270,train
15608,39627757633671143,train
15605,39627757637864515,train
30025,39627757637864515,train
3295,39627757658834876,train
15604,39627757658834876,train
15596,39627757658836649,train
15603,39627757663028270,train
15642,39627757675614200,train
15626,39627757688195988,train
15632,39627757692387682,train
15628,39627757692389473,train
15639,39627757696585648,train
15633,39627757709167405,train
14833,39627757717553539,train
3002,39627757725946712,train
14838,39627757730136848,train
14836,39627757730139845,train
14822,39627757738525018,train
14824,39627757742722720,train
14788,39627757759497209,train
15220,39627757767890310,train
15221,39627757772082349,train
3155,39627757772082487,train
3151,39627757788861184,train
15210,39627757793054939,train
15217,39627757797247027,train
15215,39627757801443803,train
3149,39627757805634497,train
14982,39627757805638419,train
15237,39627757805638738,train
15004,39627757809828896,train
14977,39627757809829103,train
15006,39627757809829439,train
15001,39627757818218733,train
14999,39627757818220270,train
3072,39627757818221858,train
15002,39627757822415685,train
3068,39627757826605914,train
15115,39627757855965324,train
14942,39627757855968280,train
3085,39627757860163118,train
3084,39627757864355094,train
15052,39627757868548284,train
15055,39627757868548951,train
15057,39627757868551615,train
15050,39627757872744949,train
15053,39627757872746680,train
15039,39627757876940300,train
15032,39627757881131841,train
15046,39627757885327558,train
3083,39627757889524136,train
15048,39627757893717734,train
3081,39627757897909017,train
15044,39627757897909017,train
15042,39627757897911469,train
15040,39627757897912183,train
11768,39627757902103450,train
11791,39627757902107421,train
1818,39627757906298306,train
1820,39627757906302645,train
1819,39627757910494132,train
1817,39627757910495271,train
11794,39627757923075508,train
11790,39627757923075559,train
1812,39627757935657094,train
1811,39627757935657506,train
11783,39627757935657506,train
11784,39627757935658802,train
11781,39627757939855882,train
2403,39627757969212636,train
13420,39627757973409454,train
13425,39627757977604016,train
2398,39627757985994292,train
13418,39627757985994292,train
13409,39627757990185644,train
13180,39627757994381202,train
2336,39627757998574519,train
13210,39627757998574519,train
13216,39627758006961985,train
13218,39627758011158683,train
13217,39627758019543352,train
13194,39627758019545068,train
13204,39627758027933874,train
13196,39627758032129172,train
2330,39627758036322054,train
13202,39627758036322054,train
2329,39627758040519710,train
13197,39627758040519710,train
2304,39627758040519923,train
13258,39627758044712156,train
2349,39627758053099066,train
13259,39627758053099629,train
13257,39627758057295295,train
13262,39627758061490072,train
13256,39627758061491015,train
13242,39627758069876955,train
13245,39627758078265073,train
30707,39627758078265073,train
31476,39627758078265073,train
13244,39627758078266576,train
31481,39627758078266576,train
13241,39627758078266581,train
31480,39627758078266581,train
13248,39627758078267732,train
31478,39627758078267732,train
13247,39627758086652169,train
31473,39627758086652169,train
2348,39627758090847067,train
30703,39627758090847067,train
1987,39627758090851318,train
30456,39627758090851318,train
12315,39627758095041221,train
30470,39627758095041221,train
31067,39627758095041221,train
2004,39627758099239871,train
12316,39627758099239871,train
30471,39627758099239871,train
31076,39627758099239871,train
12306,39627758099239875,train
31066,39627758099239875,train
31080,39627758103432445,train
12308,39627758103432488,train
31070,39627758103432488,train
2005,39627758103432776,train
30475,39627758103432776,train
1999,39627758107626055,train
30473,39627758107626055,train
31078,39627758107628554,train
12317,39627758111818286,train
31077,39627758111818286,train
12314,39627758111819135,train
31072,39627758111819135,train
12312,39627758111819201,train
31069,39627758111819201,train
2003,39627758111819819,train
30472,39627758111819819,train
1991,39627758116012347,train
30461,39627758116012347,train
31061,39627758116017264,train
12299,39627758120209820,train
31058,39627758120209820,train
12294,39627758124403401,train
31057,39627758124403401,train
12295,39627758128599812,train
31055,39627758128599812,train
12245,39627758136989198,train
31036,39627758136989198,train
2140,39627758141182810,train
30562,39627758141182810,train
12711,39627758145375483,train
31234,39627758145375483,train
2145,39627758149569048,train
30558,39627758149569048,train
12708,39627758149569821,train
31240,39627758149569821,train
12715,39627758153761471,train
30563,39627758153761471,train
31239,39627758153761471,train
12713,39627758157956194,train
31230,39627758157956194,train
12709,39627758157960273,train
31233,39627758157960273,train
12699,39627758162152508,train
31226,39627758162152508,train
12685,39627758162152519,train
31229,39627758162152519,train
30550,39627758162153988,train
12689,39627758166344935,train
30296,39627758166344935,train
31228,39627758166344935,train
12690,39627758170540645,train
31222,39627758170540645,train
2131,39627758170540656,train
30551,39627758170540656,train
2136,39627758170542401,train
12700,39627758170542401,train
30542,39627758170542401,train
31227,39627758170542401,train
12698,39627758174736682,train
31215,39627758174736682,train
2132,39627758178927085,train
12693,39627758178927085,train
30547,39627758178927085,train
31214,39627758178927085,train
2133,39627758178927106,train
30545,39627758178927106,train
12697,39627758183125422,train
30297,39627758183125422,train
12452,39627758187316503,train
2043,39627758187318737,train
12418,39627758187318737,train
2055,39627758187319901,train
30504,39627758187319901,train
2054,39627758191511075,train
12451,39627758191511075,train
30506,39627758191511075,train
31135,39627758191511075,train
30503,39627758191511079,train
12457,39627758195705698,train
31131,39627758195705698,train
12455,39627758199898851,train
31128,39627758199898851,train
12437,39627758212484787,train
30495,39627758212484787,train
31116,39627758212484787,train
12439,39627758212485658,train
31114,39627758212485658,train
12436,39627758216678259,train
31115,39627758216678259,train
12386,39627758229264260,train
31101,39627758229264260,train
12505,39627758233459687,train
30511,39627758233459687,train
31155,39627758233459687,train
12511,39627758241848237,train
12510,39627758246040055,train
12502,39627758254426340,train
12497,39627758267007832,train
12484,39627758267007862,train
2064,39627758267007950,train
12496,39627758267007950,train
12494,39627758271201438,train
2066,39627758271201459,train
12485,39627758271201459,train
12487,39627758271202256,train
27167,39627758292176191,train
27169,39627758292176192,train
6557,39627758300565133,train
27147,39627758300565133,train
27155,39627758304757503,train
27152,39627758321537249,train
6543,39627758325732766,train
22665,39627758329922442,train
5768,39627758329926537,train
22663,39627758342505948,train
5765,39627758342508399,train
22664,39627758342508399,train
22645,39627758346704858,train
22656,39627758355090711,train
10199,39627761374986856,train
10201,39627761387572242,train
10215,39627761391765755,train
10075,39627761408544323,train
10077,39627761412735086,train
1245,39627761416932152,train
10105,39627761454679407,train
10097,39627761454679438,train
1255,39627761454680160,train
1253,39627761454681802,train
10118,39627761467262151,train
1250,39627761471455446,train
1249,39627761479846697,train
10093,39627761479846697,train
1153,39627761509207478,train
9881,39627761509209978,train
9868,39627761517595704,train
1197,39627761626646596,train
9963,39627761630843749,train
9927,39627761643423580,train
9926,39627761647620179,train
9923,39627761672782050,train
9247,39627761681174490,train
955,39627761681175267,train
957,39627761697948509,train
9250,39627761697948509,train
9244,39627761706341250,train
9409,39627761735701598,train
9407,39627761735702743,train
1005,39627761752474543,train
9400,39627761765056725,train
1000,39627761765059169,train
29864,39627761765059169,train
9401,39627761765060842,train
9416,39627761769251664,train
9382,39627761786028502,train
9386,39627761790222907,train
7520,39627762666835251,train
7491,39627762683611162,train
371,39627762712970300,train
7339,39627762742333384,train
7420,39627762759110176,train
7422,39627762759112489,train
343,39627762780083394,train
7384,39627762788468902,train
7369,39627762792662744,train
7365,39627762792666115,train
25513,39627762830411317,train
25516,39627762834609283,train
5235,39627762859772011,train
20034,39627762884936727,train
20027,39627762897522055,train
5222,39627762905908503,train
29926,39627762905908503,train
29924,39627762905911367,train
5160,39627762910105444,train
19915,39627762910105444,train
5158,39627762914299890,train
19916,39627762914299890,train
5161,39627762914300989,train
19918,39627762918493776,train
19917,39627762918494126,train
5164,39627762922689762,train
5163,39627762926880146,train
19927,39627762926883541,train
19913,39627762935269005,train
5157,39627762935270183,train
19912,39627762935271075,train
5189,39627762947853634,train
5175,39627762960434942,train
19943,39627762960435710,train
19932,39627762985601824,train
19936,39627762989797871,train
19937,39627762993990557,train
5180,39627762998185384,train
19445,39627763010768238,train
19457,39627763023351883,train
19444,39627763040126190,train
19682,39627763061097607,train
19695,39627763065295830,train
5099,39627763077876833,train
19568,39627763098847477,train
19563,39627763124015170,train
19559,39627763132402057,train
19617,39627763140792842,train
19590,39627763157567357,train
5081,39627763161763728,train
5077,39627763178537695,train
19583,39627763178537695,train
19584,39627763178541472,train
5084,39627763186927989,train
19604,39627763186927989,train
17724,39627763199508530,train
17723,39627763203706379,train
18714,39627763228872285,train
4759,39627763228873260,train
18713,39627763228873260,train
18696,39627763258230901,train
4751,39627763258233937,train
4705,39627763300173947,train
4706,39627763304370162,train
4703,39627763312759812,train
18636,39627763337926527,train
18643,39627763350506238,train
18073,39627763388255175,train
4463,39627763396641131,train
18065,39627763413418465,train
4457,39627763413420176,train
18377,39627763426001506,train
18340,39627763430197971,train
18335,39627763451169260,train
18333,39627763451170966,train
18334,39627763455361604,train
18337,39627763467944125,train
4595,39627763472140886,train
18197,39627763480528090,train
4509,39627763480529852,train
18201,39627763480529852,train
4506,39627763484723028,train
18213,39627763488917289,train
18206,39627763493113990,train
4501,39627763505693015,train
18184,39627763505693015,train
18186,39627763509888482,train
18270,39627763518279482,train
18225,39627763522471354,train
4519,39627763543447087,train
18220,39627763543447087,train
18221,39627763547640714,train
10964,39627763572801696,train
31018,39627763572801696,train
1524,39627763572802313,train
10966,39627763572802313,train
30445,39627763572802313,train
31017,39627763572802313,train
1528,39627763585389613,train
30449,39627763585389613,train
15847,39627763610553772,train
15853,39627763610554781,train
30031,39627763610554781,train
15852,39627763614744722,train
30035,39627763614744722,train
15843,39627763614746224,train
15766,39627763618940408,train
30026,39627763618940408,train
31687,39627763618940408,train
15767,39627763623135427,train
30798,39627763623135427,train
31679,39627763623135427,train
15775,39627763627332154,train
31681,39627763627332154,train
15773,39627763631523368,train
31680,39627763631523368,train
15757,39627763644107132,train
31675,39627763644107132,train
15756,39627763644108213,train
31671,39627763644108213,train
3354,39627763656687768,train
30793,39627763656687768,train
15795,39627763660882235,train
31709,39627763660882235,train
15797,39627763660883265,train
31710,39627763660883265,train
3303,39627763665079977,train
15610,39627763665082092,train
3305,39627763677661100,train
29871,39627763677661100,train
15601,39627763690246361,train
3315,39627763715408614,train
15653,39627763732189364,train
15636,39627763740578704,train
3314,39627763744773227,train
15634,39627763744773227,train
3318,39627763748966533,train
15656,39627763748966533,train
15660,39627763748966538,train
14837,39627763761548218,train
14834,39627763761548562,train
3007,39627763778324017,train
2999,39627763786711174,train
14825,39627763786711174,train
3000,39627763786715236,train
14829,39627763786715236,train
15280,39627763795104707,train
15282,39627763799297097,train
15281,39627763803488407,train
3175,39627763803489421,train
15219,39627763811880126,train
15227,39627763820266748,train
15213,39627763824463678,train
3148,39627763832849444,train
15211,39627763841237306,train
3150,39627763841238783,train
3152,39627763841239265,train
15216,39627763841242753,train
15238,39627763849626395,train
3073,39627763849627954,train
3071,39627763858015596,train
15003,39627763858015596,train
3067,39627763887377510,train
14996,39627763891569415,train
15111,39627763895766104,train
15054,39627763908350243,train
15051,39627763912540533,train
30313,39627763912540533,train
3087,39627763916737502,train
15060,39627763920929173,train
15043,39627763933513376,train
15078,39627763941903805,train
15074,39627763941903954,train
2441,39627763988039536,train
2404,39627763992235269,train
13432,39627763992235269,train
13429,39627763996428143,train
2405,39627763996430656,train
13434,39627764000621369,train
13427,39627764004814885,train
13446,39627764009014610,train
13445,39627764013204948,train
13447,39627764013208767,train
2409,39627764017397809,train
13413,39627764017401718,train
13423,39627764017402630,train
2401,39627764021594015,train
13426,39627764021594015,train
13412,39627764025788186,train
13421,39627764025790112,train
2335,39627764042566233,train
2334,39627764046762317,train
13213,39627764050954830,train
13214,39627764050954883,train
13212,39627764055150066,train
2340,39627764059345482,train
13231,39627764059345482,train
13222,39627764059345515,train
13208,39627764067732672,train
2331,39627764071924985,train
13201,39627764080313058,train
2374,39627764080314848,train
13200,39627764080315185,train
13315,39627764080316712,train
13260,39627764092895954,train
13254,39627764092896229,train
2359,39627764105481815,train
2355,39627764109677217,train
30710,39627764109677217,train
30709,39627764118063658,train
13249,39627764118065164,train
31479,39627764118065164,train
30705,39627764122258327,train
30704,39627764126449836,train
12305,39627764134840715,train
30467,39627764134840715,train
31068,39627764134840715,train
12318,39627764139034224,train
31064,39627764139034224,train
12320,39627764147425721,train
31084,39627764147425721,train
12319,39627764151617582,train
30481,39627764151617582,train
31081,39627764151617582,train
2006,39627764155812567,train
12321,39627764155812567,train
30480,39627764155812567,train
31086,39627764155812567,train
12298,39627764160006971,train
31056,39627764160006971,train
1998,39627764160007609,train
12293,39627764160007609,train
30464,39627764160007609,train
31059,39627764160007609,train
2172,39627764172591630,train
12784,39627764172591630,train
30597,39627764172591630,train
31296,39627764172591630,train
31299,39627764176786322,train
2171,39627764180979451,train
30598,39627764180979451,train
12777,39627764180981137,train
31295,39627764180981137,train
12704,39627764180982164,train
31241,39627764180982164,train
12703,39627764185171684,train
31242,39627764185171684,train
2143,39627764185172868,train
30557,39627764185172868,train
30564,39627764193559697,train
12707,39627764193562513,train
31232,39627764193562513,train
12714,39627764193562736,train
31231,39627764193562736,train
30554,39627764197752941,train
2144,39627764197753652,train
30555,39627764197753652,train
12734,39627764197757545,train
31262,39627764197757545,train
12724,39627764201951518,train
31261,39627764201951518,train
12696,39627764210340164,train
31221,39627764210340164,train
12692,39627764214531196,train
30295,39627764214531196,train
31216,39627764214531196,train
12695,39627764214533705,train
31219,39627764214533705,train
2135,39627764218725196,train
12694,39627764218725196,train
30540,39627764218725196,train
31213,39627764218725196,train
12738,39627764218728529,train
31266,39627764218728529,train
2139,39627764222919960,train
30539,39627764222919960,train
30543,39627764222919975,train
12743,39627764222920001,train
31270,39627764222920001,train
12736,39627764227113983,train
2154,39627764227114751,train
2157,39627764227117829,train
12744,39627764227117829,train
30578,39627764227117829,train
31263,39627764227117829,train
12461,39627764231308218,train
31132,39627764231308218,train
2058,39627764231309161,train
30502,39627764231309161,train
12449,39627764235507688,train
31129,39627764235507688,train
30501,39627764239698814,train
2059,39627764239701935,train
30500,39627764239701935,train
31137,39627764239701935,train
12450,39627764243892537,train
31133,39627764243892537,train
12460,39627764243893974,train
31126,39627764243893974,train
12462,39627764248089663,train
31139,39627764248089663,train
12465,39627764248090039,train
31141,39627764248090039,train
2053,39627764260668842,train
12440,39627764260668842,train
30496,39627764260668842,train
31121,39627764260668842,train
12441,39627764260673180,train
31120,39627764260673180,train
12447,39627764260673200,train
31117,39627764260673200,train
30497,39627764264863344,train
30518,39627764273252802,train
12499,39627764290029265,train
2067,39627764290029343,train
2074,39627764294225109,train
12517,39627764294225109,train
12493,39627764302610924,train
12489,39627764302611700,train
12492,39627764306807641,train
12490,39627764315195636,train
6565,39627764331971020,train
6562,39627764331973358,train
27166,39627764331974353,train
6564,39627764331975352,train
27165,39627764336166182,train
6567,39627764344554160,train
6569,39627764344558469,train
27158,39627764348750005,train
6559,39627764348753309,train
27159,39627764348753309,train
27160,39627764357137036,train
6560,39627764357143011,train
27154,39627764357143011,train
27161,39627764361332737,train
22661,39627764373918170,train
5766,39627764378113264,train
22672,39627764394885437,train
22654,39627764394893002,train
22650,39627764399080594,train
10214,39627767402201666,train
1287,39627767406398550,train
10213,39627767406398550,train
1286,39627767418978507,train
10200,39627767423173098,train
10216,39627767431561494,train
10084,39627767448341257,train
10078,39627767448341448,train
10079,39627767448343126,train
10085,39627767448343466,train
1242,39627767465119241,train
10067,39627767473505578,train
1270,39627767477701982,train
10144,39627767486092013,train
10104,39627767490283723,train
1259,39627767494479640,train
10112,39627767494480208,train
1258,39627767498670340,train
10111,39627767498670340,train
10117,39627767502864434,train
10119,39627767507063298,train
1261,39627767528034439,train
10121,39627767532226998,train
9875,39627767540613994,train
9878,39627767544810498,train
9962,39627767674831947,train
9959,39627767674834212,train
1193,39627767708388814,train
9936,39627767708388814,train
1192,39627767716778097,train
9935,39627767716778097,train
1011,39627767758722209,train
9432,39627767758722209,train
9430,39627767762912460,train
9408,39627767775498599,train
9411,39627767783886848,train
999,39627767800660585,train
368,39627768748575615,train
7499,39627768748575615,train
370,39627768748575880,train
7500,39627768752767670,train
7501,39627768756966566,train
7355,39627768773740220,train
335,39627768786325428,train
7344,39627768786325428,train
7341,39627768794710407,train
332,39627768794713486,train
7418,39627768798905584,train
7421,39627768811487654,train
7429,39627768811487722,train
7383,39627768832461959,train
7368,39627768840848120,train
7391,39627768853434202,train
7390,39627768853436242,train
25517,39627768870209296,train
6214,39627768870210028,train
20074,39627768895377521,train
20042,39627768916348194,train
20040,39627768920542234,train
5217,39627768920545141,train
20035,39627768924739145,train
20025,39627768928931089,train
5223,39627768937321501,train
20046,39627768937321501,train
5221,39627768941512878,train
20045,39627768941512878,train
5166,39627768966680024,train
19925,39627768966680024,train
19954,39627769029595074,train
19953,39627769033785946,train
5182,39627769037982549,train
19952,39627769037982549,train
19951,39627769046369053,train
19451,39627769050563214,train
19456,39627769054761209,train
19454,39627769054761211,train
19460,39627769054761809,train
5104,39627769079926193,train
19683,39627769096701952,train
19686,39627769096703722,train
19693,39627769109286647,train
19692,39627769113477273,train
19694,39627769113479164,train
19575,39627769151229176,train
19621,39627769176393063,train
19593,39627769193171445,train
19599,39627769197365090,train
5085,39627769230918118,train
19609,39627769230918118,train
19606,39627769230919634,train
4286,39627769235112620,train
17726,39627769243504093,train
4758,39627769277059403,train
4749,39627769298029988,train
18691,39627769302224175,train
18697,39627769314806740,train
18703,39627769323194529,train
18702,39627769323197190,train
18621,39627769339970977,train
18617,39627769344168320,train
18664,39627769360944597,train
4715,39627769386110598,train
18638,39627769386110598,train
18646,39627769407080959,train
18076,39627769423860133,train
18080,39627769432248331,train
18077,39627769436442121,train
18069,39627769449025788,train
18376,39627769469995669,train
18341,39627769478382620,train
18343,39627769478382632,train
18352,39627769478383221,train
4591,39627769490966237,train
18347,39627769490966237,train
18355,39627769516132019,train
4594,39627769516133312,train
18353,39627769516134010,train
18195,39627769520327892,train
18212,39627769532908802,train
18209,39627769537106442,train
18268,39627769562271768,train
18231,39627769574851234,train
18229,39627769579048248,train
18230,39627769583241008,train
4518,39627769591631663,train
18219,39627769591631663,train
1525,39627769616796063,train
10965,39627769616796063,train
30444,39627769616796063,train
31019,39627769616796063,train
29867,39627769620989385,train
30446,39627769620989385,train
10977,39627769620992413,train
31022,39627769620992413,train
10968,39627769625182777,train
31020,39627769625182777,train
30450,39627769629378012,train
10975,39627769629382156,train
30023,39627769629382156,train
31028,39627769629382156,train
10963,39627769637766436,train
30019,39627769637766436,train
31013,39627769637766436,train
1521,39627769641961122,train
30440,39627769641961122,train
1522,39627769641961958,train
30439,39627769641961958,train
15848,39627769650352015,train
30032,39627769650352015,train
15845,39627769654543546,train
30034,39627769654543546,train
15769,39627769662935718,train
31682,39627769662935718,train
15780,39627769667127064,train
31697,39627769667127064,train
3365,39627769671323112,train
29875,39627769671323112,train
30803,39627769671323112,train
3367,39627769671324487,train
30804,39627769671324487,train
15782,39627769675514016,train
31694,39627769675514016,train
15788,39627769675514438,train
31695,39627769675514438,train
15794,39627769692294747,train
31708,39627769692294747,train
15611,39627769709069209,train
15615,39627769713264548,train
15620,39627769717460303,train
15616,39627769721651575,train
15695,39627769751013835,train
15646,39627769755207910,train
15649,39627769771983225,train
15654,39627769771986230,train
15652,39627769776179969,train
15638,39627769780375244,train
15657,39627769788764565,train
15658,39627769801348026,train
14839,39627769805538960,train
14846,39627769818122851,train
14844,39627769818124051,train
14843,39627769818125239,train
2998,39627769826511335,train
14832,39627769826514298,train
15276,39627769847482146,train
15226,39627769851678302,train
3158,39627769855873023,train
15228,39627769864258926,train
15208,39627769872652436,train
15235,39627769881036253,train
15005,39627769897812786,train
15024,39627769906201271,train
15014,39627769906202541,train
15021,39627769906205819,train
15023,39627769910397383,train
15025,39627769914590612,train
3077,39627769914594047,train
15109,39627769939758075,train
15061,39627769952340232,train
3089,39627769960730182,train
15058,39627769960730447,train
15041,39627769969118833,train
15047,39627769973312831,train
15075,39627769973314447,train
15072,39627769973314802,train
15068,39627769985894994,train
15073,39627769985895943,train
3096,39627769985896802,train
11793,39627769998475544,train
11798,39627770002674440,train
11802,39627770006869133,train
11797,39627770011062716,train
13497,39627770019452498,train
13493,39627770027838118,train
2442,39627770027839462,train
13430,39627770036227669,train
2406,39627770040421303,train
13433,39627770040421303,train
13444,39627770048811570,train
13439,39627770053001607,train
13440,39627770053004263,train
13424,39627770061391619,train
13415,39627770065585199,train
13419,39627770069779229,train
13449,39627770069781052,train
2411,39627770069782709,train
2412,39627770073975198,train
2416,39627770073975211,train
13228,39627770094948038,train
13223,39627770099139826,train
13220,39627770103333306,train
13203,39627770111722974,train
13326,39627770111725418,train
13207,39627770111727707,train
13327,39627770115922162,train
13328,39627770120110586,train
13322,39627770128500194,train
13317,39627770128500336,train
2354,39627770132695194,train
13252,39627770132695194,train
13253,39627770132698682,train
13269,39627770136888860,train
13264,39627770136891026,train
2350,39627770136893539,train
2357,39627770145276310,train
13270,39627770145276310,train
13263,39627770149470836,train
13268,39627770153665527,train
31482,39627770153665527,train
2363,39627770166251931,train
30711,39627770166251931,train
2001,39627770178833575,train
30468,39627770178833575,train
30293,39627770178833580,train
30466,39627770178833580,train
2007,39627770187222454,train
30294,39627770187222454,train
30482,39627770187222454,train
12322,39627770191413569,train
31083,39627770191413569,train
12296,39627770204000218,train
31060,39627770204000218,train
12297,39627770204000225,train
12785,39627770208195015,train
31303,39627770208195015,train
31298,39627770216582032,train
12716,39627770229164530,train
31243,39627770229164530,train
30565,39627770229164617,train
12712,39627770229167631,train
31237,39627770229167631,train
2149,39627770233359582,train
30566,39627770233359582,train
12721,39627770241746258,train
30577,39627770241746258,train
31256,39627770241746258,train
12720,39627770241746462,train
31260,39627770241746462,train
12725,39627770241749534,train
30576,39627770241749534,train
31258,39627770241749534,train
12732,39627770245943670,train
31259,39627770245943670,train
2152,39627770250134586,train
30575,39627770250134586,train
12730,39627770250134735,train
31257,39627770250134735,train
12684,39627770254329270,train
30544,39627770254329270,train
31220,39627770254329270,train
12686,39627770254331382,train
30546,39627770254331382,train
31218,39627770254331382,train
12737,39627770262716993,train
31269,39627770262716993,train
2155,39627770262717297,train
30579,39627770262717297,train
12745,39627770262720349,train
31271,39627770262720349,train
12746,39627770266912364,train
12454,39627770275301641,train
31130,39627770275301641,train
12470,39627770283693162,train
31146,39627770283693162,train
12466,39627770287883779,train
31145,39627770287883779,train
12474,39627770292077870,train
31140,39627770292077870,train
12463,39627770292078986,train
31142,39627770292078986,train
12468,39627770296272554,train
31143,39627770296272554,train
12582,39627770304659816,train
31168,39627770304659816,train
12576,39627770304659842,train
31171,39627770304659842,train
12581,39627770304665133,train
31165,39627770304665133,train
2097,39627770313048946,train
30517,39627770313048946,train
12579,39627770317242792,train
31164,39627770317242792,train
2098,39627770317245883,train
12583,39627770317245883,train
30516,39627770317245883,train
31169,39627770317245883,train
12508,39627770321437523,train
30512,39627770321437523,train
31154,39627770321437523,train
12516,39627770329830349,train
12515,39627770338215689,train
2073,39627770338216956,train
12514,39627770338216956,train
2078,39627770338219268,train
12523,39627770338219268,train
12495,39627770346607083,train
12491,39627770346607374,train
12526,39627770350799142,train
12527,39627770363381090,train
2081,39627770363382833,train
12524,39627770363382833,train
27170,39627770371771235,train
27175,39627770375968686,train
6566,39627770384351604,train
27173,39627770384351604,train
6568,39627770388550514,train
27162,39627770388551160,train
22677,39627770409521514,train
5767,39627770417906977,train
22669,39627770426295900,train
5770,39627770426301047,train
22666,39627770430490807,train
22670,39627770430490820,train
5764,39627770443072407,train
22651,39627770447266092,train
10212,39627773450389627,train
10210,39627773454585636,train
1289,39627773458776774,train
10209,39627773458776774,train
10206,39627773458776802,train
10224,39627773458780056,train
10218,39627773475558156,train
10082,39627773492334178,train
10083,39627773496525072,train
10080,39627773504915029,train
10175,39627773509110245,train
1277,39627773509110264,train
10171,39627773509110264,train
10150,39627773513305489,train
10147,39627773521692335,train
10146,39627773521692684,train
10145,39627773521693137,train
10149,39627773521695932,train
10142,39627773530080101,train
1273,39627773530080204,train
10156,39627773530080204,train
10153,39627773530080247,train
1251,39627773530083699,train
1257,39627773534274944,train
10116,39627773534276448,train
10169,39627773534277829,train
1260,39627773538470966,train
10115,39627773551050802,train
10122,39627773559442038,train
10120,39627773567830145,train
10123,39627773576217770,train
10126,39627773576219929,train
10125,39627773576220824,train
1152,39627773584607071,train
9880,39627773597190008,train
9961,39627773706240769,train
9964,39627773718822948,train
9966,39627773718826555,train
1191,39627773723020935,train
9934,39627773731409393,train
9949,39627773743992833,train
9937,39627773760768157,train
9251,39627773785933320,train
1010,39627773798515843,train
9439,39627773798515843,train
9431,39627773798518778,train
9436,39627773811101109,train
9437,39627773811102948,train
9435,39627773815293698,train
9410,39627773832072856,train
9423,39627773840458633,train
1007,39627773853043474,train
9414,39627773853043474,train
9417,39627773861430706,train
7498,39627774788374054,train
340,39627774813541998,train
7440,39627774826123239,train
7442,39627774830315920,train
7426,39627774834509460,train
7423,39627774834511787,train
7424,39627774838702914,train
7425,39627774838708317,train
344,39627774859676068,train
7385,39627774859676068,train
7381,39627774859679915,train
7380,39627774872262033,train
7393,39627774889034599,train
346,39627774889036712,train
345,39627774893232723,train
7389,39627774893232723,train
7388,39627774893233132,train
25514,39627774905816463,train
25512,39627774914204570,train
25515,39627774918398039,train
20073,39627774943560995,train
5218,39627774956144104,train
20038,39627774956144219,train
20036,39627774960340470,train
20028,39627774972920141,train
20065,39627774972921171,train
20063,39627774972921223,train
19923,39627774998089702,train
5162,39627774998090602,train
19924,39627775006479127,train
5191,39627775027449664,train
5190,39627775027451647,train
19946,39627775044226760,train
19948,39627775056810270,train
19947,39627775061000910,train
5187,39627775065195285,train
19950,39627775073584344,train
5043,39627775098749066,train
19455,39627775098749066,train
5105,39627775128111336,train
19689,39627775140692627,train
19691,39627775149083040,train
19696,39627775165860341,train
19700,39627775170055192,train
19699,39627775182635467,train
19573,39627775186833426,train
19572,39627775203609287,train
19634,39627775207801453,train
19616,39627775211995285,train
30330,39627775211995285,train
19618,39627775216192723,train
5090,39627775224579931,train
5082,39627775232970970,train
19598,39627775232970970,train
29919,39627775232970970,train
19601,39627775241359281,train
19603,39627775249746765,train
19608,39627775262331307,train
5083,39627775266521351,train
4288,39627775279107944,train
4750,39627775325245597,train
4746,39627775346213297,train
18701,39627775362990452,train
18698,39627775371378722,train
18620,39627775392352001,train
18662,39627775409127986,train
4713,39627775421710510,train
18668,39627775421713443,train
4718,39627775463656018,train
4723,39627775467850286,train
18649,39627775467850286,train
18078,39627775480431205,train
4462,39627775480433099,train
18081,39627775484627629,train
4593,39627775518180863,train
18346,39627775518180863,train
18349,39627775522378852,train
18348,39627775530762907,train
18360,39627775547544119,train
18354,39627775551734161,train
4513,39627775568512035,train
18211,39627775568512035,train
18205,39627775572709804,train
18208,39627775581098455,train
18285,39627775585292279,train
18264,39627775593678693,train
18263,39627775606263091,train
4520,39627775606264635,train
4535,39627775627236187,train
18243,39627775627236187,train
30866,39627775639818305,train
4528,39627775639818780,train
29903,39627775639818780,train
30868,39627775639818780,train
18237,39627775648206278,train
31839,39627775648206278,train
4527,39627775648206987,train
30867,39627775648206987,train
18238,39627775652401599,train
31838,39627775652401599,train
10972,39627775660786780,train
31021,39627775660786780,train
10969,39627775669174679,train
30024,39627775669174679,train
30447,39627775669174679,train
31023,39627775669174679,train
1527,39627775669176244,train
30448,39627775669176244,train
10976,39627775673369426,train
31026,39627775673369426,train
3390,39627775681759119,train
15851,39627775681759119,train
30824,39627775681759119,train
31749,39627775681759119,train
3388,39627775685951888,train
30820,39627775685951888,train
3387,39627775685952075,train
30821,39627775685952075,train
31750,39627775685952075,train
3383,39627775685952836,train
30825,39627775685952836,train
3386,39627775694343156,train
15844,39627775694343156,train
30819,39627775694343156,train
31747,39627775694343156,train
15860,39627775702731070,train
31756,39627775702731070,train
3366,39627775706928290,train
30807,39627775706928290,train
15789,39627775711117625,train
31688,39627775711117625,train
3370,39627775711120911,train
30801,39627775711120911,train
15781,39627775711121028,train
31702,39627775711121028,train
15783,39627775711122667,train
31689,39627775711122667,train
15778,39627775715312135,train
30027,39627775715312135,train
31690,39627775715312135,train
30028,39627775715314331,train
3371,39627775719508906,train
30799,39627775719508906,train
29874,39627775723704295,train
30808,39627775723704295,train
15824,39627775727897043,train
31731,39627775727897043,train
31707,39627775736286880,train
3372,39627775736286882,train
30809,39627775736286882,train
3374,39627775736288082,train
15792,39627775736288082,train
30810,39627775736288082,train
31704,39627775736288082,train
3375,39627775744672090,train
15791,39627775744672090,train
30811,39627775744672090,train
31705,39627775744672090,train
15803,39627775744675291,train
30813,39627775744675291,train
31717,39627775744675291,train
3373,39627775748868410,train
3307,39627775761453708,train
15619,39627775761453708,train
15618,39627775765645781,train
3304,39627775769840945,train
15617,39627775769840947,train
3325,39627775778226752,train
15698,39627775778226752,train
3330,39627775782421955,train
3333,39627775782424350,train
15699,39627775782424350,train
3326,39627775790809794,train
15697,39627775790809794,train
15696,39627775790812535,train
3332,39627775795006268,train
15648,39627775807586680,train
3316,39627775807590933,train
15650,39627775807590933,train
3317,39627775820169266,train
15677,39627775820173482,train
15672,39627775820173486,train
15663,39627775824367112,train
15664,39627775824367637,train
3320,39627775836947700,train
15655,39627775836947700,train
3003,39627775849530417,train
15272,39627775874698731,train
15277,39627775878895269,train
15274,39627775883086922,train
15232,39627775904060172,train
15229,39627775912445868,train
15233,39627775929223671,train
3159,39627775933415928,train
3166,39627775937610017,train
15009,39627775945999281,train
15017,39627775946002320,train
3074,39627775950193349,train
15013,39627775950193349,train
3075,39627775950193830,train
15022,39627775950193831,train
15016,39627775962776108,train
15112,39627775971166543,train
3111,39627775971168699,train
15110,39627775975360696,train
3110,39627775979553038,train
15059,39627776000527256,train
15064,39627776000529110,train
3090,39627776004719284,train
3094,39627776004720305,train
3092,39627776004721661,train
15063,39627776004721661,train
3101,39627776004722485,train
3098,39627776017303071,train
15076,39627776021496514,train
15070,39627776021497413,train
15071,39627776021500911,train
15067,39627776025692881,train
11801,39627776042467648,train
1823,39627776042468121,train
11804,39627776042468121,train
11799,39627776046663056,train
13509,39627776055055302,train
13492,39627776059248046,train
13498,39627776067635743,train
13504,39627776080219243,train
13436,39627776084414832,train
2408,39627776092800370,train
13437,39627776092800773,train
13438,39627776096995554,train
13473,39627776105382989,train
13450,39627776105386551,train
13452,39627776126357130,train
2422,39627776130549372,train
2338,39627776134747341,train
2339,39627776138936859,train
13227,39627776138936859,train
13221,39627776138937398,train
13229,39627776138940471,train
2342,39627776147326195,train
13230,39627776147326195,train
13321,39627776164106440,train
2375,39627776168298319,train
13319,39627776168298319,train
2373,39627776168300392,train
13318,39627776168300392,train
13323,39627776172492934,train
2358,39627776180884318,train
13265,39627776185074669,train
13276,39627776201853687,train
31489,39627776201853687,train
30716,39627776201853691,train
2362,39627776201855447,train
30715,39627776201855447,train
13271,39627776201855722,train
30712,39627776201855722,train
31484,39627776201855722,train
13278,39627776206045966,train
30717,39627776206045966,train
31487,39627776206045966,train
13272,39627776210241061,train
31491,39627776210241061,train
13280,39627776210244153,train
31490,39627776210244153,train
13282,39627776214435125,train
31485,39627776214435125,train
30479,39627776231214028,train
2008,39627776235407424,train
30478,39627776235407424,train
30601,39627776256381289,train
12786,39627776256381302,train
31305,39627776256381302,train
12780,39627776264767134,train
31301,39627776264767134,train
12793,39627776264769859,train
31306,39627776264769859,train
2179,39627776268959844,train
12792,39627776268959844,train
30603,39627776268959844,train
31307,39627776268959844,train
12731,39627776268963963,train
31245,39627776268963963,train
2175,39627776273154472,train
30604,39627776273154472,train
2148,39627776273158607,train
12717,39627776273158607,train
30569,39627776273158607,train
31246,39627776273158607,train
12719,39627776277349722,train
30570,39627776277349722,train
31254,39627776277349722,train
12718,39627776277351699,train
31252,39627776277351699,train
2151,39627776281542721,train
12733,39627776281542721,train
30573,39627776281542721,train
31249,39627776281542721,train
12726,39627776289932109,train
31250,39627776289932109,train
12723,39627776289932686,train
30571,39627776289932686,train
31255,39627776289932686,train
12758,39627776294126144,train
31288,39627776294126144,train
31289,39627776294126151,train
12742,39627776298321714,train
31264,39627776298321714,train
12735,39627776298322869,train
31272,39627776298322869,train
12740,39627776302515121,train
31268,39627776302515121,train
12739,39627776302516349,train
31267,39627776302516349,train
12469,39627776323490168,train
31148,39627776323490168,train
12464,39627776327680939,train
31150,39627776327680939,train
12467,39627776331877444,train
31144,39627776331877444,train
12604,39627776340266537,train
31189,39627776340266537,train
12578,39627776348657478,train
31170,39627776348657478,train
2096,39627776348657601,train
12574,39627776348657601,train
30514,39627776348657601,train
31161,39627776348657601,train
12580,39627776352849590,train
31160,39627776352849590,train
12571,39627776352850509,train
31159,39627776352850509,train
12575,39627776357044533,train
31157,39627776357044533,train
12573,39627776361236184,train
31166,39627776361236184,train
2077,39627776365432941,train
12521,39627776365432941,train
2076,39627776369623282,train
12513,39627776369623282,train
12522,39627776369624605,train
2079,39627776373818453,train
12533,39627776390595559,train
2083,39627776398984475,train
12529,39627776398988459,train
12525,39627776403179770,train
27172,39627776432538348,train
22696,39627776436733733,train
22676,39627776436736333,train
22681,39627776445125479,train
22682,39627776449318501,train
22680,39627776449318526,train
5772,39627776449319636,train
22668,39627776461900643,train
22673,39627776466094648,train
10219,39627779515354240,train
1244,39627779536324724,train
10081,39627779536324724,train
1278,39627779553102447,train
10172,39627779553102447,train
1268,39627779553104445,train
10148,39627779553104445,train
10157,39627779569879763,train
10155,39627779569879858,train
10164,39627779574075238,train
10170,39627779574076527,train
10165,39627779578267833,train
10162,39627779578270035,train
10114,39627779582463091,train
10141,39627779590850945,train
10140,39627779595046565,train
1262,39627779616016381,train
10136,39627779624407927,train
1198,39627779750236455,train
9933,39627779775402447,train
9945,39627779800569255,train
9943,39627779804759910,train
9940,39627779813146659,train
9948,39627779813150156,train
9451,39627779829929066,train
9448,39627779834119955,train
9433,39627779838313532,train
9434,39627779838317071,train
9447,39627779850899660,train
9413,39627779859289087,train
9415,39627779888648014,train
9420,39627779901231775,train
7521,39627780782035596,train
7522,39627780790424602,train
7523,39627780794619056,train
7524,39627780794619755,train
374,39627780815589888,train
7508,39627780815589888,train
7509,39627780819783026,train
7504,39627780844945991,train
7354,39627780853340206,train
357,39627780861726817,train
358,39627780874308731,train
7428,39627780882701468,train
353,39627780882701697,train
7435,39627780886891173,train
355,39627780891088072,train
354,39627780891088085,train
7434,39627780899477336,train
7386,39627780903668844,train
7404,39627780920445598,train
347,39627780924637628,train
7394,39627780928832724,train
7395,39627780928837750,train
348,39627780933027292,train
7401,39627780933027292,train
7387,39627780933031556,train
25520,39627780945611733,train
25519,39627780954000037,train
29930,39627780962387133,train
20083,39627780991748177,train
20037,39627780995945063,train
20039,39627781000136345,train
20059,39627781004331180,train
20062,39627781008526153,train
20056,39627781016913663,train
5224,39627781021110869,train
20047,39627781021110869,train
5225,39627781029499947,train
5226,39627781037886474,train
19971,39627781088215377,train
19972,39627781088216090,train
19964,39627781109186761,train
19963,39627781109189732,train
19962,39627781121772772,train
19958,39627781121774210,train
5185,39627781121774901,train
19956,39627781134353512,train
19724,39627781159521109,train
19715,39627781163712900,train
5103,39627781167910101,train
19713,39627781167910101,train
19697,39627781209853475,train
19698,39627781214046708,train
19576,39627781239213293,train
5094,39627781239214361,train
19619,39627781255991063,train
19622,39627781255992424,train
19624,39627781272765482,train
19602,39627781285350831,train
5087,39627781310514815,train
4761,39627781348264096,train
18715,39627781365040925,train
18693,39627781373428187,train
4752,39627781373430673,train
18692,39627781373430673,train
4747,39627781373432107,train
18695,39627781377628134,train
4748,39627781381817500,train
4757,39627781394399322,train
18710,39627781394399322,train
18699,39627781402789301,train
18618,39627781419568063,train
4707,39627781423760011,train
4730,39627781448929131,train
4731,39627781453120273,train
4716,39627781469897625,train
18639,39627781469901644,train
18648,39627781511841048,train
18651,39627781511841064,train
4461,39627781516034361,train
4608,39627781528620163,train
18384,39627781537006104,train
18378,39627781537009359,train
18381,39627781553786700,train
18380,39627781553786709,train
4592,39627781562172004,train
18351,39627781562172004,train
18369,39627781574757804,train
18356,39627781583146679,train
4596,39627781599921175,train
18366,39627781604118057,train
4551,39627781620892343,train
29909,39627781620892343,train
4543,39627781641863392,train
18266,39627781641863392,train
18275,39627781650254012,train
18279,39627781650254518,train
18277,39627781650255998,train
18228,39627781654451941,train
4525,39627781658644039,train
4539,39627781671228489,train
18250,39627781671228489,train
31850,39627781671228489,train
18249,39627781675420903,train
31848,39627781675420903,train
4526,39627781679616134,train
18233,39627781679616134,train
30869,39627781679616134,train
31841,39627781679616134,train
31844,39627781679616440,train
4529,39627781683806700,train
30870,39627781683806700,train
18234,39627781683812167,train
31840,39627781683812167,train
30874,39627781692196799,train
29905,39627781692198178,train
30873,39627781692198178,train
18240,39627781696393948,train
30073,39627781696393948,train
30872,39627781696393948,train
31845,39627781696393948,train
4533,39627781696393949,train
30871,39627781696393949,train
10970,39627781704779832,train
31027,39627781704779832,train
10973,39627781704781817,train
31024,39627781704781817,train
10974,39627781708975833,train
31025,39627781708975833,train
30833,39627781713170963,train
15875,39627781721557274,train
30042,39627781721557274,train
31776,39627781721557274,train
15850,39627781725753212,train
31752,39627781725753212,train
3389,39627781725753324,train
30823,39627781725753324,train
15840,39627781725753922,train
30029,39627781725753922,train
31755,39627781725753922,train
15854,39627781729943784,train
31751,39627781729943784,train
15839,39627781729948253,train
31746,39627781729948253,train
15866,39627781742527108,train
31760,39627781742527108,train
15785,39627781750916225,train
31692,39627781750916225,train
3364,39627781750918551,train
30805,39627781750918551,train
15776,39627781755111010,train
31701,39627781755111010,train
15817,39627781767694173,train
31732,39627781767694173,train
15796,39627781776081102,train
31706,39627781776081102,train
31719,39627781784473033,train
3378,39627781792860876,train
15621,39627781797056491,train
3331,39627781818027009,train
3337,39627781818027767,train
15710,39627781818027767,train
3327,39627781830607753,train
15702,39627781834804750,train
15704,39627781838998233,train
15703,39627781838998502,train
15700,39627781843190143,train
15651,39627781847384623,train
15671,39627781859970974,train
3319,39627781868359626,train
15661,39627781868359626,train
3321,39627781872551440,train
15669,39627781876749337,train
15667,39627781889328225,train
3005,39627781889329354,train
14841,39627781889329354,train
14842,39627781889330565,train
14847,39627781893526048,train
3006,39627781893526070,train
14848,39627781897717421,train
3004,39627781897717987,train
14840,39627781897717987,train
15279,39627781918689331,train
15278,39627781918691220,train
15275,39627781922885519,train
15291,39627781927076653,train
15292,39627781927081076,train
15290,39627781931273663,train
3157,39627781939663781,train
15230,39627781939663781,train
3156,39627781943858538,train
15231,39627781943858538,train
15251,39627781948050292,train
3168,39627781952243069,train
15253,39627781952243069,train
15252,39627781952243450,train
3171,39627781952245683,train
15254,39627781952245683,train
15255,39627781956436132,train
15239,39627781977407672,train
15243,39627781977409185,train
15008,39627781985796628,train
15249,39627781985798737,train
15011,39627781989990969,train
15019,39627781989993322,train
15012,39627781994185124,train
3119,39627781994189018,train
15137,39627781998380547,train
15127,39627781998380550,train
30315,39627781998380550,train
3115,39627781998383563,train
15116,39627782010962116,train
15107,39627782010964003,train
15097,39627782048711476,train
3103,39627782052907788,train
15069,39627782061295363,train
1822,39627782090654235,train
13507,39627782103240361,train
2436,39627782107434864,train
13494,39627782107434864,train
2440,39627782111628526,train
13495,39627782111628526,train
2438,39627782111629885,train
13503,39627782124209867,train
13441,39627782132597601,train
13442,39627782136791228,train
13477,39627782136795510,train
13478,39627782145185266,train
2429,39627782149374764,train
2415,39627782149380018,train
2410,39627782157765972,train
2414,39627782157767438,train
13453,39627782157767438,train
13455,39627782157767853,train
2413,39627782157767863,train
13456,39627782157767868,train
2418,39627782161962246,train
13459,39627782166154404,train
2423,39627782166155531,train
13467,39627782166155531,train
2421,39627782166157097,train
2337,39627782174540881,train
13226,39627782174540881,train
2419,39627782174544345,train
13466,39627782174544345,train
13233,39627782178736676,train
2341,39627782178737665,train
2380,39627782187124669,train
2379,39627782191317526,train
13324,39627782208095180,train
13330,39627782212290890,train
13331,39627782212292302,train
2376,39627782216484008,train
13334,39627782216484008,train
13337,39627782220679190,train
2356,39627782229068205,train
2369,39627782237456774,train
13296,39627782237456774,train
30724,39627782237456774,train
31507,39627782237456774,train
13302,39627782241649191,train
31505,39627782241649191,train
13279,39627782241653757,train
31488,39627782241653757,train
13291,39627782245844596,train
31503,39627782245844596,train
2361,39627782250037993,train
13277,39627782250037993,train
30713,39627782250037993,train
31492,39627782250037993,train
13273,39627782250040165,train
31486,39627782250040165,train
2368,39627782254233256,train
30718,39627782254233256,train
12799,39627782283594003,train
31324,39627782283594003,train
12804,39627782283594810,train
31323,39627782283594810,train
2181,39627782283595048,train
12805,39627782287790759,train
31320,39627782287790759,train
12803,39627782291983895,train
31318,39627782291983895,train
2178,39627782312953729,train
30605,39627782312953729,train
12722,39627782317151269,train
31247,39627782317151269,train
30572,39627782321346124,train
12728,39627782325535010,train
31251,39627782325535010,train
12729,39627782325537531,train
30574,39627782325537531,train
31253,39627782325537531,train
12765,39627782325538947,train
31285,39627782325538947,train
12760,39627782325540521,train
12764,39627782329732147,train
30590,39627782329732147,train
31287,39627782329732147,train
2156,39627782342316664,train
12748,39627782346511182,train
31275,39627782346511182,train
12756,39627782354900476,train
30581,39627782354900476,train
31276,39627782354900476,train
12755,39627782359090456,train
31278,39627782359090456,train
30582,39627782359091188,train
12472,39627782363285332,train
30509,39627782363285332,train
31149,39627782363285332,train
2061,39627782363285369,train
30508,39627782363285369,train
2101,39627782375867049,train
30521,39627782375867049,train
12593,39627782380062596,train
12597,39627782380067362,train
30526,39627782380067362,train
31186,39627782380067362,train
12577,39627782392646821,train
31163,39627782392646821,train
12518,39627782409423136,train
2075,39627782413616805,train
12520,39627782413616805,train
12547,39627782422006829,train
12556,39627782430396047,train
12528,39627782438783047,train
12532,39627782438786024,train
12541,39627782447173365,train
2088,39627782447173971,train
12538,39627782451366699,train
12545,39627782455561299,train
22700,39627782476531297,train
22697,39627782476534441,train
5782,39627782480726358,train
22693,39627782480726358,train
22678,39627782480727019,train
22679,39627782484921440,train
22690,39627782493308972,train
5776,39627782497507112,train
22689,39627782501696052,train
5769,39627782514282562,train
22674,39627782514284437,train
10229,39627785534179581,train
10223,39627785542566355,train
10230,39627785555148934,train
1294,39627785571928000,train
10220,39627785571928000,train
10174,39627785580319016,train
10152,39627785601286334,train
10159,39627785601289744,train
10167,39627785613869954,train
1276,39627785613871867,train
10138,39627785626454810,train
10137,39627785634842773,train
10135,39627785668397438,train
9967,39627785798419145,train
9974,39627785802613383,train
9971,39627785802614906,train
9950,39627785815196261,train
9951,39627785823585911,train
9944,39627785844560850,train
1195,39627785852947793,train
9946,39627785857140383,train
9449,39627785861336157,train
9450,39627785873916093,train
9455,39627785878114058,train
9446,39627785886499345,train
9445,39627785886501200,train
9424,39627785915863376,train
29865,39627785932641787,train
9419,39627785941028276,train
381,39627786846995733,train
7511,39627786867967185,train
7505,39627786880549663,train
372,39627786888939823,train
7441,39627786909911556,train
7443,39627786918300191,train
7444,39627786918301469,train
7437,39627786926691496,train
7432,39627786930886041,train
7438,39627786943464557,train
7431,39627786943464570,train
7407,39627786951855631,train
7405,39627786960244195,train
7410,39627786964440186,train
7402,39627786977022978,train
20087,39627787010573162,train
20086,39627787010574788,train
20080,39627787018964515,train
20075,39627787023156139,train
20078,39627787023160591,train
20058,39627787048325114,train
5230,39627787048326725,train
29927,39627787048326725,train
5231,39627787052520274,train
20044,39627787060908165,train
5229,39627787060908327,train
20050,39627787065099317,train
20054,39627787065103089,train
20053,39627787069297573,train
5227,39627787073488218,train
20048,39627787073488218,train
20052,39627787073488320,train
19926,39627787086073458,train
19981,39627787086075192,train
19980,39627787090268657,train
19990,39627787094462012,train
5194,39627787094463074,train
19989,39627787094463074,train
19979,39627787094464005,train
5196,39627787094464017,train
19982,39627787107042795,train
19975,39627787115430582,train
19973,39627787123822646,train
19978,39627787123822995,train
19957,39627787165763663,train
5183,39627787169958478,train
5184,39627787174154649,train
19955,39627787174154649,train
19725,39627787199318804,train
5106,39627787211901722,train
19718,39627787211901722,train
19717,39627787211903037,train
19719,39627787220288511,train
19736,39627787228677116,train
19690,39627787228678073,train
19701,39627787232872761,train
19703,39627787245455175,train
19702,39627787245459852,train
19706,39627787253841980,train
19631,39627787274816932,train
19632,39627787279009151,train
30332,39627787279009151,train
19627,39627787299981696,train
19630,39627787304179525,train
19628,39627787308370006,train
19623,39627787308370009,train
5092,39627787312564720,train
5091,39627787312567596,train
29920,39627787312567596,train
17725,39627787367091839,train
4760,39627787409031713,train
18717,39627787409031713,train
18730,39627787417422456,train
4756,39627787417423027,train
18712,39627787430007767,train
18705,39627787442586241,train
18704,39627787455172918,train
18706,39627787455173147,train
4755,39627787459363057,train
18675,39627787463561946,train
18676,39627787471946744,train
18677,39627787476145280,train
18674,39627787480334989,train
4732,39627787501306427,train
18665,39627787501306427,train
18670,39627787501309356,train
18666,39627787505501580,train
18671,39627787505501593,train
4733,39627787509695748,train
18672,39627787509695748,train
4737,39627787513889232,train
4720,39627787539055670,train
18387,39627787568420073,train
4609,39627787576804848,train
18383,39627787576807443,train
4606,39627787601972809,train
18382,39627787601972809,train
18358,39627787631329338,train
18368,39627787631331328,train
18362,39627787643913345,train
4597,39627787643914630,train
18361,39627787643914630,train
18367,39627787643915724,train
18210,39627787652303040,train
18286,39627787660692882,train
18274,39627787685858889,train
18252,39627787715216616,train
31853,39627787715216616,train
18248,39627787715218904,train
30879,39627787715218904,train
31849,39627787715218904,train
18239,39627787727801743,train
31846,39627787727801743,train
15876,39627787748775099,train
31769,39627787748775099,train
3393,39627787752964731,train
30834,39627787752964731,train
31777,39627787757162972,train
15869,39627787761354583,train
30041,39627787761354583,train
31768,39627787761354583,train
3395,39627787761355189,train
30835,39627787761355189,train
15859,39627787773940050,train
30036,39627787773940050,train
31766,39627787773940050,train
15864,39627787782325936,train
31757,39627787782325936,train
15863,39627787782329219,train
31761,39627787782329219,train
15862,39627787786520110,train
30828,39627787786520110,train
31758,39627787786520110,train
3391,39627787790716302,train
30826,39627787790716302,train
15825,39627787794911836,train
31720,39627787794911836,train
15827,39627787803299790,train
30815,39627787803299790,train
31726,39627787803299790,train
15819,39627787807493083,train
31727,39627787807493083,train
31730,39627787811689417,train
15826,39627787811689423,train
31729,39627787811689423,train
15801,39627787820075626,train
31715,39627787820075626,train
15798,39627787824268978,train
31716,39627787824268978,train
15808,39627787824270051,train
31718,39627787824270051,train
15810,39627787828463188,train
15813,39627787832657018,train
15812,39627787832659198,train
15811,39627787836851266,train
3377,39627787836852756,train
29877,39627787836852756,train
3376,39627787836853765,train
15708,39627787853630067,train
3336,39627787857822312,train
15706,39627787857822312,train
15709,39627787857822315,train
15694,39627787866210543,train
3328,39627787866210646,train
15705,39627787866214135,train
3334,39627787887183138,train
3322,39627787891376155,train
15676,39627787891377570,train
15674,39627787899767313,train
15692,39627787912350533,train
15668,39627787916545083,train
15666,39627787933320425,train
3179,39627787962682755,train
15284,39627787962682755,train
15289,39627787966878843,train
3178,39627787975265281,train
3169,39627787992040064,train
15257,39627787992043599,train
15256,39627787996234400,train
15259,39627787996239435,train
3165,39627788013015260,train
15247,39627788013015863,train
15244,39627788017208483,train
3162,39627788021400658,train
15240,39627788021401905,train
15134,39627788038180869,train
15130,39627788046568903,train
15132,39627788046569234,train
15114,39627788054954931,train
15113,39627788054955293,train
3113,39627788063346298,train
15119,39627788063346298,train
15125,39627788067539718,train
15120,39627788075928098,train
15093,39627788096897077,train
15080,39627788113677054,train
15086,39627788113678946,train
15084,39627788113679078,train
15085,39627788117870381,train
15082,39627788122066661,train
1821,39627788122068365,train
13505,39627788134647296,train
13512,39627788134650203,train
13514,39627788134650682,train
13508,39627788143036200,train
13510,39627788143038324,train
13501,39627788155617509,train
2443,39627788168201314,train
13475,39627788176595196,train
13468,39627788180784809,train
2425,39627788180788449,train
13472,39627788180788456,train
2426,39627788180788459,train
2428,39627788189176573,train
2420,39627788197564159,train
13460,39627788197564229,train
13458,39627788197566114,train
13465,39627788205951460,train
13224,39627788218535582,train
13333,39627788243701060,train
13332,39627788247895768,train
13342,39627788247896047,train
13335,39627788256280753,train
13336,39627788256282170,train
13340,39627788256284504,train
13301,39627788268864391,train
31506,39627788273062239,train
13297,39627788281452045,train
30725,39627788281452045,train
31510,39627788281452045,train
13303,39627788281452050,train
31509,39627788281452050,train
13292,39627788285644380,train
31511,39627788285644380,train
13275,39627788289836862,train
31494,39627788289836862,train
13290,39627788289839989,train
31495,39627788289839989,train
13285,39627788298228265,train
31499,39627788298228265,train
13289,39627788306615095,train
31501,39627788306615095,train
2366,39627788310810808,train
30723,39627788310810808,train
2182,39627788327585333,train
30304,39627788327585333,train
12802,39627788331779383,train
31321,39627788331779383,train
12797,39627788331780411,train
12798,39627788331782451,train
31319,39627788331782451,train
12783,39627788335973825,train
31302,39627788335973825,train
12790,39627788344364628,train
30608,39627788344364628,train
31308,39627788344364628,train
12794,39627788344367398,train
31313,39627788344367398,train
12791,39627788352751266,train
31311,39627788352751266,train
12787,39627788352753617,train
30611,39627788352753617,train
31316,39627788352753617,train
12761,39627788361141302,train
30586,39627788361141302,train
31284,39627788361141302,train
2160,39627788365337938,train
12757,39627788365337938,train
30588,39627788365337938,train
31286,39627788365337938,train
12741,39627788382112407,train
31265,39627788382112407,train
12754,39627788386304065,train
31279,39627788394696061,train
12749,39627788403082448,train
30583,39627788403082448,train
31282,39627788403082448,train
30585,39627788407275841,train
2214,39627788407275938,train
30643,39627788407275938,train
12591,39627788407280575,train
31176,39627788407280575,train
12601,39627788411474976,train
31181,39627788411474976,train
12603,39627788415665456,train
31177,39627788415665456,train
12592,39627788415667141,train
31182,39627788415667141,train
12596,39627788415667150,train
30523,39627788415667150,train
31179,39627788415667150,train
12599,39627788428249530,train
31185,39627788428249530,train
12610,39627788432442193,train
31199,39627788432442193,train
12585,39627788440830933,train
31174,39627788440830933,train
12587,39627788440833408,train
12588,39627788453414515,train
12551,39627788461805877,train
2089,39627788461805979,train
12550,39627788461805995,train
2090,39627788465997934,train
12546,39627788482775239,train
12543,39627788499551697,train
5778,39627788503749155,train
22695,39627788503749155,train
5781,39627788520523908,train
22703,39627788520523908,train
22717,39627788524718975,train
5775,39627788528913441,train
22687,39627788528913441,train
22691,39627788533110834,train
22686,39627788533110950,train
22685,39627788537303270,train
22683,39627788541496331,train
5773,39627788541496503,train
22667,39627788549882078,train
10226,39627791573979990,train
10227,39627791582365929,train
1297,39627791594950597,train
10239,39627791615918502,train
1279,39627791628503058,train
10173,39627791628505069,train
10176,39627791628506141,train
10180,39627791636894848,train
1272,39627791645278858,train
10158,39627791645278858,train
10166,39627791645280382,train
1275,39627791645282121,train
10168,39627791649477094,train
10190,39627791662056785,train
1266,39627791670448586,train
10139,39627791678834308,train
10133,39627791699804949,train
1264,39627791699808426,train
1263,39627791699808717,train
10261,39627791708197535,train
1199,39627791834023919,train
9972,39627791834024397,train
9980,39627791850802821,train
9954,39627791867581579,train
9955,39627791871774528,train
9942,39627791888553220,train
9941,39627791892742525,train
10266,39627791896936928,train
1308,39627791896940713,train
10263,39627791896942739,train
9453,39627791917910100,train
9466,39627791917913833,train
9465,39627791922106153,train
9442,39627791930493255,train
9444,39627791938880547,train
9440,39627791938880549,train
1009,39627791964050026,train
9428,39627791968246357,train
7527,39627792865823879,train
7528,39627792865825645,train
7525,39627792878406796,train
375,39627792903575419,train
7510,39627792903575419,train
379,39627792911963949,train
7502,39627792924542653,train
7559,39627792937126084,train
7560,39627792941320174,train
7446,39627792958098138,train
7450,39627792962291382,train
7436,39627792979071381,train
7453,39627792983262990,train
7457,39627792983264361,train
7454,39627792983266807,train
7455,39627792987459815,train
7409,39627792991653171,train
7406,39627793000039938,train
7412,39627793008430484,train
7411,39627793008432346,train
7400,39627793016816202,train
20082,39627793062954383,train
20076,39627793062956377,train
20081,39627793071341746,train
20084,39627793071343775,train
20064,39627793088124019,train
20057,39627793092317766,train
20066,39627793100703769,train
20071,39627793104898158,train
20049,39627793121673872,train
19985,39627793134261328,train
19986,39627793138451107,train
19987,39627793138454971,train
5197,39627793155229121,train
19992,39627793155229121,train
19967,39627793192978698,train
19959,39627793209755927,train
19723,39627793226531518,train
19731,39627793234923792,train
19716,39627793255891340,train
19720,39627793255895375,train
19721,39627793260086559,train
19722,39627793260088442,train
19737,39627793264281354,train
19704,39627793276862964,train
19757,39627793310419817,train
19758,39627793310421560,train
19760,39627793318807549,train
19633,39627793323001707,train
19635,39627793331389522,train
30331,39627793343972892,train
19625,39627793348166187,train
19614,39627793385918195,train
18725,39627793432051779,train
18716,39627793444635518,train
18708,39627793465606745,train
18707,39627793486582913,train
18748,39627793507553891,train
18655,39627793553690197,train
4727,39627793570467670,train
18661,39627793574658960,train
18652,39627793583048016,train
4607,39627793616602203,train
18385,39627793616602203,train
18386,39627793616604801,train
18395,39627793624991244,train
18371,39627793658546677,train
4598,39627793658546702,train
18370,39627793658548379,train
4602,39627793662740862,train
18373,39627793662740862,train
18375,39627793675321627,train
18280,39627793700487875,train
4550,39627793700489249,train
18281,39627793700489249,train
18282,39627793704683472,train
18283,39627793708878965,train
18293,39627793717266823,train
18289,39627793717266834,train
4549,39627793721458759,train
18276,39627793721458759,train
18273,39627793729849821,train
4548,39627793734046096,train
4563,39627793738237070,train
4537,39627793742435031,train
18246,39627793742435031,train
4536,39627793746626789,train
18245,39627793746628738,train
18244,39627793750823392,train
31854,39627793750823392,train
18247,39627793750824009,train
31852,39627793750824009,train
4534,39627793767599788,train
29904,39627793767599788,train
30876,39627793767599788,train
4532,39627793767599815,train
30875,39627793767599815,train
4530,39627793775986614,train
30878,39627793775986614,train
4531,39627793780181416,train
18241,39627793780181416,train
30877,39627793780181416,train
31847,39627793780181416,train
21307,39627793784377710,train
31940,39627793784377710,train
21313,39627793788567898,train
30093,39627793788567898,train
31935,39627793788567898,train
5607,39627793788571293,train
30930,39627793788571293,train
15873,39627793796960628,train
30038,39627793796960628,train
31770,39627793796960628,train
15872,39627793796960820,train
31771,39627793796960820,train
3394,39627793805346623,train
29879,39627793805346623,train
30832,39627793805346623,train
15882,39627793809541645,train
15888,39627793813735680,train
30837,39627793813735680,train
31780,39627793813735680,train
15861,39627793817932242,train
30829,39627793817932242,train
31764,39627793817932242,train
15867,39627793830510679,train
31767,39627793830510679,train
15865,39627793830511066,train
31763,39627793830511066,train
15856,39627793830512641,train
30830,39627793830512641,train
31765,39627793830512641,train
15899,39627793834707599,train
31784,39627793834707599,train
15822,39627793838901018,train
31723,39627793838901018,train
3379,39627793838904422,train
15820,39627793838904422,train
30814,39627793838904422,train
31728,39627793838904422,train
15818,39627793847292040,train
31725,39627793847292040,train
15834,39627793859870925,train
31741,39627793859870925,train
15833,39627793859872704,train
30817,39627793859872704,train
31738,39627793859872704,train
3382,39627793859873329,train
30816,39627793859873329,train
15805,39627793859875613,train
31713,39627793859875613,train
15800,39627793864066701,train
31712,39627793864066701,train
15814,39627793872455705,train
15941,39627793880844717,train
15713,39627793897623877,train
15715,39627793922787926,train
3341,39627793926983313,train
15673,39627793939563629,train
15683,39627793947952252,train
15678,39627793956340820,train
15670,39627793964733281,train
16059,39627793977315950,train
3183,39627793989898709,train
15294,39627793989898709,train
15285,39627794010867749,train
15293,39627794010867756,train
15287,39627794010871244,train
3182,39627794019254694,train
15288,39627794019254694,train
15305,39627794019256759,train
15258,39627794031838741,train
15260,39627794036032079,train
15250,39627794040229674,train
3172,39627794048616646,train
15266,39627794048616646,train
15245,39627794057004123,train
15241,39627794061201874,train
15342,39627794069588335,train
15341,39627794069590610,train
15133,39627794077975912,train
15129,39627794077979052,train
3118,39627794082169977,train
15131,39627794086365335,train
30316,39627794086365335,train
15128,39627794086368040,train
15121,39627794103141586,train
15150,39627794115723374,train
15092,39627794128307501,train
15095,39627794128308298,train
15096,39627794132501079,train
15099,39627794140893868,train
3099,39627794145087711,train
16406,39627794166058989,train
13511,39627794170250257,train
13519,39627794182837019,train
13517,39627794191222854,train
2444,39627794191225105,train
13499,39627794203804092,train
2424,39627794220583718,train
13471,39627794220583718,train
13470,39627794228972878,train
13481,39627794233168483,train
13482,39627794237362112,train
13461,39627794241553130,train
13462,39627794245751860,train
13463,39627794254136425,train
13579,39627794258332749,train
13580,39627794262525623,train
2382,39627794279302896,train
13348,39627794279303734,train
13349,39627794283497528,train
13346,39627794283498981,train
13350,39627794283500910,train
13338,39627794287693777,train
2378,39627794291887060,train
13300,39627794312856906,train
13304,39627794312860477,train
31504,39627794312860477,train
13294,39627794317052504,train
31513,39627794317052504,train
13299,39627794317053204,train
31502,39627794317053204,train
13295,39627794325440122,train
13308,39627794325442422,train
31515,39627794325442422,train
13307,39627794333828484,train
31523,39627794333828484,train
2367,39627794333831681,train
13284,39627794333831681,train
30310,39627794333831681,train
30720,39627794333831681,train
31496,39627794333831681,train
13754,39627794346413427,train
31533,39627794346413427,train
13750,39627794354799145,train
31534,39627794354799145,train
13753,39627794354799502,train
31535,39627794354799502,train
13749,39627794354800093,train
31532,39627794354800093,train
12823,39627794375775210,train
31326,39627794375775210,train
2177,39627794388359289,train
30606,39627794388359289,train
2176,39627794388359723,train
30607,39627794388359723,train
31314,39627794388359723,train
31317,39627794392550585,train
30610,39627794392552547,train
2190,39627794396744762,train
12834,39627794396744762,train
30619,39627794396744762,train
31344,39627794396744762,train
2168,39627794426104614,train
12747,39627794430300084,train
31281,39627794430300084,train
12750,39627794438689845,train
31280,39627794438689845,train
31373,39627794447074605,train
2213,39627794451268407,train
30642,39627794451268407,train
31371,39627794451269164,train
2103,39627794463854850,train
30530,39627794463854850,train
31197,39627794463854850,train
2106,39627794468045687,train
30529,39627794468045687,train
12616,39627794468046140,train
31192,39627794468046140,train
12614,39627794472239554,train
31196,39627794472239554,train
12586,39627794476436596,train
31173,39627794476436596,train
12625,39627794493216721,train
12552,39627794497410858,train
2095,39627794514183239,train
12568,39627794518376635,train
12540,39627794522576711,train
2084,39627794526768562,train
2085,39627794530959942,train
12534,39627794530959942,train
2087,39627794530961060,train
12539,39627794535158150,train
12537,39627794535158502,train
29519,39627794539348180,train
5777,39627794551932355,train
22692,39627794551932355,train
5779,39627794551933453,train
22699,39627794551933453,train
22694,39627794551933470,train
22698,39627794556128708,train
10231,39627797626359207,train
10238,39627797630550669,train
10243,39627797643137783,train
10244,39627797664105386,train
10179,39627797672493985,train
10178,39627797672497268,train
10187,39627797697659208,train
1304,39627797743798374,train
1303,39627797743800386,train
9973,39627797878017467,train
9969,39627797882208716,train
9976,39627797882212526,train
9957,39627797907375623,train
9956,39627797907378870,train
9947,39627797928346255,train
10262,39627797932541909,train
10271,39627797936736617,train
1306,39627797936736630,train
10265,39627797936737391,train
9459,39627797949321766,train
1014,39627797953512058,train
9454,39627797953512058,train
9469,39627797970289177,train
9441,39627797974486508,train
1017,39627797987069453,train
9470,39627797991262228,train
9471,39627797991262514,train
9425,39627797999649919,train
9429,39627798003843391,train
7530,39627798897231710,train
7529,39627798897233154,train
7533,39627798918206309,train
7512,39627798939177915,train
7538,39627798939178522,train
7515,39627798951758544,train
7519,39627798955951944,train
7513,39627798955954111,train
7556,39627798972727445,train
7448,39627798993700068,train
7452,39627799002088202,train
7449,39627799002092886,train
7451,39627799006286065,train
7433,39627799014670899,train
7459,39627799014671231,train
361,39627799027253884,train
7456,39627799027253884,train
349,39627799039840530,train
7415,39627799048228661,train
351,39627799056614153,train
5240,39627799077590113,train
6218,39627799081780917,train
6217,39627799081781727,train
20079,39627799106950317,train
20093,39627799111141430,train
20090,39627799127918242,train
20061,39627799127921838,train
5234,39627799144698276,train
20068,39627799144698276,train
20070,39627799144698350,train
5252,39627799157280826,train
20110,39627799157280826,train
20108,39627799169864297,train
5200,39627799178252084,train
19994,39627799186636925,train
5198,39627799199224139,train
19998,39627799199224139,train
5193,39627799203414539,train
5188,39627799236972576,train
19969,39627799236972576,train
5292,39627799266328726,train
20198,39627799266328726,train
5291,39627799266331039,train
20196,39627799266331039,train
19732,39627799274719655,train
19730,39627799278916404,train
19727,39627799283107319,train
19735,39627799299885491,train
30886,39627799320859078,train
30889,39627799325050565,train
19705,39627799329243571,train
31864,39627799329243571,train
19710,39627799329247929,train
31865,39627799329247929,train
19709,39627799337633516,train
19755,39627799346021822,train
19756,39627799354409835,train
19754,39627799358608130,train
19639,39627799366994348,train
19649,39627799375381586,train
19650,39627799375381596,train
19642,39627799379579539,train
19645,39627799383769659,train
19655,39627799392162167,train
19652,39627799408939143,train
5088,39627799425715544,train
20476,39627799450882009,train
5385,39627799455075480,train
20477,39627799455075480,train
18719,39627799459271001,train
18726,39627799471853851,train
18728,39627799492824211,train
4772,39627799534769144,train
18751,39627799534769144,train
4774,39627799543156171,train
18749,39627799543157912,train
4735,39627799580902630,train
18678,39627799580905538,train
18660,39627799610264646,train
4728,39627799614461995,train
18659,39627799614461995,train
4812,39627799631236306,train
18827,39627799631236306,train
18826,39627799635429971,train
4612,39627799652209363,train
18392,39627799652209363,train
18390,39627799656400112,train
18394,39627799656403472,train
18396,39627799677374237,train
4617,39627799681566466,train
4616,39627799685762896,train
18397,39627799685762896,train
4600,39627799710928556,train
18374,39627799710928556,train
18364,39627799723510680,train
4625,39627799731899667,train
18414,39627799731899667,train
4626,39627799740288491,train
18419,39627799740288491,train
18288,39627799748675344,train
4558,39627799757063295,train
18294,39627799757063295,train
4546,39627799765456424,train
18272,39627799765456424,train
29907,39627799765456424,train
18303,39627799773839494,train
18301,39627799773840973,train
4562,39627799773840981,train
29911,39627799773840981,train
18302,39627799778035788,train
18298,39627799778036692,train
29912,39627799778036692,train
18305,39627799782230923,train
4560,39627799790617376,train
18297,39627799790617725,train
18260,39627799790621658,train
31861,39627799790621658,train
30882,39627799794816314,train
4541,39627799807394770,train
18257,39627799807394770,train
29906,39627799807394770,train
30880,39627799807394770,train
18253,39627799811589874,train
31860,39627799811589874,train
31933,39627799828370732,train
21310,39627799832559938,train
30931,39627799832559938,train
31937,39627799832559938,train
21309,39627799832559972,train
31936,39627799832559972,train
15871,39627799836754466,train
31772,39627799836754466,train
15881,39627799840953599,train
31783,39627799840953599,train
30840,39627799840953941,train
15883,39627799845144644,train
31782,39627799845144644,train
3396,39627799845145474,train
30043,39627799845145474,train
30841,39627799845145474,train
15887,39627799845146701,train
30044,39627799845146701,train
15884,39627799857728279,train
30836,39627799857728279,train
31778,39627799857728279,train
15896,39627799861925990,train
31785,39627799861925990,train
3397,39627799870308910,train
30842,39627799870308910,train
15895,39627799870313184,train
30843,39627799870313184,train
31789,39627799870313184,train
30844,39627799874504307,train
15892,39627799874506678,train
31791,39627799874506678,train
15898,39627799882893911,train
31795,39627799882893911,train
15836,39627799895476149,train
31742,39627799895476149,train
15838,39627799903865626,train
31743,39627799903865626,train
15835,39627799903866206,train
31739,39627799903866206,train
15806,39627799908060289,train
15939,39627799920642296,train
15711,39627799954194759,train
3339,39627799958389572,train
15717,39627799966779204,train
15718,39627799966779209,train
15686,39627799983557358,train
15691,39627799983558717,train
15688,39627799987749768,train
15693,39627799991943666,train
15680,39627800000332829,train
16058,39627800004529298,train
3456,39627800012919109,train
15295,39627800025501172,train
15298,39627800029692060,train
3187,39627800038083868,train
15301,39627800038083868,train
3184,39627800042279180,train
15297,39627800042279180,train
3180,39627800050668662,train
15286,39627800050668662,train
15307,39627800054862462,train
15302,39627800059055182,train
15263,39627800080024478,train
15267,39627800088413944,train
15270,39627800088416172,train
15261,39627800092608152,train
3204,39627800100997528,train
15343,39627800105194016,train
3203,39627800105194570,train
15142,39627800126161482,train
30317,39627800126161482,train
3122,39627800126161661,train
15141,39627800126161661,train
15140,39627800126163298,train
15139,39627800130355604,train
15138,39627800134554264,train
15147,39627800155523796,train
15156,39627800159716984,train
15148,39627800159720922,train
15146,39627800163912343,train
15155,39627800163915396,train
15094,39627800168107654,train
15087,39627800193271608,train
16402,39627800197466569,train
16401,39627800197467911,train
16400,39627800197468393,train
3568,39627800197468753,train
16399,39627800210047943,train
13522,39627800218437094,train
2449,39627800226827421,train
13518,39627800226827910,train
13502,39627800239407758,train
13529,39627800243605883,train
13524,39627800243605902,train
13534,39627800243606656,train
13523,39627800247796226,train
13532,39627800247799521,train
13525,39627800256185503,train
13527,39627800260379874,train
13491,39627800264576470,train
2432,39627800268767853,train
13485,39627800268767853,train
2431,39627800272962614,train
2434,39627800277159885,train
13486,39627800281353000,train
13487,39627800281354074,train
13490,39627800281355420,train
13464,39627800285549029,train
2377,39627800331685244,train
13352,39627800348462054,train
13298,39627800356849957,train
13311,39627800361043135,train
31514,39627800361043135,train
31517,39627800361046301,train
13314,39627800365238835,train
31519,39627800365238835,train
13313,39627800377820047,train
30729,39627800377820047,train
31524,39627800377820047,train
30719,39627800377823147,train
13286,39627800382017444,train
31500,39627800382017444,train
2536,39627800390402445,train
30733,39627800390402445,train
12818,39627800411375683,train
2184,39627800411378814,train
30305,39627800411378814,train
30618,39627800411378814,train
12813,39627800415568758,train
31337,39627800415568758,train
2189,39627800415568980,train
12814,39627800415568980,train
31336,39627800415568980,train
12821,39627800415574020,train
31328,39627800415574020,train
12811,39627800419763868,train
31329,39627800419763868,train
12812,39627800419764866,train
30615,39627800419764866,train
31330,39627800419764866,train
12825,39627800423959185,train
31332,39627800423959185,train
2174,39627800428153593,train
12796,39627800428153593,train
30612,39627800428153593,train
31310,39627800428153593,train
12795,39627800428154417,train
31315,39627800428154417,train
12831,39627800436540320,train
31345,39627800436540320,train
30624,39627800436543797,train
12842,39627800440735087,train
31341,39627800440735087,train
12835,39627800440736890,train
31340,39627800440736890,train
12839,39627800444928612,train
31348,39627800444928612,train
12841,39627800444929630,train
31346,39627800444929630,train
12837,39627800444931446,train
31350,39627800444931446,train
12843,39627800444932945,train
31349,39627800444932945,train
12762,39627800449123958,train
12776,39627800457515847,train
12770,39627800461707333,train
12773,39627800465900604,train
2164,39627800470094462,train
12771,39627800470094462,train
2169,39627800470096593,train
30302,39627800470098709,train
2170,39627800470098730,train
30596,39627800470098730,train
12772,39627800474289544,train
31293,39627800474289544,train
2212,39627800478485735,train
30641,39627800478485735,train
31387,39627800486874243,train
31374,39627800486874325,train
2211,39627800486875777,train
30646,39627800486875777,train
31376,39627800486875777,train
30649,39627800491067297,train
31381,39627800491067297,train
31385,39627800491070752,train
2100,39627800495264662,train
30522,39627800495264662,train
12590,39627800499457307,train
31183,39627800499457307,train
12606,39627800503650336,train
31194,39627800503650336,train
12612,39627800503650834,train
31191,39627800503650834,train
12613,39627800507843242,train
31195,39627800507843242,train
12609,39627800516234383,train
12623,39627800520430755,train
12621,39627800533013514,train
2116,39627800537205237,train
2112,39627800537205239,train
12618,39627800537205239,train
12624,39627800537206154,train
2115,39627800541400141,train
12620,39627800541400141,train
12619,39627800541401227,train
12557,39627800549787580,train
2094,39627800549789542,train
12560,39627800553982652,train
2093,39627800553984522,train
12566,39627800553984522,train
12563,39627800562372559,train
12562,39627800562372867,train
29516,39627800574954678,train
29518,39627800583341841,train
22706,39627800604314718,train
22714,39627800604317270,train
5784,39627800608508908,train
22713,39627800608508908,train
22708,39627800612702114,train
22716,39627800616896240,train
10233,39627803666158204,train
10232,39627803670348737,train
10235,39627803674546279,train
10250,39627803678740031,train
10254,39627803682932542,train
10257,39627803682933558,train
10240,39627803687127424,train
1300,39627803687127678,train
10242,39627803687128818,train
1302,39627803687129754,train
10241,39627803687130741,train
1301,39627803703904584,train
10183,39627803712293311,train
10181,39627803712294899,train
1280,39627803716486854,train
1281,39627803716489270,train
10185,39627803716489270,train
10182,39627803729069378,train
10186,39627803729069942,train
10192,39627803733263831,train
1282,39627803745849182,train
1200,39627803922008536,train
1201,39627803934592796,train
10270,39627803972338844,train
10268,39627803972341617,train
1307,39627803976533010,train
10267,39627803976533010,train
1305,39627803976534749,train
10264,39627803976534749,train
9462,39627804001701228,train
9468,39627804010087166,train
1019,39627804018476740,train
1020,39627804043641877,train
9427,39627804043643254,train
9426,39627804052030816,train
7531,39627804949614387,train
7535,39627804970586221,train
7544,39627804978974918,train
7541,39627804987359311,train
7517,39627804987364117,train
7514,39627804995751347,train
7558,39627805012530635,train
7557,39627805016721834,train
7416,39627805083828802,train
7414,39627805088026041,train
350,39627805092221400,train
25540,39627805096415672,train
25539,39627805100607875,train
25522,39627805113189155,train
25524,39627805121577971,train
20088,39627805138354801,train
5243,39627805138356746,train
20099,39627805146746063,train
5244,39627805163524024,train
29931,39627805163524024,train
20095,39627805167717133,train
20069,39627805184494471,train
20107,39627805201272633,train
20116,39627805218046576,train
19995,39627805230630931,train
19997,39627805234826895,train
20207,39627805289352452,train
20201,39627805310323533,train
20203,39627805310323540,train
30893,39627805356463811,train
19739,39627805360656681,train
30333,39627805360656681,train
30894,39627805360656681,train
31872,39627805360656681,train
19708,39627805373239870,train
31868,39627805373239870,train
19711,39627805377432999,train
31867,39627805377432999,train
19761,39627805385821104,train
19643,39627805415180594,train
19640,39627805419373927,train
19648,39627805423567970,train
19656,39627805431959299,train
5089,39627805457126387,train
19612,39627805469709747,train
20475,39627805499065356,train
4763,39627805503262034,train
18759,39627805570371707,train
4775,39627805578756165,train
18657,39627805650060564,train
4725,39627805658448843,train
18658,39627805658448843,train
18829,39627805687808467,train
18824,39627805687808798,train
18828,39627805687809385,train
18393,39627805692005067,train
4613,39627805700393606,train
4614,39627805712975047,train
18389,39627805712975047,train
4622,39627805712975299,train
4601,39627805738143039,train
4604,39627805754918518,train
4603,39627805759112650,train
18417,39627805771694416,train
18416,39627805771697824,train
18421,39627805775892136,train
18420,39627805780084385,train
4555,39627805788472900,train
4557,39627805788476604,train
18287,39627805788476604,train
18291,39627805792667502,train
4556,39627805801058489,train
18318,39627805809444621,train
29914,39627805809444621,train
18300,39627805826226138,train
18255,39627805838806101,train
31855,39627805838806101,train
30885,39627805847195825,train
21320,39627805851390515,train
30938,39627805851390515,train
31946,39627805851390515,train
21308,39627805859777811,train
30928,39627805859777811,train
31929,39627805859777811,train
29943,39627805859778404,train
30927,39627805859778404,train
31942,39627805872362813,train
31943,39627805876557327,train
15886,39627805889135250,train
15880,39627805889140414,train
15894,39627805910112351,train
31790,39627805910112351,train
15891,39627805918495638,train
31794,39627805918495638,train
15906,39627805926887029,train
31805,39627805926887029,train
15832,39627805931082192,train
31736,39627805931082192,train
15828,39627805935272183,train
31735,39627805935272183,train
15831,39627805935272658,train
31734,39627805935272658,train
3381,39627805939467636,train
15829,39627805939467636,train
30818,39627805939467636,train
31740,39627805939467636,train
15954,39627805947859403,train
15943,39627805952055362,train
3415,39627805960438712,train
3413,39627805968829337,train
15942,39627805968829337,train
3419,39627805977215213,train
3340,39627805998189867,train
15720,39627806019161648,train
15690,39627806027550446,train
15684,39627806035935512,train
15681,39627806035935552,train
16069,39627806044326708,train
15306,39627806111436551,train
15315,39627806115630331,train
15265,39627806119823230,train
15271,39627806119827788,train
3174,39627806132405989,train
15268,39627806132405989,train
15362,39627806136601029,train
15363,39627806140794688,train
15338,39627806140798140,train
15345,39627806144991136,train
15344,39627806144991206,train
30322,39627806144991206,train
15347,39627806144991209,train
15333,39627806149183323,train
30320,39627806149183323,train
3205,39627806149183465,train
15339,39627806149183465,train
15337,39627806149183467,train
15348,39627806149186114,train
15332,39627806157571018,train
15350,39627806161767403,train
30325,39627806161767403,train
15349,39627806161768944,train
3120,39627806174352858,train
15174,39627806182740724,train
30319,39627806182740724,train
15171,39627806186933790,train
15145,39627806191124540,train
3125,39627806195319256,train
15157,39627806195319422,train
3127,39627806195324584,train
15154,39627806195324584,train
3124,39627806195324599,train
15153,39627806199513733,train
15158,39627806199514767,train
15167,39627806207906327,train
15105,39627806212101397,train
15098,39627806216291166,train
15100,39627806216296165,train
3106,39627806220487787,train
3104,39627806220487815,train
15102,39627806224680335,train
3108,39627806224682505,train
16419,39627806233069151,train
3569,39627806249848498,train
13521,39627806262430697,train
2446,39627806275012657,train
2447,39627806275014140,train
13556,39627806279206592,train
13528,39627806287593674,train
2451,39627806287597579,train
13526,39627806291790396,train
13531,39627806291790404,train
13540,39627806308565478,train
2465,39627806337928639,train
13577,39627806337928639,train
13574,39627806337929608,train
2468,39627806346319431,train
13351,39627806354703890,train
13344,39627806363094328,train
13343,39627806363094507,train
2389,39627806371483174,train
2384,39627806375674920,train
13355,39627806375674920,train
13357,39627806384062685,train
13354,39627806384064485,train
13353,39627806388257936,train
13359,39627806400842071,train
2371,39627806405036470,train
30726,39627806405036470,train
2370,39627806405036766,train
30727,39627806405036766,train
13310,39627806405038518,train
31518,39627806405038518,train
13309,39627806405038908,train
31516,39627806405038908,train
13306,39627806417618439,train
31522,39627806417618439,train
13766,39627806417619289,train
31538,39627806417619289,train
2535,39627806421813762,train
30732,39627806421813762,train
13751,39627806430203510,train
31531,39627806430203510,train
13748,39627806430204786,train
31530,39627806430204786,train
13752,39627806438589793,train
2186,39627806459560453,train
12816,39627806459560453,train
31331,39627806459560453,train
12815,39627806459565653,train
31335,39627806459565653,train
12808,39627806463760056,train
30614,39627806463760056,train
31327,39627806463760056,train
12832,39627806476339731,train
30621,39627806476339731,train
31343,39627806476339731,train
2193,39627806480533031,train
12840,39627806480533031,train
30620,39627806480533031,train
31342,39627806480533031,train
30622,39627806480537523,train
12836,39627806484727161,train
12838,39627806484727164,train
31347,39627806484727164,train
2199,39627806488923186,train
30635,39627806488923186,train
12853,39627806488923756,train
31359,39627806488923756,train
12775,39627806493118528,train
30301,39627806493118528,train
31294,39627806493118528,train
12767,39627806493118746,train
2167,39627806505701363,train
30594,39627806505701363,train
2166,39627806505702912,train
30593,39627806505702912,train
12769,39627806509892769,train
31292,39627806509892769,train
12774,39627806509896060,train
31291,39627806509896060,train
31383,39627806526671069,train
31378,39627806526671913,train
31380,39627806530866391,train
30647,39627806530868046,train
2105,39627806539256224,train
12605,39627806539256224,train
30528,39627806539256224,train
31190,39627806539256224,train
2102,39627806543450293,train
2108,39627806547645649,train
12615,39627806547645649,train
12648,39627806560224198,train
2111,39627806564422433,train
12639,39627806585393341,train
29533,39627806606365168,train
29528,39627806610556110,train
7123,39627806614753952,train
29522,39627806614753952,train
7122,39627806618944855,train
29520,39627806627333673,train
29517,39627806631526568,train
22711,39627806644111195,train
5785,39627806648310054,train
22715,39627806648310054,train
22705,39627806652502318,train
10234,39627809710147469,train
1296,39627809714341337,train
10236,39627809714341337,train
10255,39627809726926495,train
10256,39627809731117705,train
1299,39627809735314398,train
10249,39627809743702545,train
10246,39627809747898111,train
10247,39627809752089306,train
10248,39627809752089711,train
10184,39627809756286079,train
1284,39627809768867078,train
10191,39627809768867078,train
10194,39627809773061106,train
10193,39627809777254541,train
9977,39627809966003287,train
10274,39627810028914901,train
9463,39627810041499164,train
9477,39627810075054698,train
9482,39627810100216225,train
7657,39627810976829662,train
7659,39627810981021364,train
7660,39627810981022137,train
7532,39627810985215466,train
7549,39627810993603906,train
385,39627810993606328,train
7550,39627811001997700,train
7534,39627811010381787,train
7536,39627811010382657,train
382,39627811010386970,train
7545,39627811014574691,train
7546,39627811014576153,train
383,39627811018769015,train
7543,39627811018772913,train
7540,39627811027160439,train
7516,39627811027162780,train
7574,39627811039744379,train
397,39627811039744950,train
7570,39627811039744950,train
7572,39627811048130589,train
393,39627811064910748,train
7563,39627811064910748,train
30292,39627811064910748,train
7568,39627811064910763,train
392,39627811064911489,train
7567,39627811069101525,train
394,39627811069101558,train
7566,39627811073297718,train
396,39627811073297798,train
7561,39627811073297798,train
7467,39627811085879220,train
7466,39627811085879894,train
7472,39627811085880439,train
7465,39627811085880713,train
364,39627811098460394,train
7458,39627811106849367,train
7462,39627811111043394,train
7460,39627811119435183,train
25533,39627811132019212,train
25538,39627811136211771,train
29954,39627811136211771,train
25534,39627811144598677,train
6222,39627811144598697,train
6216,39627811152986566,train
25528,39627811165569690,train
20123,39627811228486201,train
5257,39627811257845316,train
20115,39627811257845316,train
5254,39627811262039297,train
20114,39627811262039297,train
5199,39627811270428089,train
19993,39627811270428089,train
20006,39627811278817279,train
20004,39627811278817450,train
20005,39627811278819329,train
5202,39627811295593062,train
20002,39627811295593062,train
5205,39627811299787749,train
5204,39627811303982207,train
19999,39627811303982207,train
5201,39627811308175462,train
19970,39627811312370564,train
20211,39627811329149063,train
5296,39627811329149081,train
5290,39627811341731725,train
20197,39627811341731725,train
20199,39627811341731753,train
20202,39627811350122800,train
19726,39627811366895895,train
30891,39627811387867308,train
30892,39627811387867508,train
19733,39627811387871100,train
31869,39627811387871100,train
19738,39627811404648304,train
31871,39627811404648304,train
30887,39627811413033749,train
30890,39627811413033791,train
19763,39627811442396956,train
19762,39627811450784637,train
19641,39627811454977306,train
19647,39627811454979971,train
19657,39627811488535495,train
19660,39627811496920352,train
5098,39627811496923789,train
19658,39627811496923789,train
19610,39627811505311892,train
20485,39627811509505330,train
5389,39627811517895010,train
5386,39627811530478134,train
20480,39627811538862414,train
5387,39627811543060499,train
20482,39627811543060499,train
18723,39627811551448513,train
4765,39627811555640023,train
18724,39627811555640023,train
18722,39627811555641216,train
18738,39627811584999813,train
18737,39627811585000618,train
4768,39627811585002092,train
18732,39627811589198427,train
4766,39627811589199178,train
4767,39627811593389210,train
18736,39627811593389210,train
18762,39627811605971565,train
18754,39627811626947144,train
4777,39627811631141887,train
18753,39627811631141887,train
18755,39627811643721436,train
4739,39627811652109133,train
18680,39627811652109133,train
18683,39627811656304694,train
18391,39627811744387828,train
18407,39627811756969308,train
18406,39627811756971312,train
18398,39627811761165317,train
18399,39627811765358520,train
4618,39627811765358541,train
4620,39627811773744649,train
18403,39627811777937606,train
18429,39627811807299260,train
4630,39627811824076160,train
18423,39627811824076160,train
18427,39627811828269317,train
18426,39627811828269473,train
18295,39627811836658249,train
18290,39627811836660590,train
4571,39627811840854894,train
29913,39627811840854894,train
4569,39627811845048116,train
18316,39627811849241506,train
18314,39627811849242323,train
4564,39627811857630709,train
18304,39627811857630709,train
4568,39627811866022844,train
18311,39627811866022844,train
18306,39627811870213539,train
18309,39627811870213816,train
18258,39627811878604722,train
31863,39627811878604722,train
18256,39627811882795962,train
30884,39627811882795962,train
31862,39627811882795962,train
21322,39627811895378150,train
31945,39627811895378150,train
21326,39627811895382563,train
31951,39627811895382563,train
31930,39627811899575425,train
5609,39627811920544733,train
15885,39627811933127511,train
15922,39627811933127910,train
15916,39627811933130389,train
15923,39627811945710464,train
31812,39627811945710464,train
15918,39627811945713690,train
31809,39627811945713690,train
15920,39627811949905671,train
30855,39627811949905671,train
31810,39627811949905671,train
3398,39627811954098310,train
30845,39627811954098310,train
15901,39627811954101764,train
30846,39627811954101764,train
31793,39627811954101764,train
3399,39627811962489954,train
30849,39627811962489954,train
3403,39627811966681538,train
15905,39627811966681538,train
30851,39627811966681538,train
31807,39627811966681538,train
3400,39627811966681541,train
30848,39627811966681541,train
3401,39627811966682276,train
15904,39627811966682276,train
29880,39627811966682276,train
30850,39627811966682276,train
31806,39627811966682276,train
15912,39627811970877417,train
31804,39627811970877417,train
15837,39627811975072165,train
31733,39627811975072165,train
15950,39627811979268470,train
3422,39627811983460271,train
15955,39627811991849062,train
15951,39627811991851328,train
15940,39627811996044592,train
15938,39627812000237541,train
3416,39627812000240181,train
15948,39627812008624209,train
15947,39627812012819652,train
15736,39627812033792789,train
3342,39627812050568266,train
15727,39627812054763387,train
15729,39627812054764009,train
15722,39627812058959037,train
15682,39627812067345298,train
15689,39627812071541557,train
15685,39627812071543674,train
16072,39627812079928969,train
16076,39627812084123865,train
16070,39627812092510831,train
16066,39627812109287574,train
16064,39627812109288700,train
16063,39627812113483186,train
15323,39627812138649007,train
15318,39627812159619854,train
15314,39627812159621032,train
15365,39627812172202137,train
15359,39627812172205159,train
3212,39627812180590749,train
3208,39627812188984046,train
15357,39627812205759774,train
15356,39627812209951359,train
15179,39627812218341615,train
30318,39627812218341615,train
15176,39627812222537753,train
15173,39627812226731342,train
15152,39627812230928681,train
15151,39627812235118629,train
15144,39627812239310973,train
15166,39627812239314054,train
3129,39627812239314228,train
15159,39627812243509134,train
15160,39627812247705043,train
16424,39627812264481168,train
16422,39627812272866632,train
3580,39627812272869955,train
16398,39627812285451437,train
16403,39627812285452212,train
16414,39627812289647945,train
3572,39627812293838369,train
16417,39627812298034357,train
13555,39627812310616326,train
13554,39627812323199055,train
13552,39627812323200348,train
2453,39627812327393968,train
13530,39627812331587849,train
13480,39627812352559460,train
13605,39627812356756299,train
13594,39627812360947144,train
13593,39627812360948752,train
2475,39627812365141690,train
13598,39627812369339320,train
13575,39627812377727840,train
13590,39627812386115147,train
2472,39627812390307436,train
13584,39627812390307436,train
13582,39627812390310588,train
13588,39627812394504444,train
13345,39627812398698186,train
13378,39627812407087495,train
13379,39627812407088227,train
13368,39627812407088238,train
13380,39627812411278001,train
13366,39627812415472043,train
13381,39627812415473291,train
13369,39627812415473298,train
13382,39627812419665962,train
13356,39627812419668639,train
13358,39627812440640948,train
13770,39627812457415680,train
31540,39627812457415680,train
2542,39627812457416355,train
30735,39627812457416355,train
13774,39627812457418640,train
31539,39627812457418640,train
13780,39627812465804445,train
2539,39627812474194377,train
13758,39627812478386679,train
2538,39627812482586229,train
12819,39627812490971387,train
12810,39627812490974098,train
12809,39627812490974561,train
2187,39627812495165140,train
12828,39627812495165140,train
12806,39627812495165711,train
12824,39627812495168355,train
2204,39627812511943289,train
12857,39627812511943289,train
30637,39627812511943289,train
31361,39627812511943289,train
12847,39627812524528309,train
12845,39627812537111338,train
12846,39627812537111345,train
31352,39627812537111345,train
12766,39627812541302478,train
30595,39627812541302478,train
12893,39627812549691885,train
30308,39627812549691885,train
31395,39627812549691885,train
2222,39627812562273195,train
12898,39627812562273195,train
31379,39627812562274780,train
31386,39627812566469583,train
31384,39627812566470266,train
2215,39627812570661071,train
30648,39627812570661071,train
12879,39627812574855417,train
31389,39627812574855417,train
12878,39627812574855472,train
31390,39627812574855472,train
12880,39627812574857010,train
31391,39627812574857010,train
12884,39627812579053607,train
31388,39627812579053607,train
12885,39627812579054301,train
2107,39627812587442348,train
2104,39627812591637152,train
12607,39627812591637152,train
12650,39627812591637398,train
12652,39627812591637690,train
12646,39627812595827904,train
12640,39627812595830294,train
2122,39627812604216915,train
12644,39627812604216915,train
12641,39627812608412701,train
2121,39627812608413160,train
12647,39627812608413160,train
12617,39627812616800307,train
12638,39627812616802625,train
12637,39627812616802883,train
12633,39627812625187439,train
12567,39627812633579135,train
2091,39627812641965312,train
12561,39627812641965312,train
29532,39627812641968185,train
7126,39627812650357061,train
22704,39627812683907722,train
22710,39627812683912922,train
22709,39627812688101630,train
10258,39627815754138594,train
10252,39627815766721682,train
1283,39627815800279115,train
10275,39627816060325165,train
10273,39627816064519210,train
10272,39627816068712961,train
10278,39627816068714202,train
10277,39627816068714234,train
10279,39627816072908690,train
10281,39627816077102193,train
9481,39627816135819999,train
7658,39627817016625671,train
384,39627817066959776,train
7542,39627817066959776,train
7569,39627817075348761,train
7573,39627817083734844,train
7571,39627817087926494,train
7576,39627817096316963,train
395,39627817113092681,train
391,39627817113094216,train
7565,39627817117287165,train
7562,39627817117288466,train
7470,39627817121484216,train
7469,39627817125680597,train
7471,39627817138260292,train
7473,39627817142457311,train
7461,39627817155039026,train
362,39627817163425433,train
7463,39627817163425433,train
25568,39627817167619064,train
25537,39627817188591044,train
6221,39627817201177541,train
25531,39627817201177541,train
6220,39627817205368045,train
25526,39627817205369466,train
25530,39627817205372833,train
25527,39627817209566536,train
20097,39627817217950219,train
20100,39627817222144296,train
5245,39627817251507145,train
20067,39627817264087289,train
20124,39627817272477556,train
20120,39627817272478994,train
5259,39627817276674699,train
20121,39627817280868342,train
20001,39627817339584800,train
20000,39627817339586948,train
5303,39627817356363835,train
20233,39627817356363835,train
5297,39627817360560746,train
20206,39627817360560746,train
20204,39627817398308368,train
5300,39627817402501852,train
19742,39627817410891922,train
19745,39627817415084557,train
19740,39627817436055997,train
31873,39627817436055997,train
19741,39627817444442276,train
31870,39627817444442276,train
19767,39627817457027569,train
31882,39627817457027569,train
19764,39627817490584237,train
19669,39627817524134107,train
19659,39627817536717566,train
20521,39627817549299891,train
5390,39627817549304475,train
20481,39627817578659997,train
20484,39627817578664850,train
20478,39627817587050397,train
4769,39627817595437485,train
18741,39627817603828377,train
18763,39627817641576834,train
4781,39627817654157884,train
18773,39627817683520801,train
4786,39627817687713980,train
18836,39627817746434833,train
4823,39627817779989912,train
18844,39627817779989912,train
18408,39627817784183373,train
4621,39627817784184243,train
18405,39627817788375539,train
4623,39627817788375848,train
18404,39627817796766330,train
18411,39627817800959507,train
18428,39627817830320198,train
18433,39627817851291714,train
4631,39627817855485189,train
18424,39627817855485189,train
4629,39627817855487209,train
4575,39627817884844954,train
18312,39627817884844954,train
18315,39627817893234280,train
4573,39627817893237223,train
18323,39627817897427186,train
18308,39627817901625712,train
4566,39627817905819132,train
5615,39627817926789439,train
30937,39627817926789439,train
21321,39627817930981682,train
31944,39627817930981682,train
30939,39627817935178729,train
21323,39627817939372453,train
31948,39627817939372453,train
5614,39627817947760681,train
30933,39627817947760681,train
21317,39627817951953650,train
31941,39627817951953650,train
5611,39627817951955541,train
30934,39627817951955541,train
5613,39627817956148534,train
30935,39627817956148534,train
5608,39627817960345817,train
21318,39627817960345817,train
15917,39627817981316774,train
31813,39627817981316774,train
15919,39627817989704218,train
31811,39627817989704218,train
3406,39627817989705876,train
30853,39627817989705876,train
3409,39627817993900190,train
30856,39627817993900190,train
15910,39627817998091315,train
31800,39627817998091315,train
15902,39627817998091334,train
31803,39627817998091334,train
15914,39627818002287661,train
31801,39627818002287661,train
15992,39627818014870637,train
3421,39627818019065953,train
15949,39627818019065953,train
3420,39627818040035220,train
15946,39627818040038337,train
15740,39627818069394293,train
3348,39627818069394767,train
15731,39627818077782128,train
15738,39627818077782408,train
3346,39627818086170888,train
15739,39627818086171872,train
3347,39627818086172771,train
15723,39627818107143611,train
3324,39627818111339125,train
16071,39627818111340733,train
16073,39627818115535799,train
3462,39627818123920898,train
16074,39627818123920933,train
16061,39627818136503222,train
16083,39627818136505257,train
3458,39627818136505932,train
3457,39627818140698362,train
16068,39627818140699294,train
16062,39627818144894784,train
16067,39627818149088378,train
16065,39627818153281915,train
15322,39627818170057647,train
15321,39627818186836436,train
15312,39627818195224058,train
15311,39627818195224950,train
15309,39627818195226223,train
3190,39627818199420095,train
15319,39627818199420566,train
15308,39627818203612760,train
15366,39627818220393062,train
15352,39627818232971357,train
3207,39627818232973047,train
15355,39627818245559446,train
15178,39627818258138599,train
3137,39627818258140527,train
3136,39627818262333590,train
3138,39627818262333601,train
15170,39627818262333892,train
15168,39627818266526123,train
3130,39627818295887929,train
16484,39627818300081937,train
16427,39627818304278753,train
16421,39627818312663969,train
16420,39627818312667439,train
3579,39627818316859595,train
16430,39627818316859595,train
16423,39627818321051812,train
16416,39627818333636405,train
3578,39627818333636435,train
16411,39627818342024414,train
3576,39627818342027427,train
3577,39627818346217769,train
16418,39627818346217769,train
2448,39627818346220824,train
13549,39627818354607146,train
13553,39627818362998004,train
2457,39627818371384264,train
13542,39627818371388943,train
13538,39627818379773299,train
13543,39627818379774309,train
13535,39627818383966454,train
13541,39627818383967040,train
13536,39627818388166816,train
13544,39627818392356541,train
13673,39627818392359060,train
13666,39627818392360382,train
13676,39627818396549683,train
2476,39627818396552241,train
13599,39627818396552241,train
2502,39627818396552299,train
13596,39627818396553370,train
13602,39627818404941311,train
13601,39627818409136313,train
13595,39627818409136425,train
13592,39627818413331969,train
13597,39627818413332157,train
13591,39627818413332162,train
2470,39627818417525736,train
13581,39627818421717284,train
13589,39627818434300288,train
13363,39627818442689790,train
13374,39627818451078252,train
13364,39627818463658114,train
2385,39627818467855057,train
13361,39627818467855057,train
13773,39627818488825839,train
2544,39627818493021372,train
13776,39627818493021372,train
2541,39627818493021962,train
13768,39627818493021962,train
31537,39627818493021962,train
13782,39627818493021969,train
13777,39627818493022176,train
13775,39627818497218190,train
13778,39627818505605467,train
2537,39627818518187873,train
13756,39627818526572931,train
13765,39627818526573314,train
30311,39627818526573314,train
13762,39627818526576712,train
2549,39627818534963327,train
13795,39627818534963327,train
12860,39627818547545287,train
12862,39627818560128132,train
2196,39627818572710318,train
30631,39627818572710318,train
2194,39627818572710527,train
30306,39627818572710527,train
30632,39627818572710527,train
2200,39627818576905198,train
30628,39627818576905198,train
31358,39627818576905198,train
12851,39627818576906031,train
31353,39627818576906031,train
12969,39627818581100212,train
31419,39627818581100212,train
12849,39627818581100792,train
30627,39627818581100792,train
31354,39627818581100792,train
30309,39627818581103769,train
30659,39627818581103769,train
12899,39627818585294113,train
31393,39627818585294113,train
12891,39627818585296070,train
31392,39627818585296070,train
12897,39627818589492107,train
31394,39627818589492107,train
12896,39627818597877292,train
31398,39627818597877292,train
2216,39627818606270324,train
2228,39627818606270422,train
12906,39627818606270422,train
2217,39627818610459440,train
12874,39627818610459440,train
12876,39627818614658315,train
12881,39627818618847437,train
12888,39627818618850525,train
12887,39627818618851608,train
12886,39627818623044176,train
2229,39627818627239717,train
12645,39627818635624837,train
12655,39627818635625678,train
12649,39627818635630110,train
12643,39627818644014030,train
12657,39627818644015264,train
12635,39627818660790579,train
12632,39627818664985306,train
12631,39627818664986055,train
7127,39627818685958868,train
29530,39627818685958868,train
7128,39627818694348034,train
29534,39627818694348034,train
7129,39627818698541560,train
29513,39627818698543869,train
29523,39627818702737661,train
29527,39627818719511101,train
1309,39627822116898937,train
10280,39627822116898937,train
9478,39627822154646588,train
9476,39627822158843072,train
9480,39627822175617113,train
7661,39627823039647623,train
7674,39627823064812496,train
7548,39627823077393985,train
387,39627823094175073,train
389,39627823094175386,train
7601,39627823115144927,train
7564,39627823152892118,train
7582,39627823165475579,train
7480,39627823178059947,train
363,39627823194833941,train
25573,39627823207418176,train
25532,39627823215808150,train
25536,39627823220001682,train
6223,39627823220003945,train
6227,39627823224196677,train
6225,39627823232583509,train
25545,39627823232583509,train
25541,39627823232584314,train
5246,39627823291305088,train
5247,39627823291306770,train
20151,39627823295497395,train
20153,39627823299690832,train
20149,39627823299694788,train
20152,39627823299696911,train
5260,39627823308083401,train
20125,39627823308084282,train
20122,39627823320663008,train
20113,39627823333248551,train
5256,39627823337440049,train
5255,39627823337440155,train
20112,39627823337440155,train
5203,39627823387771924,train
20231,39627823387777217,train
20239,39627823400354889,train
20208,39627823408746991,train
5295,39627823429717678,train
5108,39627823454880608,train
19746,39627823454880608,train
19747,39627823463270618,train
31875,39627823463270618,train
5107,39627823475855590,train
30895,39627823475855590,train
19765,39627823501018088,train
31884,39627823501018088,train
19772,39627823513603086,train
5113,39627823534573892,train
19666,39627823563934570,train
5096,39627823572321943,train
20489,39627823610069902,train
20483,39627823622655276,train
20479,39627823622655747,train
20493,39627823635238543,train
18742,39627823656208866,train
18796,39627823677182110,train
18766,39627823702346641,train
18757,39627823710736791,train
18758,39627823719124437,train
4783,39627823727512356,train
18681,39627823740094921,train
18685,39627823752675418,train
18855,39627823769453578,train
18863,39627823782035663,train
4816,39627823786230350,train
18837,39627823786230350,train
4819,39627823803010189,train
18833,39627823807203029,train
4619,39627823857535083,train
18400,39627823857535083,train
18486,39627823870116559,train
18432,39627823878505818,train
18439,39627823886895464,train
18440,39627823886896820,train
18444,39627823895281920,train
18435,39627823895283935,train
18443,39627823895284118,train
4572,39627823924644557,train
18317,39627823928838272,train
18320,39627823933033842,train
18322,39627823937229327,train
18321,39627823941421349,train
21385,39627823962390648,train
21386,39627823962390672,train
21383,39627823962394234,train
31957,39627823962394234,train
5629,39627823966587128,train
30942,39627823966587128,train
21319,39627823974977883,train
31952,39627823974977883,train
21325,39627823974978187,train
31950,39627823974978187,train
21331,39627823979171202,train
31953,39627823979171202,train
21329,39627823987557571,train
31955,39627823987557571,train
5619,39627823987560606,train
21332,39627823987560606,train
31956,39627823987560606,train
21316,39627824000144070,train
21343,39627824004337235,train
5621,39627824012722306,train
21337,39627824012724752,train
15921,39627824021112233,train
15915,39627824021114396,train
3405,39627824029500560,train
30854,39627824029500560,train
3404,39627824029500954,train
30852,39627824029500954,train
15934,39627824029501421,train
31814,39627824029501421,train
15936,39627824033695421,train
31817,39627824033695421,train
15935,39627824033698031,train
31815,39627824033698031,train
3408,39627824037888247,train
30857,39627824037888247,train
31818,39627824037888247,train
15911,39627824037892227,train
30847,39627824037892227,train
31798,39627824037892227,train
15908,39627824037893015,train
31799,39627824037893015,train
15909,39627824042083807,train
31802,39627824042083807,train
15999,39627824050473512,train
15953,39627824067249686,train
15958,39627824071442638,train
15952,39627824071445333,train
15945,39627824088219953,train
15944,39627824092418006,train
3428,39627824100806224,train
15969,39627824100806224,train
15970,39627824109191876,train
15735,39627824113389315,train
15719,39627824134361509,train
15724,39627824138553735,train
16114,39627824146944115,train
16116,39627824155330206,train
16075,39627824155333559,train
3460,39627824163721727,train
16077,39627824163721727,train
3195,39627824205662766,train
3196,39627824209855232,train
15324,39627824209855232,train
3198,39627824218247341,train
15327,39627824218247341,train
3191,39627824230830071,train
15316,39627824230830071,train
15310,39627824235021349,train
3238,39627824243413039,train
15415,39627824243413039,train
15361,39627824255994557,train
15360,39627824255995728,train
15368,39627824255996720,train
3216,39627824268577519,train
15389,39627824289551272,train
15379,39627824293742556,train
15388,39627824293743616,train
15177,39627824297939876,train
3139,39627824306328837,train
15175,39627824310518614,train
3135,39627824310518968,train
3140,39627824314712293,train
15191,39627824314712293,train
15187,39627824314713477,train
3144,39627824318911049,train
15190,39627824318911049,train
3132,39627824323103667,train
15164,39627824323103667,train
3602,39627824335684631,train
16485,39627824339881304,train
16429,39627824352463750,train
16432,39627824360850442,train
3581,39627824360852431,train
3583,39627824365045972,train
3573,39627824369241744,train
3574,39627824369241747,train
16410,39627824369241747,train
16413,39627824373433094,train
16407,39627824377627076,train
3571,39627824377627791,train
16412,39627824377629426,train
16441,39627824381823081,train
3587,39627824381825402,train
16440,39627824381825402,train
3586,39627824390212205,train
16443,39627824390212205,train
13548,39627824394408990,train
2454,39627824398604308,train
29868,39627824398604308,train
13565,39627824411181644,train
2462,39627824411184775,train
13537,39627824427960772,train
2500,39627824427963434,train
2505,39627824436350878,train
13669,39627824436350878,train
13674,39627824440541441,train
13600,39627824440543793,train
2477,39627824448934886,train
13583,39627824478290565,train
13623,39627824478291790,train
2483,39627824478293860,train
13616,39627824478293860,train
2487,39627824482488699,train
13624,39627824486679725,train
13375,39627824490873524,train
13370,39627824490877622,train
13376,39627824495072570,train
13387,39627824499261689,train
13365,39627824499262476,train
13389,39627824503457696,train
13388,39627824503459041,train
13362,39627824516038721,train
2388,39627824520233065,train
13360,39627824520233827,train
2387,39627824520234337,train
2386,39627824520236779,train
2566,39627824528624713,train
13830,39627824528624754,train
13781,39627824541206438,train
13772,39627824545399575,train
2547,39627824545401420,train
13784,39627824545401420,train
13783,39627824557982195,train
2548,39627824557984211,train
13760,39627824557985464,train
2540,39627824557985612,train
13761,39627824562176639,train
13764,39627824562177584,train
13796,39627824574764795,train
13790,39627824583150124,train
12859,39627824591536279,train
12867,39627824595734699,train
2206,39627824599927268,train
12869,39627824599927268,train
31365,39627824599927268,train
2210,39627824604120087,train
12868,39627824604120087,train
31368,39627824604120087,train
2201,39627824612509348,train
12850,39627824612509348,train
30634,39627824612509348,train
31356,39627824612509348,train
12971,39627824620897323,train
31428,39627824620897323,train
12968,39627824625094601,train
31415,39627824625094601,train
2244,39627824625096544,train
30669,39627824625096544,train
2247,39627824629285352,train
30660,39627824629285352,train
12967,39627824629288435,train
31431,39627824629288435,train
12892,39627824629290209,train
31400,39627824629290209,train
12894,39627824633480313,train
31397,39627824633480313,train
12895,39627824637678235,train
31396,39627824637678235,train
12909,39627824650257048,train
12889,39627824654455888,train
12883,39627824658648254,train
12651,39627824675427291,train
2119,39627824683814942,train
12658,39627824683814942,train
12642,39627824688007641,train
12671,39627824692202618,train
12636,39627824696398776,train
12626,39627824700588718,train
12670,39627824700589169,train
2118,39627824700592239,train
12630,39627824704783426,train
12627,39627824704785319,train
12629,39627824708980202,train
29550,39627824713174274,train
29556,39627824717368621,train
7138,39627824721562606,train
29529,39627824725756801,train
29531,39627824729949877,train
29535,39627824738341435,train
29538,39627824746725493,train
29525,39627824746727712,train
29526,39627824759308908,train
7125,39627824759309852,train
9485,39627828202833616,train
9483,39627828202835444,train
7666,39627829092029857,train
7665,39627829104609305,train
7547,39627829117192411,train
386,39627829121386168,train
388,39627829121386700,train
7554,39627829125581571,train
7553,39627829125582051,train
7552,39627829129775896,train
7599,39627829150746749,train
407,39627829150749032,train
7603,39627829150749032,train
7596,39627829163329467,train
7578,39627829180110338,train
398,39627829184301533,train
7580,39627829192691532,train
7478,39627829222049945,train
6238,39627829243023424,train
25575,39627829251409708,train
25572,39627829255604373,train
25571,39627829255606743,train
25535,39627829259798057,train
25544,39627829263992732,train
6230,39627829284963020,train
6228,39627829284966555,train
25548,39627829284966555,train
20105,39627829305937086,train
20106,39627829310131552,train
20104,39627829314324947,train
20101,39627829318519075,train
5270,39627829335295357,train
20129,39627829381433778,train
5207,39627829402403176,train
20007,39627829410792448,train
20008,39627829414990812,train
20010,39627829419184830,train
20236,39627829435957998,train
20230,39627829440154528,train
20235,39627829444348284,train
20213,39627829448545368,train
5299,39627829465317748,train
20205,39627829469515059,train
20215,39627829473710292,train
20214,39627829477903633,train
5117,39627829519847391,train
19795,39627829519847391,train
30902,39627829519847391,train
31887,39627829519847391,train
30901,39627829549207044,train
19769,39627829553399570,train
19663,39627829586956734,train
19668,39627829591146965,train
19664,39627829591147241,train
20522,39627829620507364,train
5401,39627829633094178,train
5394,39627829662451753,train
20494,39627829662451753,train
5393,39627829679228912,train
20491,39627829679228912,train
4771,39627829687617597,train
4770,39627829687619594,train
18744,39627829687619594,train
18745,39627829687619977,train
18793,39627829729558660,train
18764,39627829729561273,train
18769,39627829733755173,train
18765,39627829742142495,train
18770,39627829742146117,train
4784,39627829771505903,train
18774,39627829771505903,train
18862,39627829809253037,train
4834,39627829809255556,train
18859,39627829809255556,train
4832,39627829817639923,train
4835,39627829821833850,train
4836,39627829821835020,train
18856,39627829821835020,train
4837,39627829821836279,train
18838,39627829830223964,train
4821,39627829842806361,train
18839,39627829842806380,train
18845,39627829851196579,train
4822,39627829859586885,train
18843,39627829867970851,train
18410,39627829872165578,train
18481,39627829901525304,train
18485,39627829905722149,train
18487,39627829909913952,train
18431,39627829918303410,train
18441,39627829926694497,train
4634,39627829930885849,train
18447,39627829930885849,train
18436,39627829930889696,train
4643,39627829943470038,train
18472,39627829943470038,train
4639,39627829947664115,train
18448,39627829947664115,train
18454,39627829960245784,train
4574,39627829964443911,train
4579,39627829981220849,train
21384,39627829993801316,train
21388,39627830002193240,train
21381,39627830010578531,train
21396,39627830014773257,train
21328,39627830023161876,train
5618,39627830027356378,train
21314,39627830035748325,train
21334,39627830039938090,train
21339,39627830044133346,train
21340,39627830048329365,train
21336,39627830048330321,train
3411,39627830069300964,train
15924,39627830077689723,train
15932,39627830077689731,train
15930,39627830077689875,train
3434,39627830090270289,train
15997,39627830094466884,train
16003,39627830098659164,train
15991,39627830098660997,train
15963,39627830123825491,train
15960,39627830123827157,train
15968,39627830132216457,train
3429,39627830136408426,train
15730,39627830178349670,train
16118,39627830182543873,train
3478,39627830186738468,train
3463,39627830245459970,train
3201,39627830258045631,train
15331,39627830258045631,train
3239,39627830279012568,train
15416,39627830287405982,train
15421,39627830291599244,train
15364,39627830295792972,train
3210,39627830295793173,train
15369,39627830295793173,train
3214,39627830299986905,train
15371,39627830299987834,train
15378,39627830299988625,train
15377,39627830304180691,train
3215,39627830304182632,train
15372,39627830304182632,train
3217,39627830308376823,train
15373,39627830308376823,train
15370,39627830312569881,train
15374,39627830316762490,train
3223,39627830329346404,train
15380,39627830329347241,train
3221,39627830341927766,train
15169,39627830341932329,train
15185,39627830346127057,train
15183,39627830350317314,train
15184,39627830354511783,train
15186,39627830362900959,train
15165,39627830367094025,train
16486,39627830375483495,train
16478,39627830383870965,train
3605,39627830383873588,train
16489,39627830383873588,train
16488,39627830388067676,train
16433,39627830409040755,train
16434,39627830409040790,train
16463,39627830413233136,train
16439,39627830421619570,train
16438,39627830430010878,train
16445,39627830430011287,train
16446,39627830430012175,train
13557,39627830438396648,train
13547,39627830438398414,train
2463,39627830442591321,train
29869,39627830442591321,train
2459,39627830446786086,train
13568,39627830450979771,train
13566,39627830450980846,train
13564,39627830455174459,train
13563,39627830459369536,train
13663,39627830467756685,train
13662,39627830467756982,train
13664,39627830467757497,train
2506,39627830480340159,train
13668,39627830480340159,train
13603,39627830484537256,train
2480,39627830488728960,train
13611,39627830492921950,train
13612,39627830492926167,train
13607,39627830497121356,train
13618,39627830518090125,train
13622,39627830518092763,train
2486,39627830522286658,train
13626,39627830522286658,train
2485,39627830530673622,train
13619,39627830530675228,train
13386,39627830534868490,train
13383,39627830543256555,train
13852,39627830555838381,train
2563,39627830572619501,train
13832,39627830576810300,train
13779,39627830576813910,train
13786,39627830589395419,train
13789,39627830597785034,train
13755,39627830601975476,train
13791,39627830610365344,train
13792,39627830614559628,train
13797,39627830614561823,train
13793,39627830618753642,train
12858,39627830627143742,train
12873,39627830635529958,train
12863,39627830639724986,train
31366,39627830639724986,train
2209,39627830639727625,train
30638,39627830639727625,train
31370,39627830648115633,train
2242,39627830652306162,train
30666,39627830652306162,train
2195,39627830652307815,train
30630,39627830652307815,train
2240,39627830652307908,train
30663,39627830652307908,train
12963,39627830652309368,train
31425,39627830652309368,train
2241,39627830656503540,train
12960,39627830656503540,train
30664,39627830656503540,train
31426,39627830656503540,train
12964,39627830660695205,train
31427,39627830660695205,train
12961,39627830660698087,train
31416,39627830660698087,train
31424,39627830664892335,train
31423,39627830664892371,train
12966,39627830664893225,train
30662,39627830664893225,train
31422,39627830664893225,train
12962,39627830669083755,train
31417,39627830669083755,train
2221,39627830673277510,train
30651,39627830673277510,train
12890,39627830673277649,train
31399,39627830673277649,train
12959,39627830673278221,train
31432,39627830673278221,train
2219,39627830673280132,train
30650,39627830673280132,train
12904,39627830677471328,train
31410,39627830677471328,train
2227,39627830685860168,train
30655,39627830685860168,train
2224,39627830694252452,train
12911,39627830698443391,train
12917,39627830702637085,train
12918,39627830706835148,train
12916,39627830711026468,train
12919,39627830711028629,train
12666,39627830736193543,train
12662,39627830740388509,train
29548,39627830757165857,train
29555,39627830765556055,train
29539,39627830773942468,train
29540,39627830773943123,train
29542,39627830782333993,train
29543,39627830790721142,train
7663,39627835115050357,train
7662,39627835123436070,train
422,39627835123436080,train
7669,39627835148602319,train
7670,39627835148603945,train
7673,39627835148603969,train
7675,39627835156993704,train
7679,39627835161185651,train
7555,39627835161188162,train
7551,39627835177960628,train
7602,39627835194740164,train
7579,39627835215709777,train
399,39627835236682127,train
401,39627835236684792,train
7581,39627835236684792,train
7584,39627835245068503,train
7587,39627835249264124,train
7477,39627835261847395,train
7474,39627835270235330,train
25579,39627835274429829,train
25581,39627835274430052,train
25580,39627835278625044,train
6241,39627835299596883,train
25577,39627835299596883,train
25546,39627835307986005,train
25552,39627835333152586,train
25550,39627835341539719,train
5251,39627835349929235,train
20103,39627835349929235,train
20150,39627835379287762,train
5272,39627835383481799,train
20157,39627835387677992,train
20140,39627835412845473,train
20142,39627835417039252,train
5265,39627835417039462,train
20141,39627835417039462,train
5261,39627835425424070,train
20130,39627835429618226,train
5263,39627835429621491,train
5262,39627835429622659,train
20249,39627835458979660,train
5308,39627835463174666,train
5302,39627835471562040,train
20223,39627835505118583,train
20217,39627835526090371,train
20220,39627835530283471,train
20219,39627835530284148,train
30919,39627835538670005,train
19750,39627835542864898,train
30077,39627835542864898,train
30334,39627835542864898,train
31879,39627835542864898,train
31880,39627835542865113,train
19752,39627835547063109,train
30078,39627835547063109,train
31874,39627835547063109,train
19805,39627835559643011,train
30910,39627835559643011,train
31899,39627835559643011,train
19796,39627835563837531,train
30904,39627835563837531,train
31886,39627835563837531,train
19794,39627835568031092,train
31891,39627835568031092,train
19797,39627835568034315,train
30079,39627835568034315,train
31888,39627835568034315,train
19798,39627835576420678,train
30903,39627835576420678,train
31889,39627835576420678,train
31898,39627835580617066,train
19804,39627835584807017,train
30082,39627835584807017,train
31896,39627835584807017,train
19768,39627835597390435,train
19773,39627835601586012,train
19775,39627835618363472,train
19776,39627835622557657,train
19782,39627835626754625,train
19778,39627835630944882,train
19667,39627835643528065,train
20488,39627835693860538,train
20507,39627835702251276,train
20492,39627835710640334,train
20498,39627835723219580,train
18746,39627835744191799,train
18795,39627835760970144,train
4795,39627835760972631,train
18798,39627835769358245,train
18771,39627835786136593,train
4793,39627835790330507,train
18783,39627835790333402,train
4785,39627835802915804,train
18772,39627835802915804,train
18781,39627835815493703,train
4787,39627835815496281,train
18687,39627835828078132,train
4842,39627835836467823,train
4841,39627835836468678,train
4831,39627835844857279,train
18858,39627835844857279,train
4838,39627835849051964,train
4833,39627835849053107,train
4827,39627835890991551,train
18501,39627835941323908,train
4651,39627835958104033,train
18490,39627835958104033,train
4635,39627835966491294,train
18438,39627835966491294,train
18434,39627835970684731,train
18445,39627835974881205,train
4638,39627835987462713,train
18450,39627835987462713,train
18453,39627835995851208,train
18451,39627835995853426,train
4636,39627836000043503,train
18324,39627836016825217,train
18325,39627836021018769,train
21401,39627836029407890,train
21403,39627836029408755,train
21380,39627836033599549,train
21387,39627836037792223,train
5626,39627836037793369,train
21377,39627836037793369,train
5630,39627836046183238,train
21379,39627836046184993,train
21393,39627836050376520,train
21398,39627836050380691,train
21394,39627836050380788,train
21391,39627836054573836,train
5623,39627836075541928,train
21364,39627836075541928,train
21363,39627836079737773,train
21342,39627836088124474,train
21345,39627836092319919,train
21356,39627836100710865,train
21346,39627836100711957,train
15927,39627836104904546,train
15926,39627836121681661,train
16002,39627836134264478,train
15993,39627836138455597,train
3437,39627836138456584,train
15995,39627836138456584,train
16000,39627836138457785,train
16005,39627836142650428,train
3435,39627836142652808,train
3440,39627836142654165,train
16004,39627836142654165,train
3424,39627836155232463,train
15962,39627836155233255,train
15961,39627836155235158,train
15959,39627836163622397,train
3423,39627836163624621,train
3425,39627836163625054,train
15965,39627836176204295,train
3427,39627836184593124,train
15972,39627836197177637,train
3479,39627836226536434,train
16115,39627836226536434,train
16113,39627836230734497,train
16105,39627836264288816,train
16106,39627836268479620,train
16084,39627836272676609,train
16087,39627836276867736,train
16085,39627836276872960,train
16091,39627836285261728,train
16096,39627836289453255,train
3200,39627836302037959,train
15326,39627836302037959,train
15441,39627836310423056,train
15420,39627836318814042,train
15418,39627836318814340,train
15427,39627836335589091,train
3244,39627836339783543,train
15376,39627836343979004,train
15375,39627836348170934,train
15386,39627836364952028,train
15385,39627836377531104,train
15382,39627836377531595,train
3218,39627836377532561,train
15381,39627836377532561,train
3224,39627836377534112,train
15394,39627836377534112,train
15182,39627836394308760,train
3143,39627836398504013,train
15180,39627836398504013,train
16503,39627836411087419,train
16481,39627836415281879,train
16483,39627836415282858,train
16487,39627836415283037,train
16482,39627836415283850,train
16479,39627836423668955,train
16477,39627836427862466,train
3604,39627836427862484,train
16492,39627836432057444,train
16435,39627836440450104,train
16436,39627836444640431,train
16431,39627836448835932,train
3592,39627836448838087,train
29881,39627836453031510,train
3596,39627836453032581,train
16459,39627836453032581,train
3585,39627836469805376,train
3584,39627836474001978,train
16444,39627836474001978,train
3589,39627836474004324,train
16450,39627836474004324,train
16449,39627836482388904,train
13689,39627836499167600,train
13697,39627836503360676,train
2513,39627836503365995,train
13675,39627836507558634,train
13671,39627836511751452,train
13665,39627836515943728,train
13679,39627836528526146,train
13613,39627836532723020,train
13609,39627836536915898,train
13648,39627836549501794,train
2482,39627836557887994,train
13620,39627836557887994,train
2484,39627836570468461,train
13625,39627836570468461,train
13641,39627836570469377,train
13384,39627836583052887,train
2391,39627836587247727,train
13859,39627836595638194,train
2567,39627836604024128,train
13831,39627836608217404,train
2568,39627836612411890,train
13835,39627836612411890,train
2570,39627836624994793,train
13843,39627836624995904,train
13785,39627836629194199,train
13787,39627836637578635,train
2546,39627836641773478,train
13799,39627836650160253,train
13800,39627836658551940,train
13807,39627836666940096,train
13801,39627836671133939,train
12989,39627836687909516,train
31447,39627836687909516,train
12965,39627836700493695,train
31420,39627836700493695,train
2239,39627836700496624,train
30661,39627836700496624,train
2245,39627836708882652,train
30668,39627836708882652,train
12979,39627836713076234,train
31440,39627836713076234,train
12975,39627836713078184,train
31442,39627836713078184,train
12976,39627836713079024,train
31443,39627836713079024,train
12974,39627836713079503,train
31441,39627836713079503,train
12900,39627836721466890,train
31408,39627836721466890,train
12905,39627836721468098,train
31403,39627836721468098,train
2226,39627836725661275,train
30653,39627836725661275,train
12901,39627836725662678,train
31405,39627836725662678,train
12908,39627836729855387,train
31409,39627836729855387,train
12921,39627836750828266,train
12672,39627836763411079,train
12660,39627836763411663,train
2124,39627836767603329,train
12669,39627836767603329,train
29564,39627836784379221,train
7143,39627836784380674,train
29565,39627836784380674,train
29569,39627836788573266,train
29552,39627836788575965,train
29553,39627836796961041,train
29537,39627836813742542,train
7134,39627836817932366,train
29541,39627836817932366,train
7131,39627836817936746,train
7130,39627836817937856,train
7133,39627836822131317,train
7135,39627836826325562,train
7688,39627841175815105,train
7685,39627841175816474,train
7672,39627841184203901,train
7671,39627841184207554,train
7682,39627841192591997,train
390,39627841209373442,train
7610,39627841234539388,train
7591,39627841268093330,train
7588,39627841297454011,train
7479,39627841301645253,train
7475,39627841301645267,train
366,39627841305839575,train
6245,39627841310035038,train
25583,39627841310035038,train
25585,39627841310035062,train
25584,39627841314230871,train
25569,39627841322619780,train
6240,39627841326813253,train
25567,39627841326813253,train
25574,39627841326814106,train
25542,39627841351975498,train
25543,39627841351978208,train
25557,39627841356170734,train
25556,39627841364559555,train
6232,39627841364559588,train
25551,39627841368756159,train
25549,39627841372948377,train
6231,39627841377145403,train
25555,39627841377145403,train
25553,39627841381337515,train
5250,39627841393922780,train
5275,39627841402311493,train
20166,39627841406503133,train
5277,39627841406504276,train
20162,39627841406504276,train
5274,39627841406506462,train
20163,39627841406506462,train
5276,39627841419084305,train
20160,39627841419084305,train
5271,39627841419084578,train
20155,39627841427476936,train
5266,39627841452642852,train
20126,39627841465222878,train
20134,39627841477806525,train
20133,39627841486192812,train
20248,39627841494586042,train
20247,39627841502975543,train
20250,39627841511359680,train
20234,39627841511363384,train
20242,39627841528139102,train
20229,39627841549108859,train
20228,39627841549109233,train
20225,39627841553303158,train
20216,39627841561693205,train
20221,39627841570081120,train
30920,39627841582663991,train
19751,39627841582664996,train
30074,39627841582664996,train
31877,39627841582664996,train
30898,39627841582666245,train
19749,39627841591051279,train
31881,39627841591051279,train
30911,39627841595250554,train
31890,39627841607833341,train
19800,39627841616216865,train
31895,39627841616216865,train
5118,39627841624608912,train
30907,39627841624608912,train
30909,39627841628801689,train
19770,39627841628801740,train
31885,39627841628801740,train
19779,39627841666549780,train
20524,39627841704301176,train
20525,39627841708493738,train
20509,39627841729467650,train
20510,39627841733658713,train
20506,39627841742050498,train
20511,39627841742050809,train
20503,39627841754635049,train
20505,39627841767212922,train
20497,39627841767215074,train
18743,39627841771409402,train
18792,39627841796576285,train
18791,39627841800769196,train
4792,39627841830128697,train
18782,39627841830128697,train
18785,39627841830130459,train
18776,39627841851099027,train
18777,39627841855295403,train
4790,39627841863683250,train
18870,39627841893041178,train
4840,39627841897237815,train
18869,39627841901431368,train
18864,39627841901431408,train
4820,39627841922400580,train
18841,39627841922400581,train
18849,39627841926597340,train
18848,39627841934987594,train
18846,39627841947568008,train
4653,39627841981122367,train
18503,39627841981122367,train
18482,39627841985316862,train
18483,39627841985318914,train
4649,39627841985320001,train
18488,39627841989514735,train
18492,39627841989514750,train
18489,39627841997900355,train
4650,39627842002094996,train
18495,39627842002094996,train
18493,39627842006289305,train
18491,39627842006290545,train
18446,39627842010482765,train
4633,39627842010483665,train
18442,39627842010483665,train
18475,39627842018873728,train
18473,39627842018874336,train
18468,39627842027261050,train
4637,39627842035648036,train
18452,39627842035648036,train
18458,39627842035651361,train
18462,39627842039841488,train
18461,39627842039841504,train
4640,39627842044035211,train
18460,39627842044035579,train
18455,39627842056619167,train
18466,39627842056619182,train
21399,39627842065007150,train
5638,39627842065010062,train
5637,39627842069205483,train
21405,39627842069205483,train
5627,39627842081785902,train
21375,39627842081785902,train
21376,39627842081786860,train
21389,39627842085982153,train
5631,39627842085983821,train
21333,39627842106954083,train
21338,39627842127925268,train
21353,39627842140508483,train
21354,39627842144702066,train
21355,39627842144702173,train
5622,39627842148895976,train
15931,39627842153090004,train
15937,39627842153090541,train
3412,39627842153091857,train
15933,39627842153091857,train
16012,39627842169868907,train
3444,39627842174061188,train
15998,39627842174061394,train
3433,39627842207615337,train
15978,39627842216001822,train
15975,39627842216004159,train
15979,39627842216004663,train
15966,39627842220197520,train
3430,39627842232780395,train
16125,39627842249556558,train
16126,39627842257949116,train
16138,39627842266336011,train
3477,39627842270530148,train
16117,39627842270530148,train
16124,39627842283115527,train
16119,39627842287306332,train
16100,39627842295695051,train
16104,39627842295696997,train
16081,39627842295698436,train
3469,39627842299891014,train
16102,39627842304084046,train
3470,39627842312470887,train
16098,39627842316665399,train
16086,39627842316668453,train
16094,39627842329251478,train
15325,39627842341834452,train
15436,39627842341835334,train
15444,39627842362803494,train
15443,39627842362803835,train
15426,39627842371190896,train
15428,39627842371193812,train
15434,39627842375386674,train
15433,39627842379584515,train
15422,39627842383775477,train
3234,39627842392163843,train
15399,39627842392163843,train
3232,39627842392166599,train
3228,39627842396360052,train
15400,39627842408941520,train
15384,39627842408943060,train
15383,39627842417329069,train
15181,39627842429916498,train
3142,39627842434111072,train
15188,39627842438301191,train
15189,39627842438301693,train
3608,39627842438303194,train
16506,39627842442499001,train
16507,39627842442500403,train
16510,39627842450887857,train
16511,39627842450888489,train
16480,39627842455079719,train
16491,39627842455081052,train
3603,39627842459271788,train
16493,39627842467662897,train
16498,39627842476054309,train
16495,39627842480244300,train
3582,39627842484439960,train
3594,39627842492825866,train
16460,39627842492825866,train
16462,39627842497021433,train
13695,39627842534771659,train
13700,39627842538963446,train
2512,39627842543159808,train
13690,39627842543159808,train
13698,39627842543161786,train
2514,39627842543162101,train
13691,39627842543162101,train
13699,39627842547352464,train
13693,39627842551547231,train
13683,39627842555742538,train
13684,39627842559940454,train
2508,39627842564133178,train
13677,39627842568324685,train
13682,39627842568326652,train
13678,39627842568327914,train
13610,39627842576716739,train
13606,39627842576717375,train
13614,39627842580906606,train
13645,39627842593489455,train
13644,39627842593491265,train
13628,39627842597687326,train
13635,39627842601881913,train
13630,39627842606072546,train
13631,39627842610267558,train
2491,39627842610270536,train
2489,39627842610271174,train
13634,39627842618657742,train
13863,39627842631238416,train
13855,39627842631242070,train
2582,39627842635432772,train
2583,39627842639631053,train
13853,39627842643821604,train
2585,39627842643821683,train
13862,39627842643821683,train
13834,39627842643826272,train
2575,39627842656404103,train
2571,39627842660599483,train
2577,39627842660600744,train
13839,39627842660603160,train
2576,39627842660604033,train
13842,39627842664793467,train
2574,39627842664793769,train
13847,39627842664795009,train
13846,39627842668989033,train
2545,39627842668992240,train
13814,39627842681573076,train
2557,39627842689958495,train
13812,39627842689958495,train
2559,39627842689960883,train
13794,39627842694153944,train
2551,39627842698352558,train
2554,39627842706735143,train
12866,39627842715124801,train
12865,39627842715128095,train
31369,39627842715128095,train
2208,39627842719320042,train
30640,39627842719320042,train
12872,39627842719320501,train
31363,39627842719320501,train
12871,39627842719322980,train
31364,39627842719322980,train
12990,39627842731901114,train
31444,39627842731901114,train
2254,39627842731902753,train
30679,39627842731902753,train
12983,39627842736095510,train
30680,39627842736095510,train
31446,39627842736095510,train
12958,39627842740295488,train
31421,39627842740295488,train
2246,39627842744484831,train
30667,39627842744484831,train
12956,39627842744486723,train
31418,39627842744486723,train
2250,39627842757067563,train
30677,39627842757067563,train
12981,39627842757068197,train
30676,39627842757068197,train
31438,39627842757068197,train
12940,39627842769652206,train
30658,39627842769652206,train
31412,39627842769652206,train
2233,39627842769652287,train
30657,39627842769652287,train
12944,39627842769652986,train
31413,39627842769652986,train
12943,39627842778038971,train
12937,39627842782233034,train
12923,39627842803209019,train
2230,39627842807401368,train
12931,39627842807401368,train
2231,39627842807401775,train
12933,39627842807401775,train
12928,39627842807403680,train
12665,39627842811594928,train
2125,39627842811596501,train
12668,39627842811597307,train
12663,39627842815788815,train
29567,39627842815790110,train
7145,39627842819981992,train
29570,39627842828374935,train
29576,39627842832564920,train
7142,39627842832566122,train
29572,39627842832566122,train
7137,39627842836760975,train
29557,39627842840954669,train
29560,39627842849347241,train
7687,39627847207226717,train
7680,39627847228197676,train
7676,39627847236584456,train
7683,39627847236585772,train
7678,39627847240780241,train
7713,39627847244978361,train
7613,39627847253365301,train
408,39627847265944671,train
7612,39627847265944671,train
7620,39627847270143071,train
7590,39627847299498943,train
7586,39627847333053167,train
25704,39627847341441363,train
7589,39627847341443187,train
25582,39627847362416286,train
6244,39627847383384254,train
25562,39627847412746600,train
6237,39627847412749453,train
25561,39627847416939208,train
25554,39627847429523024,train
20164,39627847442105950,train
20165,39627847446300675,train
5273,39627847450499187,train
20158,39627847463078471,train
20154,39627847467272904,train
20159,39627847475661933,train
20156,39627847475661937,train
20138,39627847488244025,train
20137,39627847492441100,train
5267,39627847496631840,train
20136,39627847496631840,train
20139,39627847500826169,train
20131,39627847513408370,train
20132,39627847525990525,train
20135,39627847525993585,train
20254,39627847555350997,train
20245,39627847555354723,train
20243,39627847555354725,train
5307,39627847559546346,train
5306,39627847563744860,train
20226,39627847580519931,train
20287,39627847626658273,train
30921,39627847626658273,train
31920,39627847626658273,train
19806,39627847635046271,train
30084,39627847635046271,train
31903,39627847635046271,train
19811,39627847639240119,train
30083,39627847639240119,train
31902,39627847639240119,train
19816,39627847651822631,train
29923,39627847651822631,train
31915,39627847651822631,train
19801,39627847656015502,train
30080,39627847656015502,train
31892,39627847656015502,train
19785,39627847681182835,train
19780,39627847714736167,train
5412,39627847727320853,train
5408,39627847731512015,train
5411,39627847731513043,train
20533,39627847731513043,train
20528,39627847748290382,train
20526,39627847756679303,train
5399,39627847781844159,train
5397,39627847786040074,train
20496,39627847794430271,train
5395,39627847794430278,train
20500,39627847794430278,train
20504,39627847798625335,train
20502,39627847807013577,train
20564,39627847811206140,train
4798,39627847857345009,train
18786,39627847865732319,train
18775,39627847895090591,train
18872,39627847924450848,train
18865,39627847937036606,train
18868,39627847949618878,train
18877,39627847953813129,train
4824,39627847983172501,train
18911,39627848004142888,train
18908,39627848004143340,train
18912,39627848004144638,train
18496,39627848012533992,train
18498,39627848016725357,train
18500,39627848020918749,train
4654,39627848020921587,train
4641,39627848071252226,train
18457,39627848075447684,train
18463,39627848079639827,train
5636,39627848117391935,train
21400,39627848117391935,train
5632,39627848134166555,train
21392,39627848134166555,train
21360,39627848155139051,train
21367,39627848159334826,train
21347,39627848180302548,train
21352,39627848180305598,train
21349,39627848184496644,train
21348,39627848188693259,train
5652,39627848188693987,train
5651,39627848192886110,train
21448,39627848192886110,train
16011,39627848201273777,train
16009,39627848205472055,train
3441,39627848230634114,train
3439,39627848230635586,train
3445,39627848234832401,train
16031,39627848234832401,train
16033,39627848243217386,train
15971,39627848280968418,train
16129,39627848293552770,train
16137,39627848301937108,train
16127,39627848301938425,train
16132,39627848306132297,train
16139,39627848306135146,train
16121,39627848322912135,train
16123,39627848327105018,train
16148,39627848335491173,train
3471,39627848339686064,train
3468,39627848339688698,train
16101,39627848339688698,train
16099,39627848343883045,train
16093,39627848360660951,train
16089,39627848364856954,train
16095,39627848369048825,train
3466,39627848377437781,train
16097,39627848377437781,train
15437,39627848394212707,train
15450,39627848406794405,train
3242,39627848410992164,train
15423,39627848410992373,train
3243,39627848415188565,train
15430,39627848419380838,train
3240,39627848419382275,train
15429,39627848419382275,train
15424,39627848423574487,train
15467,39627848427766748,train
15455,39627848427766967,train
15398,39627848431960682,train
3230,39627848436157987,train
15402,39627848436158001,train
3231,39627848440349412,train
3233,39627848440349860,train
15397,39627848448738101,train
15390,39627848469712460,train
3695,39627848478100067,train
16502,39627848482296100,train
16512,39627848486489487,train
16505,39627848490682225,train
16509,39627848490685190,train
16504,39627848494879010,train
3606,39627848499071240,train
16513,39627848499071732,train
16514,39627848503265122,train
16501,39627848511655316,train
16494,39627848515846245,train
16497,39627848515848283,train
16496,39627848515848820,train
3611,39627848520041552,train
16526,39627848520041552,train
3612,39627848520042574,train
16531,39627848524238601,train
3593,39627848528432571,train
16447,39627848549404764,train
16454,39627848553595471,train
3591,39627848561983634,train
16452,39627848561984428,train
16448,39627848561986013,train
16581,39627848574566613,train
2511,39627848574567634,train
13692,39627848574572077,train
2515,39627848582959505,train
13696,39627848591344143,train
13685,39627848599733096,train
2509,39627848608122742,train
13687,39627848612319843,train
2493,39627848620707906,train
2490,39627848650066994,train
13638,39627848654259684,train
13633,39627848658454721,train
13632,39627848658455207,train
13642,39627848662647409,train
14119,39627848666841606,train
13860,39627848675229788,train
13854,39627848675230843,train
2586,39627848675231312,train
2579,39627848679424261,train
2587,39627848679425824,train
13856,39627848679425824,train
13858,39627848679427674,train
13840,39627848692009210,train
2572,39627848704594463,train
13844,39627848704594463,train
13841,39627848708785612,train
13837,39627848708789357,train
2558,39627848721368545,train
13809,39627848725566711,train
13817,39627848733950248,train
2560,39627848733951905,train
13818,39627848733951905,train
13822,39627848733955776,train
13802,39627848742340629,train
13803,39627848750728591,train
2550,39627848750729319,train
13945,39627848759119355,train
31547,39627848759119355,train
2256,39627848759120985,train
12984,39627848759120985,train
30681,39627848759120985,train
31448,39627848759120985,train
13939,39627848763310980,train
31542,39627848763310980,train
12988,39627848771699872,train
31451,39627848771699872,train
12986,39627848771700021,train
31450,39627848771700021,train
12985,39627848775897276,train
31449,39627848775897276,train
2252,39627848784284381,train
12972,39627848784284381,train
31433,39627848784284381,train
12978,39627848784285311,train
31436,39627848784285311,train
2248,39627848784287327,train
30670,39627848784287327,train
12973,39627848788476326,train
31437,39627848788476326,train
12982,39627848792675156,train
30672,39627848792675156,train
31435,39627848792675156,train
30674,39627848792675258,train
2251,39627848796868356,train
30671,39627848796868356,train
2249,39627848801062410,train
12980,39627848801062410,train
30673,39627848801062410,train
31439,39627848801062410,train
13006,39627848805254048,train
31463,39627848805254048,train
2237,39627848830420848,train
12955,39627848830420848,train
12932,39627848834613623,train
12925,39627848838808209,train
12922,39627848843005171,train
12934,39627848843006611,train
12924,39627848847202270,train
12929,39627848851392831,train
29589,39627848851394945,train
29566,39627848859780251,train
29573,39627848859781654,train
7144,39627848872362899,train
29574,39627848872362899,train
7140,39627848889139439,train
29558,39627848893335308,train
7686,39627853255410743,train
7708,39627853293158634,train
7618,39627853305743938,train
7616,39627853314132335,train
7608,39627853322521412,train
7606,39627853326717516,train
411,39627853335101701,train
7628,39627853335106882,train
25700,39627853377046880,train
25702,39627853389629270,train
25586,39627853393826194,train
25587,39627853398018696,train
25592,39627853406408073,train
25595,39627853410601362,train
6242,39627853414795744,train
25600,39627853427379461,train
25599,39627853431575248,train
25564,39627853456740658,train
6234,39627853456740666,train
25563,39627853456740666,train
25623,39627853473515161,train
20161,39627853490294554,train
5281,39627853490296080,train
20172,39627853490296080,train
20167,39627853498683760,train
20170,39627853502876417,train
20171,39627853502877395,train
5280,39627853507071811,train
20169,39627853507071811,train
20179,39627853528042341,train
20143,39627853540625454,train
20348,39627853569984889,train
20343,39627853569985802,train
5311,39627853582565591,train
20251,39627853582565591,train
5313,39627853590955022,train
20253,39627853590955022,train
20241,39627853603542914,train
20224,39627853628707453,train
20218,39627853649679882,train
20289,39627853662257961,train
30089,39627853662257961,train
31919,39627853662257961,train
30341,39627853666454889,train
20285,39627853670648185,train
31921,39627853670648185,train
19807,39627853679035013,train
30912,39627853679035013,train
31901,39627853679035013,train
19812,39627853679035972,train
31904,39627853679035972,train
19809,39627853679038062,train
30085,39627853679038062,train
30913,39627853679038062,train
31905,39627853679038062,train
19819,39627853683231404,train
31908,39627853683231404,train
19818,39627853695814338,train
30917,39627853695814338,train
31914,39627853695814338,train
19781,39627853746147584,train
19777,39627853750339627,train
5409,39627853775507693,train
20537,39627853783892824,train
5404,39627853792282020,train
20527,39627853796479607,train
20539,39627853809059315,train
20514,39627853817449505,train
20513,39627853821642091,train
20515,39627853830031785,train
20516,39627853834228491,train
5396,39627853846808343,train
20501,39627853846808343,train
20559,39627853859391161,train
5427,39627853859393624,train
18805,39627853876167810,train
18801,39627853876167820,train
18804,39627853876170784,train
4800,39627853880364361,train
18797,39627853884560728,train
4791,39627853909721225,train
18807,39627853909721995,train
4794,39627853918110273,train
4789,39627853934887387,train
18779,39627853939083778,train
18780,39627853939084294,train
18871,39627853955861992,train
4843,39627853968442546,train
18875,39627853968442839,train
18866,39627853981028797,train
18882,39627853997802135,train
4826,39627854010384473,train
4829,39627854022971394,train
18852,39627854027161659,train
18905,39627854048134816,train
18499,39627854060717266,train
4656,39627854069108539,train
18504,39627854069108539,train
18509,39627854081690175,train
18513,39627854085883810,train
18511,39627854090080407,train
18510,39627854094274846,train
18470,39627854102661356,train
4642,39627854106853884,train
4645,39627854106854856,train
18477,39627854115245080,train
18456,39627854127829658,train
21588,39627854132023181,train
21594,39627854132023877,train
21590,39627854140409247,train
21586,39627854140409642,train
21591,39627854140410551,train
21404,39627854148799235,train
5641,39627854161380156,train
21395,39627854178157858,train
21412,39627854186546678,train
5624,39627854190743755,train
21365,39627854190743755,train
21366,39627854199130163,train
21371,39627854203325124,train
21370,39627854211715672,train
21359,39627854220103043,train
21351,39627854220104863,train
21358,39627854224296023,train
21444,39627854228489418,train
21452,39627854232687212,train
21453,39627854236879054,train
3443,39627854241071438,train
16013,39627854241073529,train
3442,39627854245267221,train
16008,39627854245267221,train
16019,39627854253659072,train
16016,39627854257850366,train
16032,39627854274626197,train
16029,39627854274628697,train
3446,39627854283016026,train
16027,39627854283018259,train
16030,39627854287210914,train
15976,39627854295599411,train
3431,39627854312379819,train
15974,39627854312379819,train
15973,39627854312379841,train
3482,39627854333349564,train
16128,39627854333349564,train
16136,39627854337540900,train
16135,39627854341737243,train
16141,39627854345930608,train
16144,39627854345931466,train
16145,39627854350123689,train
16140,39627854350127233,train
3480,39627854362708591,train
3489,39627854375291168,train
16146,39627854375293656,train
3476,39627854396261474,train
16090,39627854408843833,train
16169,39627854413040463,train
3497,39627854421427965,train
15440,39627854434014062,train
15452,39627854446595022,train
15435,39627854454981319,train
15432,39627854459176785,train
15462,39627854463370990,train
15459,39627854467565920,train
15456,39627854471758635,train
3249,39627854475953950,train
3229,39627854480148058,train
15403,39627854480148458,train
15404,39627854480150588,train
15406,39627854488538707,train
15414,39627854492733674,train
15392,39627854501120308,train
3226,39627854501121569,train
15391,39627854501121569,train
3227,39627854505313591,train
15395,39627854505313591,train
16735,39627854509510388,train
16731,39627854513700919,train
3692,39627854513703624,train
16732,39627854517898007,train
16500,39627854551449642,train
16523,39627854555648976,train
16535,39627854559839433,train
3610,39627854559839438,train
3595,39627854572424061,train
16472,39627854580813111,train
16473,39627854589202348,train
16456,39627854597589777,train
16578,39627854605975762,train
16582,39627854614366022,train
16574,39627854618558994,train
13694,39627854622756883,train
13701,39627854639534695,train
13681,39627854643728621,train
13680,39627854647920138,train
2521,39627854652118044,train
13719,39627854656308848,train
13712,39627854656309090,train
13717,39627854660506097,train
2492,39627854668894719,train
2499,39627854681476094,train
13656,39627854681476094,train
13655,39627854685669209,train
13636,39627854685671446,train
13640,39627854694057557,train
14121,39627854698251886,train
14118,39627854702446117,train
14116,39627854702446334,train
14113,39627854702447620,train
14114,39627854706642204,train
13857,39627854710836652,train
2581,39627854715027585,train
13850,39627854715027585,train
13866,39627854719225264,train
13868,39627854723420317,train
13873,39627854727613973,train
13871,39627854731804768,train
13890,39627854748582732,train
13886,39627854752776809,train
13878,39627854752779607,train
13810,39627854756973862,train
13879,39627854756974667,train
13811,39627854761165827,train
13815,39627854761166999,train
13808,39627854765364201,train
13820,39627854769553569,train
13819,39627854773749393,train
13825,39627854773751563,train
13823,39627854773752858,train
13824,39627854773752925,train
2553,39627854782137917,train
13805,39627854782137917,train
2555,39627854786330784,train
13933,39627854794722995,train
31548,39627854794722995,train
2606,39627854794723340,train
13940,39627854794724061,train
31544,39627854794724061,train
30684,39627854811502180,train
30685,39627854815692681,train
31453,39627854815692681,train
12993,39627854815693939,train
31452,39627854815693939,train
12997,39627854824080240,train
31457,39627854824080240,train
13005,39627854840861501,train
30697,39627854840861501,train
31464,39627854840861501,train
12999,39627854840861859,train
31465,39627854840861859,train
13003,39627854845053218,train
31460,39627854845053218,train
2267,39627854849247629,train
13007,39627854849247629,train
31466,39627854849247629,train
2268,39627854849248183,train
13004,39627854849248183,train
30699,39627854849248183,train
31462,39627854849248183,train
12942,39627854857635904,train
2235,39627854861831383,train
12936,39627854861832158,train
2236,39627854870220583,train
12949,39627854870221836,train
12948,39627854874411355,train
29593,39627854886997374,train
29586,39627854891188295,train
29594,39627854891188471,train
29591,39627854891189193,train
29587,39627854891193774,train
29601,39627854895386950,train
29568,39627854907965720,train
29575,39627854907968307,train
29577,39627854907969031,train
7139,39627854924745724,train
29559,39627854924745724,train
29561,39627854928939800,train
7151,39627854933132498,train
29585,39627854933134397,train
7150,39627854933134735,train
425,39627859295211690,train
424,39627859303597559,train
7693,39627859303597559,train
431,39627859320375464,train
7711,39627859320377104,train
7712,39627859320377669,train
7709,39627859324570992,train
7716,39627859328764552,train
7707,39627859332961935,train
7723,39627859337155733,train
412,39627859366515866,train
7624,39627859366515866,train
7627,39627859370706877,train
7622,39627859370710583,train
7623,39627859379094962,train
405,39627859395873282,train
7585,39627859412648145,train
6292,39627859416846686,train
6294,39627859421038376,train
25703,39627859421039993,train
25593,39627859433623692,train
25590,39627859446204075,train
25597,39627859462980417,train
6249,39627859475566058,train
6250,39627859479758531,train
25560,39627859492343439,train
6236,39627859492344439,train
25559,39627859492344439,train
6233,39627859492344679,train
6260,39627859525894516,train
20168,39627859530091502,train
5282,39627859538479706,train
20174,39627859555257438,train
20176,39627859572034504,train
5268,39627859580424069,train
20147,39627859593003753,train
20344,39627859609784083,train
20349,39627859613975684,train
20346,39627859613978414,train
5325,39627859613978418,train
20255,39627859630753458,train
5312,39627859639142456,train
20252,39627859639142456,train
20258,39627859647529016,train
20261,39627859651726921,train
20288,39627859693670179,train
20291,39627859706249630,train
30922,39627859706249630,train
31918,39627859706249630,train
19813,39627859723029487,train
30087,39627859723029487,train
30915,39627859723029487,train
31907,39627859723029487,train
19814,39627859727221362,train
30914,39627859727221362,train
31909,39627859727221362,train
19821,39627859731418928,train
31913,39627859731418928,train
19837,39627859739805610,train
31917,39627859739805610,train
19826,39627859752390307,train
19822,39627859752391872,train
19827,39627859756581258,train
19823,39627859756585253,train
19824,39627859760779289,train
19793,39627859769166444,train
19786,39627859769166732,train
5115,39627859773359364,train
19789,39627859781746955,train
5116,39627859781749697,train
19790,39627859781749697,train
20640,39627859798524695,train
20643,39627859798527130,train
20641,39627859806917004,train
20532,39627859811108152,train
20534,39627859823689763,train
20536,39627859823692368,train
20541,39627859836276401,train
20545,39627859840470144,train
20544,39627859840471293,train
20540,39627859844662998,train
5415,39627859848860020,train
20517,39627859869831638,train
5400,39627859874022955,train
20575,39627859882410568,train
20574,39627859882413446,train
20561,39627859886608899,train
20563,39627859899190926,train
5429,39627859903384695,train
20571,39627859903384695,train
4801,39627859920159657,train
4802,39627859932743633,train
18809,39627859932743633,train
18810,39627859949522837,train
18789,39627859970494617,train
18874,39627860004048857,train
4844,39627860004048876,train
4845,39627860016629861,train
18873,39627860020823950,train
18892,39627860020827224,train
18878,39627860033406746,train
18881,39627860037599559,train
4846,39627860037599571,train
4828,39627860045992392,train
18854,39627860045992392,train
18910,39627860075349142,train
4857,39627860079545027,train
18906,39627860079546773,train
4658,39627860117294883,train
4660,39627860142457416,train
18467,39627860142457728,train
4646,39627860146653112,train
4648,39627860146655119,train
18480,39627860150845737,train
18476,39627860159234706,train
5657,39627860167625530,train
21589,39627860180205715,train
5658,39627860180209949,train
5639,39627860192791883,train
5640,39627860192792957,train
21407,39627860205374194,train
21408,39627860209569972,train
21436,39627860213761195,train
21418,39627860217957722,train
21416,39627860222149149,train
21417,39627860222149444,train
21419,39627860234734017,train
21368,39627860251512503,train
21372,39627860251513213,train
21373,39627860255706554,train
21450,39627860272482198,train
16010,39627860280872584,train
16021,39627860297646805,train
16015,39627860297647899,train
16024,39627860314423594,train
16028,39627860314428387,train
16035,39627860318618754,train
16034,39627860318622294,train
3449,39627860331202131,train
15986,39627860335398140,train
15982,39627860352175033,train
16291,39627860352177061,train
16277,39627860356367213,train
16278,39627860360562210,train
16276,39627860360564558,train
16275,39627860364759245,train
3539,39627860377341000,train
16281,39627860377341000,train
16131,39627860377341072,train
3488,39627860406699420,train
3487,39627860410897590,train
16111,39627860440258453,train
16108,39627860444452263,train
16110,39627860444452278,train
16174,39627860461226219,train
3496,39627860461227413,train
16173,39627860461227413,train
16167,39627860465421557,train
16175,39627860465421601,train
16168,39627860465421902,train
3495,39627860469614402,train
16172,39627860469614402,train
3247,39627860473809516,train
15447,39627860473809516,train
3252,39627860503172354,train
15461,39627860511557128,train
15460,39627860511557766,train
15465,39627860515752915,train
15464,39627860515753241,train
15463,39627860515754476,train
15458,39627860515754480,train
3237,39627860540917814,train
15408,39627860540917814,train
16733,39627860549308464,train
3693,39627860553499305,train
16730,39627860553499305,train
16736,39627860566084927,train
16516,39627860578666380,train
16515,39627860582861926,train
16534,39627860591251479,train
16524,39627860595443511,train
16527,39627860599638888,train
16533,39627860603833352,train
16532,39627860608026317,train
16525,39627860612220828,train
16538,39627860612221507,train
3616,39627860612222099,train
16542,39627860612222099,train
29884,39627860612222099,train
3598,39627860616415718,train
29882,39627860616415718,train
16471,39627860620608878,train
16475,39627860620612886,train
3600,39627860624803966,train
3597,39627860629001729,train
16466,39627860633191780,train
16457,39627860637385943,train
16579,39627860645773996,train
16568,39627860649972883,train
16572,39627860658357510,train
16573,39627860658360430,train
13703,39627860662554458,train
13708,39627860662555966,train
13702,39627860666746990,train
2518,39627860670941752,train
2520,39627860687721366,train
13718,39627860687721463,train
13714,39627860704496847,train
13643,39627860708690191,train
2497,39627860708692646,train
13649,39627860712885381,train
13652,39627860725465578,train
13650,39627860725466404,train
13658,39627860725468211,train
14138,39627860729663985,train
13639,39627860733854000,train
2680,39627860733856662,train
14123,39627860733856662,train
2678,39627860733857902,train
2674,39627860742243245,train
14109,39627860742243245,train
14108,39627860742246665,train
14107,39627860750635078,train
13870,39627860754828535,train
13869,39627860759024174,train
2590,39627860763219022,train
13867,39627860767409799,train
2589,39627860771603276,train
2588,39627860775798012,train
13874,39627860775798012,train
13903,39627860779991074,train
2592,39627860784186890,train
13880,39627860784188282,train
13887,39627860784189284,train
13882,39627860788385300,train
13885,39627860792578438,train
13877,39627860800965695,train
2562,39627860817745081,train
13829,39627860817745081,train
13826,39627860821934628,train
13966,39627860821939812,train
2619,39627860826130635,train
2552,39627860826130905,train
13938,39627860830323384,train
2607,39627860834517970,train
13937,39627860834521604,train
31549,39627860834521604,train
13936,39627860838713719,train
30736,39627860838713719,train
31546,39627860838713719,train
13943,39627860838715043,train
31543,39627860838715043,train
13944,39627860842907269,train
31545,39627860842907269,train
13935,39627860842909407,train
31541,39627860842909407,train
30686,39627860859685624,train
2266,39627860880658945,train
30695,39627860880658945,train
2269,39627860889043124,train
30696,39627860889043124,train
13002,39627860893240783,train
12945,39627860897435019,train
12953,39627860897435830,train
12950,39627860905824938,train
12947,39627860918403457,train
12946,39627860918406158,train
29595,39627860926793537,train
7154,39627860926797396,train
29598,39627860926797396,train
29590,39627860930990060,train
29588,39627860935181105,train
29596,39627860939379987,train
29583,39627860947763346,train
29582,39627860947767887,train
7147,39627860956155089,train
7149,39627860968736968,train
7702,39627865301456659,train
7701,39627865309841745,train
7692,39627865339202273,train
7690,39627865339203789,train
434,39627865351783311,train
7710,39627865360173314,train
7706,39627865364366268,train
7714,39627865368560781,train
7614,39627865381146425,train
7621,39627865389531240,train
7615,39627865393726152,train
7641,39627865397923236,train
7644,39627865397925168,train
7629,39627865406313896,train
7626,39627865414701571,train
7625,39627865418894844,train
7634,39627865423090185,train
7636,39627865427284300,train
7632,39627865427285560,train
414,39627865427285654,train
7637,39627865427285654,train
7594,39627865435669534,train
6297,39627865448255222,train
25701,39627865465031447,train
25707,39627865465032813,train
25588,39627865477612867,train
6247,39627865477612886,train
25594,39627865477615906,train
6248,39627865502777835,train
25596,39627865502778072,train
6235,39627865536332461,train
25634,39627865544724326,train
25622,39627865553109400,train
25624,39627865561499271,train
5279,39627865574081317,train
20173,39627865574081317,train
5283,39627865590861320,train
20175,39627865590861320,train
20181,39627865590861817,train
20178,39627865599248038,train
20180,39627865599248756,train
20145,39627865620223209,train
20144,39627865624415043,train
20362,39627865636999055,train
20350,39627865645387785,train
20347,39627865649580122,train
20358,39627865662163231,train
5315,39627865691523154,train
20264,39627865695717858,train
20266,39627865712493989,train
20297,39627865725080979,train
20300,39627865733467092,train
29932,39627865737658660,train
20290,39627865741853612,train
31922,39627865741853612,train
20292,39627865754437942,train
31925,39627865754437942,train
30923,39627865754439295,train
30924,39627865758632907,train
30916,39627865762827538,train
31910,39627865762827538,train
19825,39627865787994498,train
19792,39627865817353150,train
19788,39627865817354231,train
20651,39627865821548356,train
20649,39627865825740539,train
20647,39627865825741865,train
20645,39627865842519885,train
20646,39627865846715151,train
5413,39627865863489181,train
20549,39627865871879929,train
20538,39627865880268306,train
20518,39627865909628720,train
20578,39627865913822572,train
20573,39627865926402789,train
5425,39627865926405538,train
20566,39627865926405538,train
5426,39627865934790696,train
20562,39627865934792313,train
20560,39627865934794872,train
20567,39627865934795236,train
5428,39627865943179593,train
18799,39627865947376121,train
18808,39627865976735677,train
4851,39627866052235571,train
18891,39627866052235571,train
18880,39627866073204353,train
18904,39627866119343538,train
4858,39627866119344459,train
18909,39627866119344459,train
4859,39627866127730952,train
18913,39627866127730952,train
18915,39627866136118039,train
18507,39627866140312892,train
18512,39627866161285942,train
4659,39627866165481329,train
18479,39627866190645385,train
21605,39627866199034225,train
5660,39627866203227239,train
21606,39627866203227239,train
21592,39627866215814712,train
21593,39627866220003607,train
21598,39627866228393009,train
21601,39627866228393794,train
21409,39627866240975854,train
5645,39627866249365106,train
21435,39627866253558357,train
5646,39627866253558449,train
21434,39627866253558449,train
21413,39627866257753817,train
21427,39627866266144109,train
21420,39627866270341551,train
21369,39627866287116972,train
21466,39627866295502627,train
21465,39627866299695220,train
21445,39627866312279935,train
21443,39627866316472512,train
21462,39627866316477119,train
21464,39627866324864525,train
16020,39627866329056261,train
16018,39627866333252575,train
16022,39627866333252596,train
16023,39627866333254463,train
16017,39627866333254484,train
16043,39627866345834029,train
16026,39627866354224053,train
3447,39627866354226422,train
16037,39627866366806087,train
3450,39627866366806316,train
15988,39627866379389186,train
16279,39627866396169936,train
16280,39627866404555834,train
16274,39627866404557246,train
3540,39627866417137376,train
3485,39627866421332900,train
16142,39627866425524700,train
16147,39627866450692470,train
16109,39627866467469978,train
16112,39627866467470909,train
3475,39627866471662346,train
16107,39627866475857193,train
3502,39627866484247101,train
16193,39627866484247130,train
16166,39627866496831026,train
16170,39627866501022147,train
16187,39627866505219310,train
16178,39627866509413866,train
15451,39627866517801985,train
15454,39627866521994159,train
3248,39627866521994356,train
15445,39627866526187888,train
3258,39627866530384319,train
15485,39627866530385800,train
15476,39627866547163696,train
3254,39627866559743425,train
15473,39627866559743425,train
15480,39627866559743799,train
15413,39627866559745879,train
15412,39627866563938644,train
15409,39627866568131080,train
3235,39627866568133751,train
15410,39627866568133751,train
3236,39627866572325944,train
15411,39627866572325944,train
3694,39627866589104110,train
16729,39627866589104110,train
16734,39627866593296635,train
16519,39627866610076273,train
16520,39627866610078459,train
16517,39627866614272812,train
16530,39627866639436173,train
16529,39627866643629238,train
16522,39627866643630345,train
16536,39627866643631471,train
3613,39627866652020657,train
16476,39627866660407011,train
3599,39627866660410569,train
29883,39627866664600585,train
16468,39627866664601953,train
16467,39627866664603044,train
16575,39627866677183165,train
16571,39627866677183356,train
3627,39627866681378230,train
16586,39627866693964278,train
16585,39627866698155675,train
13710,39627866702351045,train
13704,39627866706546125,train
13707,39627866706548115,train
2526,39627866719126270,train
13732,39627866719130897,train
13711,39627866731711368,train
13716,39627866735907759,train
13728,39627866740100132,train
13657,39627866748488430,train
13660,39627866752680509,train
13654,39627866752683352,train
13659,39627866761068706,train
31526,39627866761068706,train
14147,39627866761071198,train
31575,39627866761071198,train
14143,39627866765262958,train
31572,39627866765262958,train
14148,39627866765266985,train
31573,39627866765266985,train
14110,39627866773656388,train
2675,39627866777849293,train
14111,39627866777850184,train
14117,39627866777850800,train
13917,39627866815595506,train
13907,39627866815596199,train
2600,39627866815597232,train
13913,39627866815597232,train
13889,39627866819793039,train
13898,39627866828182514,train
13896,39627866836569567,train
13821,39627866849149029,train
13958,39627866857540093,train
13959,39627866861735375,train
13956,39627866861736486,train
2608,39627866865930301,train
13955,39627866878509421,train
31558,39627866878509421,train
13947,39627866878512182,train
31551,39627866878512182,train
13934,39627866878512203,train
31550,39627866878512203,train
13954,39627866882707966,train
31553,39627866882707966,train
2613,39627866886900587,train
30737,39627866886900587,train
2262,39627866899482185,train
30689,39627866899482185,train
13031,39627866903679403,train
31468,39627866903679403,train
2276,39627866907870167,train
30702,39627866907870167,train
13026,39627866907872620,train
31472,39627866907872620,train
13030,39627866907874212,train
30701,39627866907874212,train
31469,39627866907874212,train
30694,39627866916259176,train
2265,39627866920455191,train
30698,39627866920455191,train
12998,39627866920455689,train
31461,39627866920455689,train
2275,39627866924648909,train
2271,39627866933039572,train
13019,39627866933039572,train
12952,39627866941427746,train
12954,39627866945619291,train
7153,39627866962397206,train
29597,39627866962400175,train
29610,39627866979174600,train
29616,39627866979174753,train
29618,39627866979177108,train
29604,39627866979177736,train
29584,39627866987563852,train
426,39627871366417418,train
7725,39627871387389163,train
7727,39627871391584695,train
7717,39627871399970144,train
7718,39627871399974590,train
7721,39627871412555632,train
7643,39627871429334202,train
7645,39627871433523646,train
7648,39627871441912754,train
410,39627871441916707,train
416,39627871454498948,train
7638,39627871454498951,train
415,39627871454498960,train
7635,39627871458694670,train
404,39627871467080728,train
25713,39627871471274446,train
6296,39627871496439757,train
25706,39627871496441843,train
25705,39627871500633137,train
25710,39627871504829254,train
6254,39627871525798059,train
25610,39627871525798059,train
25598,39627871538381521,train
25601,39627871538382933,train
6252,39627871546773623,train
25603,39627871550966540,train
6251,39627871550967070,train
25606,39627871550967070,train
25637,39627871563549405,train
25636,39627871563550983,train
25640,39627871567742505,train
25638,39627871567743064,train
25633,39627871571936074,train
25630,39627871592909085,train
5286,39627871626466548,train
20184,39627871626466548,train
20187,39627871630656173,train
5285,39627871639046753,train
20182,39627871643238493,train
20354,39627871685182831,train
20355,39627871689380396,train
20257,39627871701961140,train
20270,39627871706155487,train
20271,39627871706155494,train
5318,39627871706158946,train
5319,39627871710348473,train
20272,39627871718739626,train
20268,39627871727128074,train
20263,39627871727128690,train
20267,39627871739708816,train
20286,39627871773264978,train
31923,39627871773264978,train
20295,39627871777458555,train
31924,39627871777458555,train
30090,39627871781653546,train
30342,39627871794235260,train
31926,39627871794235260,train
30091,39627871794235344,train
30918,39627871806818236,train
19838,39627871819400689,train
19830,39627871823596347,train
19787,39627871844565303,train
19791,39627871844566955,train
20653,39627871852956341,train
20652,39627871852956848,train
20648,39627871857149423,train
5457,39627871857150335,train
20657,39627871861345969,train
20656,39627871865537345,train
5455,39627871873926271,train
20535,39627871890704609,train
20551,39627871899095337,train
20546,39627871915872136,train
20520,39627871936841273,train
20579,39627871945228645,train
4799,39627871987172960,train
18803,39627871987172960,train
4807,39627871999755053,train
18820,39627872003953886,train
18813,39627872012341106,train
4804,39627872016535790,train
18811,39627872016535790,train
18788,39627872033309879,train
18990,39627872058478376,train
18991,39627872066867656,train
18993,39627872075254084,train
18893,39627872100418070,train
18879,39627872100419535,train
4853,39627872104612168,train
18885,39627872108808089,train
4848,39627872108808366,train
18886,39627872108808366,train
18883,39627872121391132,train
4849,39627872125585910,train
4865,39627872129781974,train
4860,39627872167530746,train
18914,39627872171722619,train
18508,39627872171725828,train
18521,39627872175918943,train
4663,39627872184307021,train
18525,39627872184307021,train
18523,39627872188502221,train
18529,39627872192696042,train
4661,39627872201084474,train
18514,39627872201084474,train
21602,39627872238834296,train
21596,39627872255607777,train
21599,39627872259805852,train
21433,39627872272387553,train
21432,39627872289162856,train
21429,39627872293362245,train
21422,39627872297551882,train
21421,39627872301744888,train
5644,39627872305943987,train
21467,39627872322719974,train
21471,39627872335299922,train
21470,39627872335301362,train
21472,39627872339493057,train
21459,39627872343689863,train
21460,39627872347882224,train
21455,39627872352079012,train
16044,39627872373050978,train
3453,39627872394023197,train
16038,39627872394023197,train
16041,39627872394023440,train
15990,39627872410798945,train
16288,39627872414994448,train
16293,39627872414995229,train
16285,39627872444353765,train
16282,39627872452739297,train
16158,39627872469517775,train
16154,39627872482103740,train
16149,39627872486299366,train
3473,39627872503072901,train
16194,39627872507267887,train
16188,39627872511462000,train
16190,39627872515654623,train
16191,39627872519853295,train
16183,39627872545018102,train
15457,39627872574377597,train
15478,39627872582763159,train
15471,39627872582764852,train
15472,39627872582765114,train
15474,39627872591151742,train
16728,39627872620514044,train
16739,39627872624706494,train
3698,39627872624706728,train
16738,39627872624706728,train
16741,39627872624709513,train
16744,39627872628902277,train
3697,39627872637289445,train
16549,39627872645680539,train
3609,39627872645681098,train
16518,39627872645681098,train
30045,39627872645681098,train
3622,39627872654067914,train
16551,39627872654067914,train
16553,39627872654070716,train
16556,39627872658263483,train
16560,39627872662456919,train
16550,39627872666649547,train
16547,39627872666649556,train
16470,39627872691816748,train
16596,39627872696009059,train
29885,39627872700203168,train
16597,39627872700204301,train
16599,39627872708595945,train
3629,39627872729563916,train
2528,39627872742149771,train
13737,39627872746345026,train
13733,39627872750539195,train
2527,39627872758924268,train
13735,39627872758924268,train
13723,39627872763120762,train
13724,39627872763122393,train
13721,39627872767315061,train
13725,39627872767316733,train
13726,39627872771506536,train
14140,39627872788285736,train
31574,39627872788285736,train
13651,39627872788286543,train
31525,39627872788286543,train
14145,39627872796672496,train
31570,39627872796672496,train
2686,39627872805062174,train
14126,39627872813449539,train
14131,39627872817647251,train
2681,39627872821840103,train
14124,39627872821842248,train
2682,39627872826033223,train
13908,39627872834423201,train
13910,39627872847007944,train
13904,39627872851198084,train
13902,39627872859591410,train
2595,39627872872174379,train
13895,39627872876364288,train
2597,39627872876365587,train
13897,39627872876365587,train
13891,39627872880558594,train
13961,39627872888948506,train
13941,39627872901532975,train
13950,39627872909918560,train
31555,39627872909918560,train
2610,39627872914115016,train
13952,39627872914115016,train
30738,39627872914115016,train
31552,39627872914115016,train
31557,39627872918309476,train
13946,39627872922506706,train
31561,39627872922506706,train
13948,39627872926697102,train
31559,39627872926697102,train
2609,39627872926697160,train
13951,39627872926697160,train
30742,39627872926697160,train
31560,39627872926697160,train
2260,39627872926697752,train
12995,39627872926697752,train
30690,39627872926697752,train
31456,39627872926697752,train
2258,39627872926700240,train
12994,39627872926700240,train
30691,39627872926700240,train
31455,39627872926700240,train
13001,39627872951862351,train
31459,39627872951862351,train
13000,39627872951864542,train
13023,39627872951864702,train
13024,39627872956056252,train
13011,39627872960251069,train
2274,39627872964444582,train
13014,39627872964444957,train
2273,39627872964449979,train
13022,39627872968639157,train
2272,39627872968642888,train
13020,39627872972833214,train
13010,39627872972834757,train
13021,39627872972836043,train
29626,39627872985419910,train
29621,39627872989615481,train
29599,39627873002193219,train
29615,39627873010582575,train
29612,39627873010584025,train
29603,39627873014776453,train
29581,39627873023166469,train
7694,39627877385243323,train
7698,39627877389435686,train
7695,39627877389436053,train
7696,39627877393635346,train
427,39627877397827687,train
7724,39627877410407496,train
7726,39627877414606932,train
435,39627877418797573,train
433,39627877439768678,train
7733,39627877452353629,train
7737,39627877456544643,train
7642,39627877456547618,train
413,39627877490101174,train
7631,39627877490101174,train
7633,39627877490102360,train
25712,39627877506878812,train
25714,39627877523654097,train
6295,39627877527849400,train
25612,39627877553017010,train
25608,39627877557210426,train
6256,39627877561402295,train
25607,39627877561402316,train
25609,39627877561405358,train
25611,39627877565597421,train
6258,39627877569792393,train
25615,39627877569792393,train
25604,39627877578180293,train
25635,39627877603345393,train
6266,39627877620123700,train
25647,39627877620123700,train
6265,39627877624316321,train
6264,39627877624318812,train
25626,39627877624318812,train
25625,39627877628512293,train
25631,39627877636901365,train
20190,39627877653678783,train
20186,39627877662065054,train
5287,39627877662065820,train
20188,39627877662065820,train
20393,39627877687234100,train
20363,39627877704008004,train
20353,39627877716592194,train
5326,39627877720787723,train
20356,39627877720787723,train
20357,39627877720789449,train
20375,39627877733370293,train
20373,39627877733372717,train
20274,39627877741758026,train
20273,39627877741759693,train
20269,39627877745951649,train
5321,39627877754344522,train
20276,39627877758535249,train
5316,39627877771118165,train
20265,39627877771121303,train
5317,39627877775311529,train
20298,39627877783702826,train
31928,39627877825646719,train
19839,39627877838229932,train
19829,39627877855005338,train
19828,39627877859197806,train
19831,39627877867585700,train
20691,39627877871781349,train
20658,39627877884363538,train
20655,39627877884365910,train
20650,39627877888557178,train
5458,39627877892752985,train
20654,39627877892752986,train
5456,39627877909529665,train
5465,39627877922114236,train
20552,39627877934696215,train
20550,39627877938890461,train
5418,39627877951476584,train
20608,39627877968254268,train
20577,39627877976641896,train
20584,39627877993417138,train
20568,39627878001804527,train
20572,39627878001805623,train
20570,39627878005999742,train
20587,39627878014389502,train
18817,39627878022776942,train
18816,39627878047943118,train
18812,39627878052139361,train
19032,39627878060526150,train
4882,39627878094083582,train
18992,39627878098278019,train
19005,39627878110857760,train
18890,39627878115052233,train
4852,39627878115053220,train
18889,39627878127637695,train
18884,39627878152799016,train
18887,39627878152801564,train
4847,39627878152803010,train
18888,39627878152803010,train
18950,39627878161187235,train
4864,39627878161192039,train
18917,39627878161192039,train
18924,39627878207326251,train
18540,39627878224103476,train
18528,39627878224104963,train
18515,39627878245074533,train
18516,39627878245074679,train
21608,39627878257658986,train
5661,39627878257659377,train
21603,39627878261851402,train
5659,39627878291215243,train
21632,39627878295405535,train
21595,39627878295406143,train
5666,39627878303793643,train
21630,39627878303793643,train
21425,39627878337349402,train
21533,39627878345738771,train
5653,39627878349933419,train
21468,39627878358320306,train
21469,39627878366708106,train
21456,39627878383488040,train
21458,39627878383488336,train
21486,39627878396068158,train
16048,39627878396072074,train
16047,39627878404460113,train
16046,39627878412846800,train
16051,39627878417040800,train
16052,39627878417041465,train
16050,39627878421234169,train
16054,39627878421236020,train
3452,39627878429623854,train
16042,39627878429623854,train
16323,39627878442206562,train
16287,39627878454791108,train
16290,39627878458987097,train
16294,39627878463177046,train
16286,39627878467374113,train
16284,39627878471565816,train
3538,39627878471570170,train
3543,39627878488344024,train
16301,39627878488347357,train
16155,39627878513512619,train
16152,39627878521897406,train
16153,39627878526092091,train
3514,39627878534482222,train
16189,39627878551260903,train
16195,39627878551262469,train
3503,39627878555454867,train
16182,39627878563845041,train
16186,39627878563845094,train
16185,39627878572233179,train
16176,39627878576424414,train
16207,39627878580623498,train
15486,39627878589009536,train
15488,39627878597396492,train
3261,39627878605788383,train
15475,39627878609978729,train
16786,39627878630953219,train
3699,39627878643534201,train
3701,39627878651923160,train
16753,39627878651923160,train
16737,39627878668698707,train
16759,39627878672897633,train
3623,39627878681285632,train
16548,39627878681285632,train
30048,39627878681285632,train
3620,39627878689671164,train
16555,39627878689674454,train
16554,39627878689674478,train
3624,39627878698062628,train
16564,39627878702255697,train
3615,39627878706449557,train
16537,39627878714835368,train
16540,39627878714838090,train
16541,39627878719031498,train
16659,39627878719033475,train
16595,39627878727421513,train
16594,39627878731615414,train
16583,39627878748393819,train
16589,39627878756778164,train
16588,39627878756783723,train
16587,39627878760978050,train
16591,39627878765168529,train
13736,39627878790332548,train
13720,39627878798726154,train
2522,39627878802915390,train
13729,39627878807112206,train
2525,39627878807112283,train
14146,39627878819696771,train
30761,39627878819696923,train
2684,39627878828084884,train
14141,39627878828084884,train
30745,39627878828084884,train
31568,39627878828084884,train
14125,39627878844860856,train
31567,39627878844860856,train
14129,39627878849056780,train
14136,39627878857443267,train
14135,39627878857445496,train
14134,39627878857445680,train
14165,39627878861636887,train
14130,39627878861637854,train
2604,39627878886802239,train
13915,39627878886803214,train
13901,39627878899384895,train
2596,39627878903579283,train
13899,39627878903579283,train
13893,39627878907774872,train
2617,39627878911972248,train
13965,39627878911972248,train
2634,39627878916161604,train
14035,39627878916161604,train
2618,39627878920357909,train
2615,39627878924552617,train
13962,39627878924552617,train
13964,39627878928749637,train
13975,39627878932940373,train
13971,39627878937135451,train
13949,39627878941328797,train
31556,39627878941328797,train
2611,39627878941328865,train
13953,39627878941331372,train
31554,39627878941331372,train
2614,39627878949720219,train
30740,39627878949720219,train
13985,39627878958108594,train
31562,39627878958108594,train
13028,39627878970687841,train
31467,39627878970687841,train
13029,39627878970690261,train
31470,39627878970690261,train
13008,39627878987469734,train
13012,39627878991659461,train
13018,39627878991661209,train
13016,39627879000049576,train
29651,39627879004243281,train
29652,39627879004245291,train
7165,39627879008436625,train
7160,39627879016827906,train
29624,39627879016827906,train
29622,39627879021020123,train
7158,39627879025215467,train
7161,39627879025216109,train
29630,39627879025216109,train
7159,39627879025217121,train
29628,39627879029407776,train
29636,39627879029411038,train
29619,39627879033605147,train
29606,39627879041991070,train
29611,39627879041991421,train
29613,39627879041994732,train
29609,39627879046189733,train
7700,39627883399878194,train
7703,39627883412460826,train
7705,39627883412460836,train
7759,39627883429234782,train
7728,39627883446013108,train
7730,39627883458593170,train
7720,39627883471178776,train
7739,39627883479564889,train
7740,39627883479566046,train
7732,39627883479567158,train
417,39627883487958559,train
418,39627883496344823,train
7646,39627883496344823,train
7647,39627883496345526,train
419,39627883504734849,train
7654,39627883508925744,train
7652,39627883508926758,train
7651,39627883513122297,train
25736,39627883521513972,train
25734,39627883525706901,train
6307,39627883534091580,train
25732,39627883534091580,train
25715,39627883559257961,train
25716,39627883563451152,train
6299,39627883580228418,train
6255,39627883588620257,train
25617,39627883605393483,train
25668,39627883626366955,train
25669,39627883626369264,train
25666,39627883630564788,train
25632,39627883638950676,train
25642,39627883651534462,train
6268,39627883651535833,train
6263,39627883659920228,train
25627,39627883659920228,train
6262,39627883659925576,train
25629,39627883659925576,train
20189,39627883685087172,train
5333,39627883714446640,train
20399,39627883722837452,train
20370,39627883739613898,train
20367,39627883748001799,train
20359,39627883752197163,train
20352,39627883752197202,train
5328,39627883760584193,train
20374,39627883760584193,train
20376,39627883768974773,train
5327,39627883768975932,train
5320,39627883789944755,train
20325,39627883815112941,train
20296,39627883823501220,train
19840,39627883873831231,train
19846,39627883878027874,train
19850,39627883878028245,train
19849,39627883886415199,train
19848,39627883890606443,train
19833,39627883894801949,train
20696,39627883898998020,train
20699,39627883911578137,train
20663,39627883932550167,train
5462,39627883932551708,train
20662,39627883932551898,train
20667,39627883949327567,train
5466,39627883957715772,train
5424,39627883978687800,train
20557,39627883978687800,train
5423,39627883978689016,train
5419,39627883987078819,train
20548,39627883991272419,train
5417,39627883991272436,train
20604,39627883995465216,train
20609,39627883995466826,train
5430,39627884012244276,train
20580,39627884012244276,train
20586,39627884020631633,train
20583,39627884024825115,train
5434,39627884029020662,train
20569,39627884037407287,train
4808,39627884070962828,train
18821,39627884075158298,train
18815,39627884079352165,train
18814,39627884079352708,train
4892,39627884091933280,train
19033,39627884091933280,train
18994,39627884108714059,train
18999,39627884112907113,train
18997,39627884121294505,train
18896,39627884167433364,train
4855,39627884171627520,train
18956,39627884188401901,train
18954,39627884192598748,train
18916,39627884196792531,train
18919,39627884205180897,train
4867,39627884209373788,train
4862,39627884221961013,train
18928,39627884230345826,train
18522,39627884247122260,train
18535,39627884263899634,train
18530,39627884263901501,train
21670,39627884280677479,train
21665,39627884284872612,train
21666,39627884289066547,train
21661,39627884289067926,train
21604,39627884293260657,train
5663,39627884297453631,train
5662,39627884297454198,train
21609,39627884297454684,train
21620,39627884301650698,train
21615,39627884301650955,train
21613,39627884305842543,train
21612,39627884305844000,train
21617,39627884314232933,train
21597,39627884318428201,train
21631,39627884326815713,train
5667,39627884335204462,train
21629,39627884335204462,train
5668,39627884335206405,train
21628,39627884335207252,train
21437,39627884347788992,train
21441,39627884351981267,train
21438,39627884351981287,train
5650,39627884360370846,train
21424,39627884364563220,train
21423,39627884364565592,train
21531,39627884372955019,train
21532,39627884377149133,train
21527,39627884381341726,train
21480,39627884398117478,train
21478,39627884406505970,train
21461,39627884410703687,train
21454,39627884414897884,train
21483,39627884419091609,train
21482,39627884419091611,train
21481,39627884427478935,train
16049,39627884440062183,train
16056,39627884448451010,train
16039,39627884465225748,train
16318,39627884473616516,train
3492,39627884536532329,train
16162,39627884540727990,train
3494,39627884549116646,train
16151,39627884557501373,train
3515,39627884565893565,train
16230,39627884565893565,train
16201,39627884582669505,train
16177,39627884607832280,train
3500,39627884607832285,train
3506,39627884620415371,train
15489,39627884632999819,train
3263,39627884637193187,train
15492,39627884637193187,train
3262,39627884637197466,train
3256,39627884649776093,train
15482,39627884649776093,train
16790,39627884653972630,train
3724,39627884666555539,train
16785,39627884666555539,train
16752,39627884679138374,train
16758,39627884691718541,train
30049,39627884691718541,train
16762,39627884712690341,train
16761,39627884712693552,train
30052,39627884712693552,train
16558,39627884721083441,train
16557,39627884721083491,train
30047,39627884721083491,train
16567,39627884737858137,train
16544,39627884737860745,train
16655,39627884750440510,train
29886,39627884750440510,train
3662,39627884754633907,train
16657,39627884758828814,train
16605,39627884767220927,train
16598,39627884767220966,train
3634,39627884767221453,train
16603,39627884767221453,train
16602,39627884771413663,train
3633,39627884775604352,train
16608,39627884779803320,train
16610,39627884783996748,train
16590,39627884792381492,train
3640,39627884796579216,train
3644,39627884800772535,train
16621,39627884800772535,train
16611,39627884800772887,train
16618,39627884800774486,train
3641,39627884809162734,train
13734,39627884809164121,train
13745,39627884817550273,train
2531,39627884817552751,train
13742,39627884817552755,train
13741,39627884817553379,train
13747,39627884825939461,train
13739,39627884830133314,train
13738,39627884830134891,train
2529,39627884830135590,train
13740,39627884830135631,train
13722,39627884834325645,train
13730,39627884834329188,train
31528,39627884834329188,train
2524,39627884834330083,train
30730,39627884834330083,train
2712,39627884846911417,train
14205,39627884846911417,train
30768,39627884846911417,train
31598,39627884846911417,train
14220,39627884855297066,train
31593,39627884855297066,train
2711,39627884855298666,train
14206,39627884855298666,train
30762,39627884855298666,train
31595,39627884855298666,train
14207,39627884855299837,train
31594,39627884855299837,train
2689,39627884867881465,train
30751,39627884867881465,train
2690,39627884867881840,train
14156,39627884867881840,train
30750,39627884867881840,train
31586,39627884867881840,train
2695,39627884872075876,train
30754,39627884872075876,train
30755,39627884876271878,train
13905,39627884905632546,train
2601,39627884909824744,train
13916,39627884909824744,train
13920,39627884914016547,train
13932,39627884918211966,train
13924,39627884918215857,train
13925,39627884922406404,train
13919,39627884926600771,train
2599,39627884930797017,train
13900,39627884930799449,train
14037,39627884943381162,train
14038,39627884947571794,train
14036,39627884951769448,train
2616,39627884951769688,train
13960,39627884951769688,train
13963,39627884955961205,train
13957,39627884955963143,train
13983,39627884964348565,train
13969,39627884968542328,train
13972,39627884972739076,train
13984,39627884985322594,train
31566,39627884985322594,train
13039,39627885006294733,train
13032,39627885010490198,train
13042,39627885010491516,train
13041,39627885014681647,train
13035,39627885018875249,train
13033,39627885023068358,train
13009,39627885023069873,train
13040,39627885023071594,train
7168,39627885035652850,train
29657,39627885039850255,train
29654,39627885044040647,train
29647,39627885044041618,train
29625,39627885048234700,train
29627,39627885052429443,train
29639,39627885060820772,train
29629,39627885060821966,train
29642,39627885065012393,train
29637,39627885065012410,train
29607,39627885069209285,train
29633,39627885069210225,train
29617,39627885073401896,train
7800,39627889414509885,train
7801,39627889431282001,train
430,39627889439674767,train
7758,39627889464839119,train
448,39627889477423524,train
438,39627889490004167,train
7729,39627889498392967,train
7738,39627889506783683,train
7743,39627889515170174,train
439,39627889515170470,train
7734,39627889519366368,train
7656,39627889531949547,train
7650,39627889536139848,train
7649,39627889536142169,train
421,39627889536145732,train
420,39627889540338206,train
25733,39627889552921022,train
6309,39627889565503931,train
25735,39627889565503931,train
6300,39627889607444067,train
25718,39627889607444067,train
25719,39627889607446555,train
25720,39627889620027532,train
25619,39627889624221991,train
25620,39627889628418529,train
25616,39627889632610627,train
6257,39627889636805695,train
6280,39627889645194382,train
6279,39627889649390193,train
25665,39627889657776461,train
25653,39627889691329196,train
25650,39627889695525265,train
6271,39627889695527528,train
25648,39627889699720062,train
25652,39627889703913119,train
20195,39627889720693096,train
5289,39627889724885349,train
20192,39627889724885950,train
20396,39627889754243559,train
20369,39627889766829517,train
20365,39627889775217448,train
20366,39627889775218496,train
20371,39627889796188386,train
5322,39627889821353293,train
20281,39627889821353293,train
20278,39627889821356637,train
20301,39627889863295708,train
20304,39627889884269544,train
20311,39627889905239482,train
19841,39627889909434981,train
19853,39627889909437092,train
19851,39627889913627410,train
19847,39627889913628119,train
19844,39627889917823099,train
19845,39627889917825976,train
20695,39627889934600664,train
20693,39627889934602849,train
20698,39627889938795758,train
20689,39627889942987832,train
20703,39627889951378413,train
5461,39627889959768193,train
5459,39627889968152831,train
20659,39627889968156592,train
20666,39627889976546437,train
5463,39627889980740176,train
20670,39627889984932217,train
20668,39627889984934407,train
20610,39627890026875468,train
5441,39627890043651558,train
5444,39627890043652995,train
20585,39627890060432357,train
5431,39627890064621983,train
20581,39627890064621983,train
19034,39627890114954298,train
19029,39627890119149523,train
19028,39627890119149853,train
19031,39627890127540146,train
4884,39627890140122647,train
18998,39627890156900128,train
4886,39627890165288865,train
19006,39627890173673867,train
19003,39627890173677861,train
19001,39627890177867862,train
19002,39627890182064295,train
19011,39627890186258059,train
4856,39627890186258564,train
18899,39627890186258564,train
18900,39627890190453238,train
18897,39627890198842443,train
18902,39627890203034060,train
18898,39627890203035267,train
18895,39627890203037675,train
18952,39627890215616697,train
18951,39627890224005691,train
18949,39627890228202843,train
18920,39627890232397411,train
4866,39627890236591513,train
18923,39627890244978048,train
18929,39627890261755985,train
18930,39627890265949308,train
4665,39627890282729383,train
18533,39627890282729383,train
18536,39627890282730161,train
18539,39627890295310348,train
5670,39627890316283116,train
5671,39627890320474446,train
21668,39627890320474446,train
5672,39627890320478443,train
21672,39627890328864420,train
21614,39627890337252115,train
21619,39627890345641097,train
21618,39627890345644065,train
21623,39627890354029316,train
21633,39627890362417753,train
21625,39627890362419145,train
5655,39627890395973535,train
21528,39627890400167812,train
21529,39627890404362051,train
21525,39627890412752592,train
21526,39627890412753362,train
21534,39627890412753380,train
21479,39627890425332427,train
21476,39627890433724276,train
21474,39627890433724900,train
21488,39627890454694954,train
21487,39627890458887549,train
21484,39627890467277074,train
16055,39627890475663786,train
16053,39627890479859384,train
16057,39627890484054178,train
16320,39627890496634960,train
16299,39627890521803536,train
3546,39627890563745129,train
16304,39627890563745676,train
3493,39627890567940052,train
16159,39627890567940052,train
16160,39627890567942794,train
16161,39627890572136877,train
16165,39627890576328958,train
16229,39627890593107984,train
16200,39627890618275258,train
16198,39627890626662554,train
16196,39627890626663633,train
16219,39627890630857966,train
16204,39627890639243406,train
3508,39627890647633330,train
3507,39627890647634335,train
16214,39627890656022629,train
15493,39627890660214197,train
15491,39627890668601689,train
16800,39627890681185046,train
16788,39627890697961601,train
16787,39627890697961830,train
16756,39627890706353369,train
16754,39627890710545353,train
16757,39627890727323001,train
3703,39627890744102645,train
3702,39627890744102701,train
16768,39627890748296170,train
30054,39627890748296170,train
3626,39627890760876987,train
16566,39627890760876988,train
16565,39627890765071865,train
16562,39627890765072297,train
3625,39627890765073460,train
16563,39627890769265542,train
3661,39627890777656082,train
29887,39627890777656082,train
16662,39627890790237034,train
16661,39627890790240995,train
3636,39627890798627865,train
3632,39627890798629322,train
16601,39627890798629322,train
16600,39627890802819149,train
3635,39627890802823256,train
16607,39627890802823256,train
16609,39627890807013892,train
3648,39627890823793323,train
16619,39627890823793323,train
16620,39627890823794286,train
16612,39627890827986474,train
3639,39627890832183297,train
16622,39627890832183297,train
16623,39627890836377333,train
16615,39627890836378844,train
3643,39627890844763750,train
2532,39627890861541572,train
13746,39627890865735497,train
30731,39627890865735497,train
31529,39627890865735497,train
14208,39627890869932228,train
31605,39627890869932228,train
14211,39627890874126460,train
30767,39627890874126460,train
31599,39627890874126460,train
14209,39627890874126682,train
30765,39627890874126682,train
31608,39627890874126682,train
14210,39627890878316912,train
31602,39627890878316912,train
14215,39627890878319235,train
31603,39627890878319235,train
31610,39627890886705598,train
14221,39627890886708283,train
31597,39627890886708283,train
14152,39627890895096396,train
31584,39627890895096396,train
14149,39627890899292046,train
31585,39627890899292046,train
14157,39627890903485549,train
31580,39627890903485549,train
14159,39627890907679071,train
31576,39627890907679071,train
14151,39627890911874714,train
31582,39627890911874714,train
2700,39627890916065650,train
14184,39627890916065650,train
30759,39627890916065650,train
14192,39627890916068242,train
14163,39627890916068435,train
14166,39627890920263531,train
14168,39627890932846083,train
13930,39627890941233986,train
14179,39627890941234542,train
13921,39627890949620483,train
2605,39627890953815623,train
13928,39627890958009205,train
14029,39627890966399613,train
2636,39627890966399951,train
2632,39627890966400712,train
14040,39627890966400712,train
14028,39627890983176441,train
14033,39627890983177145,train
13973,39627890991564892,train
13981,39627890991566583,train
13979,39627890995759208,train
13967,39627890999952187,train
13982,39627890999954701,train
2621,39627891016729519,train
2622,39627891025118434,train
2623,39627891025120376,train
13990,39627891025123287,train
13997,39627891033507052,train
14002,39627891033509369,train
13037,39627891041898844,train
29659,39627891062867573,train
29648,39627891067063965,train
29655,39627891067064193,train
29666,39627891079643211,train
7162,39627891083837593,train
29631,39627891083837593,train
7163,39627891088037238,train
29640,39627891100615504,train
29632,39627891100616012,train
7768,39627895487862332,train
7760,39627895496246317,train
437,39627895521411572,train
7741,39627895542385360,train
7742,39627895542389050,train
7747,39627895550776139,train
7746,39627895554967170,train
7655,39627895563360645,train
25748,39627895575939491,train
6308,39627895584330530,train
6298,39627895609496132,train
25725,39627895626270197,train
6278,39627895684989962,train
25667,39627895684991797,train
25674,39627895693383169,train
25646,39627895701771055,train
25657,39627895710159682,train
6270,39627895731130881,train
25651,39627895731130881,train
20193,39627895756296030,train
20403,39627895760488491,train
20394,39627895777264450,train
20397,39627895781459538,train
5336,39627895781462912,train
20364,39627895802429591,train
20383,39627895806628191,train
20372,39627895827595900,train
20282,39627895840182505,train
20280,39627895844377243,train
20279,39627895848567501,train
20332,39627895882122335,train
20331,39627895882125562,train
20302,39627895894704863,train
19842,39627895945036632,train
20697,39627895966007666,train
20694,39627895970201819,train
20702,39627895970203189,train
20664,39627895986979961,train
20683,39627895995369887,train
20665,39627896012148481,train
5467,39627896016341718,train
5468,39627896024728252,train
20675,39627896024728252,train
5470,39627896028925123,train
20673,39627896028925123,train
20558,39627896028925422,train
20554,39627896041506998,train
20619,39627896041507156,train
20621,39627896041509517,train
20617,39627896041509543,train
5440,39627896062480366,train
20603,39627896062480366,train
20597,39627896100226581,train
20590,39627896121198609,train
18823,39627896129587301,train
4893,39627896137975009,train
19037,39627896137975009,train
19000,39627896175725740,train
19019,39627896188309814,train
19020,39627896188310554,train
4889,39627896192502184,train
19004,39627896196696238,train
4885,39627896196696273,train
19008,39627896217670012,train
18965,39627896230251561,train
18966,39627896234443579,train
4872,39627896242833690,train
4873,39627896251221958,train
18958,39627896263803559,train
18922,39627896268000503,train
4870,39627896288970093,train
18939,39627896288970093,train
18926,39627896293165406,train
18927,39627896297360228,train
18925,39627896301554472,train
18537,39627896318329183,train
18531,39627896318333921,train
18534,39627896322524374,train
18538,39627896322524738,train
21687,39627896326720196,train
21664,39627896339303045,train
21667,39627896343498542,train
21675,39627896360274614,train
21616,39627896364467476,train
5665,39627896368661203,train
21621,39627896372855099,train
21641,39627896398023027,train
21637,39627896406412993,train
21439,39627896414800252,train
21548,39627896423186680,train
21547,39627896423187820,train
21536,39627896452551530,train
21475,39627896460939025,train
21473,39627896460939588,train
21485,39627896481909328,train
21489,39627896486103708,train
3455,39627896502881072,train
16324,39627896528045880,train
16295,39627896557407126,train
3542,39627896561599338,train
16298,39627896561599338,train
16312,39627896569988615,train
16315,39627896569990060,train
16308,39627896590963646,train
3491,39627896595154795,train
16163,39627896595154795,train
16164,39627896599349731,train
16231,39627896628708571,train
16236,39627896632903047,train
16239,39627896632905334,train
3518,39627896637096456,train
16240,39627896637096965,train
3504,39627896641295572,train
16197,39627896645486944,train
16203,39627896649684835,train
16213,39627896679044405,train
16215,39627896687429269,train
3725,39627896712597016,train
3726,39627896725178529,train
16789,39627896725178529,train
16795,39627896737760201,train
16779,39627896746151132,train
16771,39627896750343685,train
16780,39627896758732561,train
3704,39627896767122064,train
16766,39627896771318047,train
3705,39627896775508074,train
16769,39627896779703029,train
3711,39627896779705489,train
16764,39627896779705489,train
16678,39627896796482478,train
16681,39627896800674758,train
16680,39627896804869852,train
16683,39627896804870961,train
16674,39627896804870965,train
16663,39627896809064886,train
3659,39627896809064904,train
29888,39627896809064904,train
3660,39627896813259755,train
16660,39627896817452998,train
16673,39627896821646783,train
3664,39627896821650898,train
3665,39627896830036943,train
16668,39627896830036943,train
16644,39627896842619098,train
16642,39627896851006383,train
3642,39627896859400114,train
16613,39627896859400114,train
16616,39627896867784232,train
3650,39627896867785003,train
16631,39627896867787228,train
3652,39627896871977235,train
14234,39627896892952907,train
31623,39627896892952907,train
2713,39627896905531972,train
14212,39627896905531972,train
30769,39627896905531972,train
31611,39627896905531972,train
14217,39627896905534128,train
30763,39627896905534128,train
31600,39627896905534128,train
2714,39627896905535300,train
14214,39627896905535300,train
30764,39627896905535300,train
31607,39627896905535300,train
14213,39627896909727084,train
31609,39627896909727084,train
14204,39627896909727534,train
31606,39627896909727534,train
14228,39627896913922151,train
31614,39627896913922151,train
14226,39627896918114678,train
31615,39627896918114678,train
14227,39627896918116793,train
31613,39627896918116793,train
14225,39627896918116901,train
31612,39627896918116901,train
2692,39627896930698802,train
14155,39627896930698802,train
30747,39627896930698802,train
31579,39627896930698802,train
14153,39627896930700960,train
31578,39627896930700960,train
2693,39627896930701280,train
30748,39627896930701280,train
14160,39627896934892149,train
31583,39627896934892149,train
2701,39627896934896747,train
30758,39627896934896747,train
14191,39627896947475467,train
14167,39627896955865830,train
14181,39627896964252476,train
14169,39627896968446128,train
14172,39627896968449620,train
13923,39627896976836606,train
13929,39627896976838773,train
13926,39627896985223849,train
14051,39627896985226496,train
2650,39627896997807849,train
14034,39627896997809014,train
2633,39627896997810779,train
14030,39627896997810779,train
14044,39627897010391260,train
14047,39627897010392230,train
14045,39627897014584502,train
13978,39627897018780311,train
2620,39627897027166631,train
13976,39627897027166631,train
14012,39627897039750280,train
14011,39627897039752627,train
14010,39627897043945153,train
13987,39627897043947030,train
14004,39627897056528216,train
13996,39627897060720873,train
14001,39627897060723434,train
13034,39627897073304170,train
29675,39627897077501460,train
29678,39627897085891111,train
29679,39627897090082010,train
7169,39627897090084233,train
7170,39627897090085461,train
29673,39627897090085461,train
29649,39627897094277913,train
7166,39627897094279560,train
29650,39627897094279560,train
29667,39627897102668331,train
29634,39627897119441179,train
29641,39627897123639050,train
29644,39627897132024633,train
7804,39627901481518620,train
7806,39627901489910589,train
7770,39627901502490396,train
452,39627901506683945,train
449,39627901523463679,train
7764,39627901531851735,train
7756,39627901565408582,train
7744,39627901569598658,train
25743,39627901590576417,train
25741,39627901598959470,train
25744,39627901607348846,train
25746,39627901607350941,train
6310,39627901624128708,train
25738,39627901624128708,train
25739,39627901628320071,train
6303,39627901649290478,train
25728,39627901661872897,train
6301,39627901678652495,train
25722,39627901678652495,train
25679,39627901687041208,train
6282,39627901691234338,train
6281,39627901716402088,train
25670,39627901716402088,train
25671,39627901720593794,train
6273,39627901749954546,train
20405,39627901796089993,train
20402,39627901796094687,train
20404,39627901796094967,train
5338,39627901800285437,train
20406,39627901800285437,train
20380,39627901850619271,train
20379,39627901859006004,train
20283,39627901871591300,train
20330,39627901913533760,train
20315,39627901926114094,train
20316,39627901938699509,train
20309,39627901951283837,train
19843,39627901963866074,train
20701,39627902010000822,train
20661,39627902014194950,train
20681,39627902014196256,train
20680,39627902014196634,train
20677,39627902018389643,train
5469,39627902047750064,train
20671,39627902047750995,train
20676,39627902056136957,train
20620,39627902081302605,train
20612,39627902093889812,train
20613,39627902102276752,train
5436,39627902119053924,train
20599,39627902123246728,train
20593,39627902140026630,train
4894,39627902156801626,train
4883,39627902202939257,train
18996,39627902202939257,train
19021,39627902215525158,train
4888,39627902219716407,train
19022,39627902219716407,train
19023,39627902223911793,train
19014,39627902228107516,train
19015,39627902232298162,train
4887,39627902244882057,train
18959,39627902278436440,train
18961,39627902282629244,train
18962,39627902282631034,train
18963,39627902286823709,train
18940,39627902307795173,train
4871,39627902316187846,train
18933,39627902328767306,train
4868,39627902332965276,train
18931,39627902332965276,train
18936,39627902337155852,train
21686,39627902345545950,train
21683,39627902349740771,train
21685,39627902362325457,train
21663,39627902362325486,train
21681,39627902370709811,train
21678,39627902370710176,train
21673,39627902387489064,train
21644,39627902408461763,train
21635,39627902412658096,train
5656,39627902437820700,train
21551,39627902442018228,train
21552,39627902450403951,train
21540,39627902462986376,train
21537,39627902471373961,train
21541,39627902471375257,train
21503,39627902492345704,train
21509,39627902492348712,train
21511,39627902496539787,train
21507,39627902500733234,train
21505,39627902500734692,train
21504,39627902500735588,train
21499,39627902509125209,train
21492,39627902517513394,train
21497,39627902517513624,train
21498,39627902521705723,train
21493,39627902521705829,train
16338,39627902530097963,train
16342,39627902538483637,train
16322,39627902551068497,train
16327,39627902563650637,train
16334,39627902567844511,train
16326,39627902572037199,train
16325,39627902572039941,train
16311,39627902584622241,train
16314,39627902588817990,train
16300,39627902597205114,train
16302,39627902601398224,train
16305,39627902605592420,train
3548,39627902605593030,train
16306,39627902605593030,train
3547,39627902609787686,train
3522,39627902634953186,train
16242,39627902634953186,train
16243,39627902639149483,train
16234,39627902651728142,train
16235,39627902651729834,train
16241,39627902668507770,train
16233,39627902668508525,train
16202,39627902672701222,train
16217,39627902681089904,train
3512,39627902681091379,train
16221,39627902689477742,train
3511,39627902693673474,train
16216,39627902693673474,train
3509,39627902697870938,train
16209,39627902697870938,train
3510,39627902706253996,train
16212,39627902706253996,train
16804,39627902718841025,train
16805,39627902723032206,train
16801,39627902727230076,train
16803,39627902735616569,train
16796,39627902752391581,train
3727,39627902752393379,train
3718,39627902769169270,train
30050,39627902769169521,train
16778,39627902769172136,train
16777,39627902773363905,train
30057,39627902773363905,train
16782,39627902773366674,train
3719,39627902773366715,train
30056,39627902781755515,train
16783,39627902785948400,train
16772,39627902785948711,train
16770,39627902802725333,train
16675,39627902815310649,train
16676,39627902819500097,train
16679,39627902823698999,train
16656,39627902836279896,train
16666,39627902840472570,train
16669,39627902840474816,train
16671,39627902853057080,train
16670,39627902853058638,train
3676,39627902857253847,train
16694,39627902857253847,train
16634,39627902865641365,train
3657,39627902874026057,train
16645,39627902874026057,train
3656,39627902874026937,train
16637,39627902874026937,train
16643,39627902874029031,train
16633,39627902882414963,train
16624,39627902886609701,train
3653,39627902894998471,train
16626,39627902894998471,train
3654,39627902895000039,train
3649,39627902895000056,train
16628,39627902899194918,train
3651,39627902903389047,train
16632,39627902903389047,train
16630,39627902903390279,train
13743,39627902907581140,train
2721,39627902907585117,train
14235,39627902924358245,train
31626,39627902924358245,train
30780,39627902924358996,train
30770,39627902936942832,train
2716,39627902945329287,train
14229,39627902945329287,train
30777,39627902945329287,train
31621,39627902945329287,train
30779,39627902945330266,train
30778,39627902945331828,train
30775,39627902945332147,train
30776,39627902949525409,train
14154,39627902953721050,train
31577,39627902953721050,train
2694,39627902953721978,train
30746,39627902953721978,train
2698,39627902957912300,train
14188,39627902957912300,train
30757,39627902957912300,train
31591,39627902957912300,train
2699,39627902957912827,train
30760,39627902957912827,train
14193,39627902970495826,train
14189,39627902970498042,train
14190,39627902970498538,train
14185,39627902970499242,train
14174,39627902987272531,train
14183,39627902987273530,train
14176,39627902991471367,train
2647,39627902999859068,train
14050,39627902999859070,train
13927,39627902999859313,train
13931,39627902999860283,train
2646,39627902999860359,train
2648,39627903008247359,train
2649,39627903008247665,train
14054,39627903008247665,train
2644,39627903012439216,train
14052,39627903012440436,train
2651,39627903020827040,train
14055,39627903020827040,train
14046,39627903025025113,train
2640,39627903033410475,train
14043,39627903045996345,train
2658,39627903050187080,train
14017,39627903054385375,train
2625,39627903062774696,train
14013,39627903062774696,train
14009,39627903066966255,train
14018,39627903066967256,train
13998,39627903079551472,train
13995,39627903079552929,train
7181,39627903096325660,train
7172,39627903096326858,train
29668,39627903113101520,train
29669,39627903117298087,train
29663,39627903129879900,train
466,39627907496152616,train
7803,39627907500345821,train
7805,39627907508734625,train
453,39627907525513741,train
7771,39627907525513741,train
451,39627907546483595,train
7765,39627907546483595,train
457,39627907563261816,train
7774,39627907567453492,train
7749,39627907592619624,train
7750,39627907592622916,train
7745,39627907605203827,train
25742,39627907630367014,train
25747,39627907630367054,train
25745,39627907630368633,train
25749,39627907630369505,train
25755,39627907638756286,train
25750,39627907638758630,train
25740,39627907651341826,train
25761,39627907659727450,train
25724,39627907672310007,train
25721,39627907689091294,train
6302,39627907693285452,train
25677,39627907710061776,train
25678,39627907714255568,train
6283,39627907718451945,train
25675,39627907743618503,train
25673,39627907747807630,train
25685,39627907752005393,train
25688,39627907752006315,train
25658,39627907777170669,train
6336,39627907802338366,train
20407,39627907814919305,train
20401,39627907835890024,train
20411,39627907844278616,train
20387,39627907852668886,train
20384,39627907856860446,train
20386,39627907865251458,train
20428,39627907886224639,train
20328,39627907928167059,train
20313,39627907953329132,train
20314,39627907953330644,train
20317,39627907961717875,train
20323,39627907961720568,train
20307,39627907970109581,train
20305,39627907982692131,train
20308,39627907982692893,train
20957,39627907986882949,train
20711,39627907995271493,train
20710,39627908003662716,train
20713,39627908012051342,train
5480,39627908016247048,train
20707,39627908020439915,train
20708,39627908028827899,train
5481,39627908028828073,train
20716,39627908037217423,train
5471,39627908041408729,train
20719,39627908041409685,train
20672,39627908066577661,train
20674,39627908070770671,train
5488,39627908083352785,train
20623,39627908104323831,train
5442,39627908108520466,train
20616,39627908108520466,train
20615,39627908112716032,train
20611,39627908112716235,train
20614,39627908125297607,train
20596,39627908133685635,train
5438,39627908150465117,train
20806,39627908175630880,train
19038,39627908184015248,train
19036,39627908196600639,train
19013,39627908251129139,train
19009,39627908263709407,train
18967,39627908284683278,train
18944,39627908343399230,train
18938,39627908351788900,train
18932,39627908351792585,train
18935,39627908355984160,train
18934,39627908355984407,train
21943,39627908360176794,train
21939,39627908360178811,train
21689,39627908376954579,train
21691,39627908376956205,train
21680,39627908397924393,train
5673,39627908397926481,train
21676,39627908397926481,train
21709,39627908410510752,train
21704,39627908410510943,train
21648,39627908414706412,train
21645,39627908423094495,train
21643,39627908427289811,train
21658,39627908435677625,train
21636,39627908444064472,train
21642,39627908444066475,train
21639,39627908448256341,train
21640,39627908448259932,train
21545,39627908465038460,train
21543,39627908469233397,train
21550,39627908473424957,train
21535,39627908490204228,train
21572,39627908506980302,train
21501,39627908511173191,train
21500,39627908519560781,train
21506,39627908519564595,train
21508,39627908523755110,train
21512,39627908532143380,train
21523,39627908532146869,train
21513,39627908532147218,train
21491,39627908540531749,train
21829,39627908548920212,train
16341,39627908557311226,train
16340,39627908557311825,train
16337,39627908561502319,train
16336,39627908561503768,train
16344,39627908578281777,train
16333,39627908582474963,train
16328,39627908586670004,train
16329,39627908586670306,train
16331,39627908590864720,train
16335,39627908599251778,train
16358,39627908599255657,train
16352,39627908603448044,train
16313,39627908607639726,train
16307,39627908645388501,train
16373,39627908645391167,train
16245,39627908653779085,train
3523,39627908662166154,train
3520,39627908662167280,train
3527,39627908670554917,train
16246,39627908670557918,train
16238,39627908683142238,train
16260,39627908691527082,train
16259,39627908691530047,train
16218,39627908699918229,train
17044,39627908737668879,train
3932,39627908741862465,train
17049,39627908741862465,train
17043,39627908741862892,train
16802,39627908750251464,train
16807,39627908754445628,train
16812,39627908762830246,train
16816,39627908767028203,train
16799,39627908767028279,train
3732,39627908771222782,train
3729,39627908775413181,train
16793,39627908775413219,train
3730,39627908775413622,train
16797,39627908775414065,train
16794,39627908779606892,train
3734,39627908779609640,train
16798,39627908779609640,train
3740,39627908783802750,train
3716,39627908800578649,train
16773,39627908800578649,train
16775,39627908800580269,train
30058,39627908800580269,train
3713,39627908804774545,train
16784,39627908808970626,train
30062,39627908813163694,train
3709,39627908817356368,train
30053,39627908817356368,train
3670,39627908838327370,train
3668,39627908842523877,train
3669,39627908850910098,train
16665,39627908867687305,train
3663,39627908871881498,train
16672,39627908871881498,train
16693,39627908880270158,train
16667,39627908880270689,train
3678,39627908880272416,train
3677,39627908884467765,train
3658,39627908888660043,train
16635,39627908892854128,train
16636,39627908897047825,train
16641,39627908901242860,train
3778,39627908926409412,train
16874,39627908926410570,train
16873,39627908930605812,train
14238,39627908938990500,train
31629,39627908938990500,train
30783,39627908938991282,train
31630,39627908938991282,train
14233,39627908938991834,train
31627,39627908938991834,train
31632,39627908938994033,train
2720,39627908943187024,train
30781,39627908943187024,train
31625,39627908943187024,train
14232,39627908943188111,train
31628,39627908943188111,train
14248,39627908951577054,train
31639,39627908951577054,train
2717,39627908959962955,train
30771,39627908959962955,train
2718,39627908959965584,train
30772,39627908959965584,train
30773,39627908968350149,train
31619,39627908968350149,train
2715,39627908972547187,train
14230,39627908972547187,train
30774,39627908972547187,train
31620,39627908972547187,train
14254,39627908980934908,train
31650,39627908980934908,train
14255,39627908980935379,train
31651,39627908980935379,train
14256,39627908980935792,train
31657,39627908980935792,train
31592,39627908985128627,train
14186,39627908989324798,train
2704,39627909001905690,train
2706,39627909001907371,train
14198,39627909001907871,train
14178,39627909006101098,train
14182,39627909010298307,train
14177,39627909014487799,train
14175,39627909018682633,train
14171,39627909018682649,train
14056,39627909035458940,train
14053,39627909035459213,train
14049,39627909039656554,train
14048,39627909056430497,train
14041,39627909060624970,train
14068,39627909069013743,train
14078,39627909073207608,train
14005,39627909077403640,train
14006,39627909081597467,train
14007,39627909089986200,train
14015,39627909089989965,train
2629,39627909094181511,train
13999,39627909098376874,train
13993,39627909102567469,train
29701,39627909110959609,train
29671,39627909127734169,train
29672,39627909127735321,train
29674,39627909131931419,train
29665,39627909148709558,train
29661,39627909157096479,train
29645,39627909169677475,train
468,39627913514977076,train
7809,39627913514977082,train
471,39627913535951762,train
7819,39627913535952589,train
7820,39627913544339954,train
7772,39627913573695890,train
7773,39627913573700222,train
7767,39627913577891551,train
7757,39627913607251072,train
7754,39627913611448155,train
26036,39627913624032091,train
26033,39627913628223538,train
26034,39627913636612863,train
26031,39627913636613758,train
25756,39627913649197237,train
6312,39627913661776957,train
25751,39627913661780580,train
6313,39627913665972995,train
25726,39627913699525661,train
25672,39627913762442941,train
25687,39627913770830882,train
25686,39627913770832739,train
25656,39627913787607805,train
6275,39627913787607815,train
6276,39627913800192627,train
25842,39627913816966037,train
25843,39627913821160912,train
6338,39627913825353867,train
6335,39627913829550391,train
25845,39627913829552579,train
20389,39627913892466683,train
20430,39627913909240623,train
20425,39627913917631834,train
20329,39627913951187208,train
20327,39627913955378363,train
20319,39627913993127334,train
20310,39627913997322915,train
20955,39627914005708920,train
20952,39627914014100406,train
20714,39627914039267376,train
20705,39627914047656614,train
20720,39627914047656909,train
20706,39627914051847312,train
20682,39627914068625898,train
5474,39627914077012824,train
5476,39627914081209762,train
20687,39627914081209762,train
5443,39627914144120904,train
5450,39627914160901615,train
20600,39627914165097954,train
20602,39627914169291427,train
20808,39627914194454276,train
5514,39627914207036692,train
5513,39627914207036711,train
20807,39627914211230319,train
19035,39627914211235157,train
4895,39627914215426244,train
4896,39627914215426803,train
19044,39627914215428559,train
19045,39627914219618852,train
19043,39627914228008759,train
19050,39627914253177236,train
4890,39627914261563994,train
19024,39627914261563994,train
19027,39627914274147917,train
19026,39627914278341204,train
19012,39627914278342225,train
19064,39627914282536716,train
19066,39627914290925957,train
19062,39627914295119285,train
19063,39627914295119985,train
18972,39627914307698812,train
18970,39627914311894906,train
18971,39627914316088132,train
4875,39627914324479706,train
18968,39627914324479706,train
18960,39627914328672264,train
18974,39627914332867562,train
18941,39627914349643680,train
18942,39627914366419353,train
18946,39627914366420109,train
21941,39627914395780329,train
5683,39627914395780390,train
21694,39627914412560842,train
21702,39627914416754167,train
21700,39627914420946684,train
21671,39627914420948792,train
21679,39627914420948801,train
21708,39627914437722319,train
21706,39627914437723171,train
21705,39627914441918699,train
21646,39627914441919461,train
21651,39627914446113306,train
21652,39627914450308979,train
21656,39627914458694631,train
5669,39627914462890745,train
21659,39627914462892264,train
5676,39627914479669240,train
21557,39627914504831920,train
21562,39627914504835048,train
21555,39627914504836171,train
21563,39627914509030906,train
21565,39627914538386870,train
21519,39627914542582135,train
21521,39627914546777444,train
21520,39627914555163914,train
21515,39627914559356993,train
21494,39627914563554874,train
21831,39627914571943611,train
21833,39627914576137316,train
21832,39627914580331287,train
16351,39627914592912230,train
16349,39627914597107118,train
16350,39627914609689366,train
16359,39627914609693379,train
16353,39627914630664292,train
16316,39627914643244583,train
3549,39627914643245018,train
16317,39627914647442012,train
16375,39627914664215986,train
16376,39627914664219015,train
16372,39627914672604289,train
16370,39627914672607247,train
16251,39627914689383186,train
3526,39627914689384898,train
16257,39627914693577381,train
16253,39627914693578828,train
16237,39627914706160145,train
3530,39627914710352061,train
3531,39627914714546358,train
16226,39627914743908528,train
16208,39627914752299196,train
17045,39627914756495070,train
3933,39627914764883655,train
17048,39627914769076399,train
16808,39627914773268754,train
16806,39627914777461847,train
3737,39627914785855423,train
16820,39627914806821936,train
3739,39627914815209716,train
16821,39627914815209883,train
3717,39627914823598414,train
3707,39627914848766358,train
16767,39627914848766358,train
3706,39627914848766853,train
16845,39627914865543654,train
16849,39627914865544063,train
3667,39627914865544265,train
16682,39627914865544265,train
16684,39627914878125968,train
16685,39627914878127998,train
16686,39627914882320785,train
3675,39627914899096694,train
16699,39627914899098872,train
16700,39627914903291304,train
3655,39627914915876827,train
16639,39627914915876827,train
16638,39627914915877921,train
16640,39627914920071213,train
16652,39627914924266294,train
16650,39627914932650159,train
16651,39627914932650409,train
16647,39627914932655780,train
16868,39627914945236893,train
16870,39627914945237612,train
16875,39627914957817927,train
31821,39627914957817927,train
30859,39627914957819986,train
31820,39627914962010765,train
31631,39627914962011077,train
14249,39627914970399585,train
31635,39627914970399585,train
14240,39627914974593689,train
31637,39627914974593689,train
14247,39627914974597619,train
31641,39627914978791530,train
14222,39627914991370430,train
31618,39627914991370430,train
14251,39627914991372349,train
31647,39627914991372349,train
14253,39627915003954631,train
31654,39627915003954631,train
14187,39627915008151725,train
31588,39627915008151725,train
14194,39627915012341979,train
31589,39627915012341979,train
14201,39627915016539584,train
14202,39627915016541225,train
14199,39627915020736151,train
14195,39627915029119218,train
2697,39627915037509416,train
14285,39627915045896304,train
14284,39627915050093885,train
2645,39627915054288786,train
2652,39627915062678066,train
14059,39627915062678066,train
14063,39627915075259966,train
14057,39627915079454645,train
2655,39627915083649113,train
14071,39627915083649113,train
14073,39627915087843301,train
14066,39627915096228150,train
14076,39627915096232278,train
14079,39627915096232352,train
2631,39627915117199995,train
14019,39627915117200532,train
13994,39627915129785627,train
29705,39627915133979981,train
29677,39627915154949258,train
29690,39627915167531267,train
7178,39627915184310085,train
7810,39627919529610182,train
7807,39627919538000127,train
7824,39627919550580133,train
7789,39627919596717818,train
456,39627919605107565,train
7776,39627919609302956,train
7775,39627919613494920,train
7753,39627919626082855,train
444,39627919638659623,train
25758,39627919676412488,train
25774,39627919684801337,train
6317,39627919697383438,train
6316,39627919697383813,train
25765,39627919701575002,train
25760,39627919701576240,train
25759,39627919705769681,train
25762,39627919705770002,train
25766,39627919709966088,train
6306,39627919718353796,train
6304,39627919735128246,train
6324,39627919760296809,train
25682,39627919777071568,train
25680,39627919777071759,train
25696,39627919781270192,train
25660,39627919814823247,train
25659,39627919823211196,train
6340,39627919827407403,train
25854,39627919827407403,train
25844,39627919848378372,train
20410,39627919865153354,train
20409,39627919865155540,train
20408,39627919869350370,train
20413,39627919877738203,train
20415,39627919890320993,train
5339,39627919894513717,train
5343,39627919894514185,train
20416,39627919894514185,train
20391,39627919919678099,train
20390,39627919923871940,train
5355,39627919923876423,train
20432,39627919923876423,train
20426,39627919932260711,train
20427,39627919932263343,train
20338,39627919999370147,train
20320,39627919999370314,train
20321,39627920003566886,train
20318,39627920003567486,train
20954,39627920028731522,train
20951,39627920032924669,train
20950,39627920032928162,train
20949,39627920032928826,train
20959,39627920041313167,train
20963,39627920045507521,train
5483,39627920049704142,train
5482,39627920053900377,train
20718,39627920083258413,train
20717,39627920083259299,train
5485,39627920087450871,train
5479,39627920095839937,train
20688,39627920108421962,train
20739,39627920112618615,train
20726,39627920116811722,train
5489,39627920121006319,train
20727,39627920125200853,train
5490,39627920137783175,train
20737,39627920137783175,train
5449,39627920162947141,train
20624,39627920162947141,train
20625,39627920171341274,train
20626,39627920183920828,train
19041,39627920251028911,train
19049,39627920272001399,train
4897,39627920272002214,train
19054,39627920276194781,train
19065,39627920313945687,train
18969,39627920334917203,train
18975,39627920364276750,train
18947,39627920381055235,train
18943,39627920385249456,train
21953,39627920389443514,train
21698,39627920422994199,train
21696,39627920427189016,train
21695,39627920427191343,train
21701,39627920435577392,train
21697,39627920435578262,train
21707,39627920443967596,train
21653,39627920469132469,train
21655,39627920473330727,train
21657,39627920477522045,train
21739,39627920490104567,train
21558,39627920519467087,train
21561,39627920523657732,train
21560,39627920527854834,train
21556,39627920527855516,train
21581,39627920536242992,train
21564,39627920540436196,train
21518,39627920561406628,train
21514,39627920573991859,train
21830,39627920586572873,train
21834,39627920599158076,train
21841,39627920607545727,train
16348,39627920611737707,train
16346,39627920611739744,train
16367,39627920628518921,train
16357,39627920636906712,train
16354,39627920649487327,train
3553,39627920649489715,train
3550,39627920657877712,train
3551,39627920662073892,train
16382,39627920674653823,train
16383,39627920678847598,train
16374,39627920695626473,train
3554,39627920699821110,train
16378,39627920699821110,train
16247,39627920704013734,train
16248,39627920708208002,train
16250,39627920712406040,train
16258,39627920716595413,train
16255,39627920716597762,train
3529,39627920720790285,train
16254,39627920720790285,train
16269,39627920720794629,train
16268,39627920750151207,train
16224,39627920758540180,train
16223,39627920758541449,train
3513,39627920762736473,train
16225,39627920762737318,train
3939,39627920771121971,train
17058,39627920771123860,train
3938,39627920771124898,train
17054,39627920792095667,train
16814,39627920800486304,train
3736,39627920804677256,train
16813,39627920808871095,train
16811,39627920808874881,train
16836,39627920821454774,train
16818,39627920825652351,train
3743,39627920842425301,train
3721,39627920850815838,train
3720,39627920855009248,train
16847,39627920880174350,train
3752,39627920884370027,train
3673,39627920892757138,train
3671,39627920896951949,train
16688,39627920901149385,train
16689,39627920905341535,train
3685,39627920909536747,train
16713,39627920909536747,train
16692,39627920930509855,train
16697,39627920930510012,train
16704,39627920934702447,train
3682,39627920938894510,train
16709,39627920938894510,train
16653,39627920951480472,train
16869,39627920968254974,train
16866,39627920968256744,train
16872,39627920968256980,train
3779,39627920972451081,train
31822,39627920976645368,train
16871,39627920980839447,train
31819,39627920980839447,train
16876,39627920985034266,train
31824,39627920985034266,train
14245,39627920989229166,train
31636,39627920989229166,train
14241,39627920993420318,train
30786,39627920993420318,train
31634,39627920993420318,train
14243,39627920993421327,train
31643,39627920993421327,train
14260,39627921022780082,train
31648,39627921022780082,train
14265,39627921031168985,train
2709,39627921039559065,train
2708,39627921047945797,train
2705,39627921047946688,train
14197,39627921047946688,train
14196,39627921047947205,train
2703,39627921052140694,train
2736,39627921056334207,train
14286,39627921056337309,train
14283,39627921073112879,train
14282,39627921073116751,train
2737,39627921077309623,train
2654,39627921081500338,train
14064,39627921098279326,train
14097,39627921098281072,train
14092,39627921098281092,train
14098,39627921098281896,train
2657,39627921110865110,train
14069,39627921115055633,train
14070,39627921115058806,train
14090,39627921119250662,train
14021,39627921127643062,train
2628,39627921131831941,train
14022,39627921131831941,train
14025,39627921131832186,train
14020,39627921131835473,train
14024,39627921131836602,train
29728,39627921148608854,train
29703,39627921148614364,train
29708,39627921148614943,train
7182,39627921152803493,train
29699,39627921152806838,train
29700,39627921161192311,train
29704,39627921161195920,train
29720,39627921165391236,train
29723,39627921169585177,train
29682,39627921173777287,train
29681,39627921173777817,train
7175,39627921173780107,train
29683,39627921177970823,train
7176,39627921182162976,train
29688,39627921182162977,train
29693,39627921190553778,train
29694,39627921194749196,train
29692,39627921194750637,train
470,39627925577794296,train
7818,39627925577794396,train
7823,39627925590376562,train
7785,39627925611352294,train
7783,39627925632319681,train
7784,39627925632321556,train
443,39627925640711977,train
442,39627925644904258,train
6371,39627925661680483,train
26037,39627925682652596,train
25757,39627925691041143,train
6315,39627925691043191,train
25753,39627925695238215,train
25775,39627925703625626,train
6319,39627925712011506,train
25772,39627925712011506,train
25764,39627925720400641,train
25770,39627925728790147,train
25771,39627925728790968,train
6318,39627925728790998,train
25729,39627925745567246,train
6325,39627925779120672,train
25697,39627925795897763,train
25689,39627925812675629,train
25690,39627925821066936,train
6277,39627925829452751,train
25661,39627925829453398,train
25850,39627925837843317,train
25663,39627925837843491,train
25664,39627925837845328,train
25849,39627925837845557,train
25852,39627925842037007,train
25848,39627925846229501,train
6341,39627925846230322,train
25853,39627925846231119,train
25840,39627925863007136,train
5348,39627925888175778,train
5349,39627925896564491,train
20414,39627925904950107,train
5342,39627925904953964,train
20417,39627925913341282,train
5352,39627925951089394,train
20424,39627925955281111,train
5353,39627925955283818,train
20334,39627926009807928,train
20322,39627926018199812,train
20965,39627926030781119,train
20964,39627926039169635,train
20712,39627926072723828,train
20722,39627926110471242,train
5475,39627926114664511,train
5478,39627926114665993,train
20684,39627926114667391,train
20685,39627926118859850,train
5499,39627926127250818,train
20748,39627926131445387,train
20728,39627926139831136,train
5446,39627926164997588,train
20635,39627926181774602,train
5451,39627926194359600,train
20630,39627926198552158,train
20814,39627926219527194,train
20810,39627926248884324,train
19046,39627926257271523,train
19060,39627926274048438,train
19048,39627926278245624,train
19047,39627926282440157,train
19051,39627926295021416,train
19025,39627926299217466,train
18980,39627926378908899,train
18978,39627926383103340,train
18983,39627926387296877,train
18948,39627926395684298,train
18945,39627926399879600,train
21954,39627926408268292,train
21940,39627926425045059,train
21944,39627926433435382,train
21693,39627926441821643,train
21699,39627926446017884,train
21720,39627926458600801,train
21714,39627926475376473,train
21718,39627926479571204,train
21710,39627926487959257,train
21654,39627926492153313,train
21553,39627926542487191,train
21570,39627926559263407,train
21566,39627926559264611,train
21568,39627926563455206,train
21569,39627926563455465,train
21567,39627926567649487,train
21574,39627926571846359,train
21573,39627926576038081,train
21522,39627926584428255,train
21517,39627926588623349,train
21846,39627926597011929,train
21861,39627926601207747,train
21851,39627926605399353,train
21836,39627926617984330,train
21842,39627926626369955,train
16347,39627926630565511,train
16345,39627926630567628,train
16366,39627926638954537,train
16355,39627926655731781,train
16384,39627926685094394,train
16387,39627926693479116,train
16385,39627926697674410,train
16380,39627926710257347,train
16381,39627926718649219,train
3528,39627926722842422,train
16256,39627926722842422,train
16262,39627926760588233,train
17055,39627926789950441,train
17046,39627926798336404,train
16810,39627926819308657,train
16835,39627926823506316,train
29889,39627926823506316,train
3747,39627926827697132,train
3748,39627926831891311,train
16828,39627926831893298,train
16830,39627926836085220,train
16831,39627926840279146,train
3722,39627926869643284,train
30060,39627926869643284,train
30070,39627926873833778,train
3723,39627926873833963,train
3759,39627926878031490,train
16852,39627926878031490,train
16846,39627926890612652,train
3754,39627926894805139,train
16851,39627926899003556,train
16850,39627926903194794,train
16691,39627926911587340,train
16690,39627926915776914,train
3681,39627926957720351,train
3680,39627926957721758,train
16654,39627926957724022,train
16883,39627926966113639,train
3780,39627926978696364,train
16867,39627926982886874,train
16877,39627926991278659,train
31830,39627926991278659,train
14242,39627927003860565,train
31642,39627927003860565,train
2730,39627927024829055,train
30788,39627927024829055,train
31653,39627927033218419,train
14257,39627927033220281,train
31646,39627927033220281,train
2725,39627927033220283,train
14259,39627927033220283,train
31645,39627927033220283,train
31656,39627927037413575,train
2729,39627927041606095,train
30787,39627927041606095,train
31660,39627927041607069,train
2727,39627927041607088,train
14266,39627927041608675,train
14203,39627927058384572,train
14300,39627927062577793,train
14299,39627927062579728,train
2735,39627927079355139,train
14058,39627927096136696,train
2653,39627927100328958,train
14091,39627927104525463,train
2664,39627927108716514,train
14094,39627927108719505,train
14077,39627927125492604,train
2656,39627927129686508,train
14074,39627927129687836,train
14067,39627927129689212,train
2659,39627927133882065,train
14080,39627927133883252,train
14082,39627927133884071,train
2660,39627927138078223,train
14088,39627927146466885,train
29733,39627927159046945,train
29735,39627927159051716,train
29727,39627927163245902,train
7185,39627927167438600,train
7184,39627927184214130,train
29718,39627927184214130,train
29710,39627927184215315,train
29722,39627927188411493,train
7812,39627931554682641,train
469,39627931558876220,train
7814,39627931563070803,train
7826,39627931571455665,train
7825,39627931571456862,train
476,39627931588233957,train
7829,39627931588233957,train
7821,39627931596621226,train
474,39627931600819763,train
7822,39627931609207304,train
7786,39627931621790219,train
7788,39627931634371687,train
7790,39627931634374719,train
7782,39627931642759768,train
459,39627931646954051,train
7780,39627931651150577,train
26048,39627931672119264,train
6368,39627931676312878,train
26042,39627931676312878,train
6369,39627931676315338,train
26043,39627931676315338,train
6370,39627931676315557,train
26044,39627931676315564,train
6372,39627931676315576,train
26047,39627931680507315,train
26041,39627931697287242,train
25767,39627931730842036,train
25727,39627931756003519,train
25786,39627931776975072,train
25780,39627931785363672,train
25691,39627931844088005,train
25662,39627931848280865,train
20418,39627931898613797,train
5347,39627931911193960,train
20419,39627931911193960,train
5346,39627931915391468,train
20421,39627931915391468,train
20423,39627931919581490,train
5345,39627931927974720,train
5354,39627931965719640,train
20335,39627932024441368,train
20336,39627932024441594,train
20966,39627932041217782,train
5493,39627932141883000,train
5494,39627932141883748,train
5498,39627932146078230,train
20744,39627932146078231,train
20747,39627932150269015,train
20746,39627932150272916,train
5500,39627932154464288,train
20738,39627932158659511,train
20733,39627932158660910,train
20734,39627932167048034,train
20732,39627932175436497,train
5491,39627932175436546,train
20730,39627932175436546,train
20736,39627932175437272,train
20731,39627932175437839,train
20634,39627932179631724,train
5452,39627932183825206,train
20632,39627932188018774,train
20628,39627932208991851,train
20817,39627932246737693,train
5515,39627932250932884,train
20809,39627932263517837,train
20812,39627932267708546,train
19056,39627932271906397,train
4899,39627932284487211,train
19059,39627932284490054,train
19053,39627932318041510,train
4876,39627932393540273,train
18979,39627932397732282,train
21951,39627932422898415,train
21952,39627932427093048,train
21945,39627932435485054,train
21946,39627932448066264,train
21947,39627932452260208,train
21950,39627932456454221,train
21948,39627932456455553,train
21972,39627932456456765,train
21721,39627932477426406,train
21719,39627932481618143,train
21727,39627932485814433,train
21717,39627932490008544,train
21715,39627932490011074,train
21713,39627932494205380,train
21716,39627932498399487,train
21741,39627932523561453,train
21737,39627932523563826,train
21735,39627932523565935,train
21738,39627932527756874,train
21732,39627932540341952,train
21579,39627932552926146,train
21859,39627932603256155,train
21849,39627932607447352,train
21863,39627932615835861,train
21857,39627932615839205,train
21862,39627932620031855,train
21855,39627932620033018,train
21844,39627932620034219,train
21865,39627932624225487,train
21876,39627932624226063,train
21837,39627932628419766,train
21838,39627932632616491,train
21835,39627932645196212,train
16368,39627932649393115,train
16364,39627932666169508,train
16360,39627932682945112,train
16361,39627932682945703,train
3555,39627932716501358,train
16377,39627932724888886,train
16379,39627932737470803,train
16263,39627932775224530,train
17062,39627932796195365,train
3941,39627932800385327,train
3942,39627932804580124,train
17053,39627932817164081,train
3935,39627932825554145,train
3934,39627932833941384,train
17077,39627932838136504,train
3746,39627932846523672,train
16827,39627932846523672,train
16833,39627932854911668,train
16822,39627932863300527,train
30063,39627932863300527,train
16824,39627932863302541,train
30064,39627932863302541,train
16823,39627932863303943,train
16825,39627932867497769,train
30065,39627932871691955,train
3745,39627932875884624,train
30067,39627932875884624,train
30069,39627932892662192,train
3758,39627932909438318,train
3756,39627932913635060,train
3688,39627932938797805,train
16712,39627932938797805,train
3684,39627932942991481,train
16714,39627932947186371,train
16716,39627932947187870,train
16718,39627932951380269,train
3683,39627932955576567,train
16706,39627932955576567,train
16707,39627932959769118,train
16705,39627932963964466,train
16649,39627932976550411,train
3785,39627932980740549,train
3788,39627932984936053,train
3786,39627932984938032,train
16886,39627932984938073,train
16880,39627932989129946,train
3792,39627932997521542,train
3783,39627933010102068,train
30864,39627933010102068,train
31825,39627933014296960,train
30863,39627933018491873,train
31829,39627933018491884,train
3781,39627933018493279,train
16879,39627933018493279,train
30860,39627933018493279,train
31828,39627933018493279,train
3784,39627933018494702,train
30861,39627933018494702,train
14269,39627933026878856,train
31662,39627933026878856,train
14271,39627933039464269,train
31665,39627933039464269,train
14268,39627933052046477,train
31661,39627933052046477,train
14263,39627933052047504,train
31658,39627933052047504,train
14295,39627933081403447,train
14301,39627933093988741,train
14288,39627933098184818,train
14291,39627933098185474,train
14287,39627933106573872,train
14289,39627933110766183,train
14293,39627933114959907,train
14096,39627933119157365,train
14095,39627933123350778,train
14083,39627933148516905,train
2661,39627933152711359,train
14086,39627933152711359,train
14089,39627933156902680,train
14084,39627933161098642,train
7190,39627933161100665,train
29766,39627933161101097,train
7187,39627933165294522,train
29737,39627933169487953,train
29736,39627933173682527,train
29726,39627933177877321,train
29732,39627933182069154,train
29721,39627933190456900,train
29712,39627933190458818,train
29713,39627933198844700,train
29719,39627933198844841,train
29687,39627933211429253,train
29695,39627933215621394,train
29697,39627933215625907,train
7180,39627933219815868,train
7816,39627937552534559,train
7863,39627937581892699,train
460,39627937636421267,train
7787,39627937636421267,train
461,39627937640614947,train
464,39627937644810357,train
7796,39627937644810357,train
462,39627937653195757,train
7792,39627937653195757,train
465,39627937653200092,train
7778,39627937657390966,train
7781,39627937661584905,train
26083,39627937669972489,train
26046,39627937682560277,train
26038,39627937703529544,train
26039,39627937711919687,train
26061,39627937716111667,train
6321,39627937741277390,train
25816,39627937762250778,train
6332,39627937770636033,train
25783,39627937779027736,train
6329,39627937791609228,train
25789,39627937791609537,train
25781,39627937799998953,train
6288,39627937825165118,train
25693,39627937829357421,train
25694,39627937829360372,train
6291,39627937833550334,train
25695,39627937833551009,train
25699,39627937837746333,train
25692,39627937841940355,train
6285,39627937846135543,train
6345,39627937858719559,train
25889,39627937862910852,train
25861,39627937879690260,train
6339,39627937892271819,train
20420,39627937921631306,train
5344,39627937938409139,train
20431,39627937971961897,train
20438,39627937971965673,train
20342,39627938018101426,train
20340,39627938022294809,train
5324,39627938022295998,train
20339,39627938022295998,train
20337,39627938034879547,train
5553,39627938064238855,train
20974,39627938068431506,train
5554,39627938072626999,train
20972,39627938072628430,train
20971,39627938072629285,train
5552,39627938085209613,train
20986,39627938089407261,train
5487,39627938114568592,train
20721,39627938135541714,train
20771,39627938143931719,train
20774,39627938148124389,train
5496,39627938152320111,train
20745,39627938160705950,train
20741,39627938160707756,train
20636,39627938206847921,train
30344,39627938206847921,train
20637,39627938215234761,train
20832,39627938236207571,train
20815,39627938240402269,train
20816,39627938252980746,train
20820,39627938252982218,train
5516,39627938252982307,train
20821,39627938257174999,train
20818,39627938257175250,train
20822,39627938261370636,train
19058,39627938290731516,train
19057,39627938294927111,train
4898,39627938320090065,train
18984,39627938395588280,train
18982,39627938412368972,train
21949,39627938462696304,train
21966,39627938466892810,train
21968,39627938471089277,train
21969,39627938475279623,train
21722,39627938479476914,train
21726,39627938496250892,train
21728,39627938496252122,train
21711,39627938508835731,train
21736,39627938534001407,train
21733,39627938550776850,train
21580,39627938575941863,train
21585,39627938584330486,train
21584,39627938588529061,train
21578,39627938601110797,train
21894,39627938605304644,train
21895,39627938609499379,train
21898,39627938613693964,train
21845,39627938626273916,train
21858,39627938626275062,train
21864,39627938626275078,train
21875,39627938634665491,train
21870,39627938634666078,train
16365,39627938668216812,train
16388,39627938731131586,train
3557,39627938752102675,train
16392,39627938752102675,train
16393,39627938752102840,train
3564,39627938752105368,train
3556,39627938752105378,train
16271,39627938760495000,train
16270,39627938764688999,train
3536,39627938777270380,train
3533,39627938785659440,train
16265,39627938785659440,train
16266,39627938789853090,train
16267,39627938789853619,train
17100,39627938794048433,train
17104,39627938798243251,train
3960,39627938798243960,train
17103,39627938798243960,train
17102,39627938802434827,train
3943,39627938802439917,train
17061,39627938802439917,train
17060,39627938806633825,train
17065,39627938827603244,train
17052,39627938835993028,train
17078,39627938848574248,train
16832,39627938861156154,train
16834,39627938865351040,train
3750,39627938865352556,train
16842,39627938869543228,train
3751,39627938869547331,train
16838,39627938873740136,train
3757,39627938932458236,train
3760,39627938940849206,train
3687,39627938949235689,train
3691,39627938957627909,train
16724,39627938957627909,train
16701,39627938974400911,train
16710,39627938978598785,train
16888,39627939012149334,train
31827,39627939020542932,train
16893,39627939033123748,train
31832,39627939033123748,train
31836,39627939033123983,train
31663,39627939041511015,train
14270,39627939045703948,train
31664,39627939045703948,train
30789,39627939054095638,train
2728,39627939062481853,train
14261,39627939070869681,train
14262,39627939070870008,train
14366,39627939079258990,train
14296,39627939087648684,train
14298,39627939096038986,train
14294,39627939112816003,train
14321,39627939121205733,train
2741,39627939125396415,train
14311,39627939125398416,train
14093,39627939133789124,train
2662,39627939137978991,train
14085,39627939163149205,train
7192,39627939175730335,train
29734,39627939179922046,train
29746,39627939192507851,train
29741,39627939196704524,train
29745,39627939200895843,train
29709,39627939209282444,train
29724,39627939209286947,train
29715,39627939213476221,train
29717,39627939213476418,train
29725,39627939213478298,train
29752,39627939217672400,train
7813,39627943575552459,train
7866,39627943583941425,train
7870,39627943583943439,train
491,39627943588140897,train
489,39627943592332508,train
7869,39627943592332544,train
7867,39627943592332548,train
7864,39627943592333643,train
473,39627943617501270,train
7843,39627943642665188,train
7794,39627943655246456,train
7795,39627943655249719,train
7797,39627943663633755,train
26081,39627943672025574,train
26051,39627943697188223,train
26052,39627943697188914,train
26053,39627943701384650,train
26058,39627943701386965,train
26054,39627943705575494,train
26057,39627943705580157,train
26050,39627943705581014,train
6323,39627943747519552,train
25779,39627943751713416,train
25768,39627943760101502,train
25776,39627943760102771,train
25815,39627943776880416,train
25813,39627943776881631,train
25814,39627943776882995,train
6326,39627943781076293,train
25784,39627943781076293,train
25785,39627943785268967,train
25790,39627943802045178,train
25796,39627943818822970,train
25792,39627943827213180,train
25797,39627943827216268,train
6287,39627943831407247,train
25887,39627943869155819,train
25884,39627943873349050,train
25859,39627943885931487,train
6342,39627943890126255,train
25862,39627943890126255,train
25856,39627943894320136,train
25855,39627943894320884,train
5357,39627943986597399,train
20435,39627943986597399,train
20436,39627943990788504,train
20440,39627944015955029,train
20445,39627944015959640,train
21007,39627944062092397,train
21008,39627944062093391,train
20967,39627944074677645,train
20982,39627944091453568,train
20979,39627944091455625,train
20977,39627944095648207,train
20978,39627944095650222,train
20724,39627944133398177,train
20723,39627944133399427,train
20773,39627944137592536,train
20742,39627944158561999,train
20750,39627944162757917,train
20751,39627944166952697,train
20756,39627944187923831,train
20757,39627944196310827,train
20754,39627944196313817,train
30345,39627944196313817,train
20639,39627944213090798,train
20833,39627944229867848,train
20830,39627944234058472,train
20827,39627944242448556,train
20831,39627944250835408,train
18988,39627944406026430,train
4878,39627944410218825,train
18986,39627944410218825,train
21990,39627944422806486,train
21992,39627944431195367,train
21958,39627944447968276,train
21959,39627944456357955,train
21970,39627944473133163,train
21729,39627944506688057,train
21770,39627944523465327,train
21768,39627944523465356,train
21766,39627944523468005,train
21745,39627944552825325,train
21746,39627944552827359,train
21582,39627944594768321,train
21583,39627944594770314,train
21577,39627944607351953,train
21897,39627944611547166,train
21899,39627944615739733,train
21873,39627944632518651,train
21839,39627944653489018,train
21883,39627944657685073,train
21881,39627944657686952,train
21880,39627944666076455,train
16389,39627944741571278,train
3558,39627944758347187,train
16395,39627944758347194,train
3563,39627944758348778,train
16394,39627944758348778,train
16272,39627944770930095,train
3537,39627944779323003,train
3963,39627944808681081,train
17109,39627944808681153,train
17108,39627944808681305,train
3962,39627944812876084,train
17105,39627944812876084,train
17107,39627944817066534,train
17056,39627944817068675,train
17073,39627944825458485,train
3946,39627944833843487,train
17066,39627944833843487,train
3936,39627944838041374,train
3948,39627944863204502,train
17079,39627944863204502,train
29890,39627944867400849,train
16837,39627944871593050,train
16844,39627944879981587,train
16840,39627944879985778,train
30066,39627944884179657,train
30071,39627944892567218,train
3686,39627944955478689,train
16711,39627944955478689,train
16725,39627944963868512,train
16723,39627944968064828,train
16726,39627944972260655,train
16708,39627944980647989,train
16703,39627944984838580,train
3809,39627944984839729,train
16914,39627944984840047,train
16915,39627944997425106,train
3811,39627944997425369,train
3812,39627945001618955,train
16917,39627945001618955,train
3787,39627945005813976,train
16885,39627945005813976,train
16892,39627945010006270,train
16891,39627945014199724,train
16887,39627945018393512,train
3782,39627945026781757,train
31835,39627945043560939,train
14280,39627945072918811,train
14279,39627945072920126,train
2756,39627945077114041,train
14367,39627945081308100,train
14365,39627945085504764,train
14363,39627945085507059,train
14364,39627945093894595,train
14307,39627945114865439,train
14304,39627945119059537,train
2744,39627945127446277,train
14310,39627945127448842,train
2745,39627945131640301,train
14309,39627945131640301,train
2740,39627945131640889,train
14318,39627945131640889,train
14317,39627945135837619,train
2743,39627945135838839,train
2742,39627945140030006,train
14320,39627945140030006,train
14312,39627945140030672,train
14308,39627945140032150,train
2671,39627945152614903,train
14106,39627945152614903,train
2670,39627945161003293,train
14101,39627945161003293,train
14102,39627945165195604,train
14087,39627945169388161,train
29765,39627945169389912,train
7191,39627945173585127,train
29764,39627945173585127,train
29761,39627945181970584,train
29769,39627945186165700,train
29738,39627945190361889,train
29730,39627945190363257,train
29747,39627945198754553,train
29751,39627945207139422,train
7188,39627945211331098,train
29716,39627945215525899,train
29754,39627945219722519,train
29753,39627945219722900,train
7815,39627949573411620,train
490,39627949585993622,train
7871,39627949598577715,train
7873,39627949602770839,train
7832,39627949606963306,train
7833,39627949606965953,train
7834,39627949623740448,train
487,39627949623744555,train
7838,39627949640515977,train
7836,39627949640516621,train
477,39627949644710954,train
7835,39627949644710954,train
478,39627949648906433,train
7842,39627949648906433,train
7846,39627949648910408,train
7798,39627949661487694,train
26094,39627949674070531,train
26087,39627949678264828,train
26086,39627949678267649,train
26084,39627949682462899,train
6379,39627949686657505,train
26082,39627949695042642,train
26089,39627949695045417,train
26060,39627949741180351,train
6322,39627949749571419,train
25777,39627949749572313,train
25778,39627949753767483,train
25820,39627949770540136,train
25791,39627949812482424,train
25795,39627949820872330,train
6330,39627949825065640,train
25793,39627949833454212,train
25890,39627949879594601,train
25863,39627949887981204,train
25860,39627949896369534,train
25857,39627949900563967,train
25869,39627949908952271,train
25870,39627949908955228,train
5350,39627949934120712,train
5364,39627949976064319,train
5356,39627949992839848,train
20434,39627949992842124,train
5359,39627950005423690,train
21014,39627950072531810,train
20968,39627950085115105,train
20973,39627950089308539,train
20983,39627950101892563,train
20985,39627950106087971,train
5505,39627950152222296,train
5506,39627950156419870,train
20772,39627950156419870,train
20777,39627950164808884,train
20753,39627950177388720,train
20760,39627950198359135,train
30346,39627950198359135,train
20759,39627950202555111,train
20843,39627950236109420,train
5524,39627950252884271,train
20829,39627950252887170,train
20836,39627950261276406,train
18985,39627950412271031,train
18987,39627950420658403,train
21956,39627950454213062,train
21960,39627950458406567,train
21961,39627950458407543,train
21983,39627950470991183,train
21967,39627950479377333,train
21973,39627950491961763,train
21964,39627950491961892,train
21724,39627950500349872,train
21786,39627950512933851,train
21789,39627950517128690,train
21784,39627950517128695,train
21769,39627950533903304,train
21765,39627950533904887,train
21776,39627950542294611,train
21747,39627950559068953,train
21742,39627950559071344,train
21744,39627950563262919,train
21751,39627950571651936,train
21748,39627950575850478,train
21754,39627950588430758,train
21753,39627950588431540,train
21893,39627950626178268,train
21871,39627950638760994,train
21905,39627950638762875,train
21868,39627950638763770,train
21866,39627950638764545,train
21869,39627950642956039,train
21867,39627950642958680,train
21892,39627950655538395,train
21877,39627950655539208,train
21879,39627950663928550,train
21882,39627950668124608,train
16391,39627950756203554,train
16390,39627950756203959,train
3562,39627950760398026,train
16396,39627950764590071,train
16273,39627950781367670,train
17106,39627950814924615,train
17099,39627950814925520,train
17114,39627950819118309,train
17115,39627950823310592,train
17071,39627950827507431,train
17090,39627950844284550,train
17087,39627950844286461,train
17076,39627950852670768,train
17074,39627950852671622,train
3949,39627950852672803,train
17080,39627950856866883,train
17086,39627950865257785,train
3749,39627950873645568,train
29891,39627950873645568,train
16843,39627950877837181,train
16841,39627950877840367,train
16839,39627950886228536,train
16860,39627950890421864,train
3762,39627950944945176,train
3761,39627950944948376,train
3763,39627950953337335,train
16854,39627950965916029,train
3689,39627950970111433,train
16722,39627950970111433,train
16719,39627950978500581,train
3807,39627950991086360,train
16913,39627950991086360,train
16916,39627950995281474,train
3815,39627951007862659,train
3816,39627951012054876,train
3791,39627951016248904,train
3793,39627951041414376,train
16895,39627951049802516,train
31834,39627951049802516,train
16896,39627951049805525,train
31837,39627951049805525,train
16894,39627951053999446,train
31833,39627951053999446,train
14272,39627951058195367,train
2734,39627951062387042,train
14278,39627951062387042,train
14276,39627951062388722,train
14277,39627951062389125,train
2731,39627951070775460,train
14281,39627951070775460,train
2732,39627951074967585,train
14379,39627951079161881,train
14362,39627951100135263,train
14303,39627951112720929,train
14344,39627951125301815,train
14345,39627951125303854,train
2739,39627951129496300,train
14315,39627951129496300,train
14313,39627951137883606,train
14316,39627951142079116,train
14328,39627951150465158,train
14334,39627951150468073,train
2748,39627951150469860,train
14100,39627951158856778,train
2669,39627951171438087,train
2668,39627951171438776,train
14103,39627951171438776,train
7197,39627951171440324,train
29789,39627951171440324,train
29788,39627951175633433,train
29763,39627951184023298,train
29760,39627951188213958,train
29759,39627951188218233,train
29762,39627951188219793,train
29773,39627951200798698,train
29744,39627951200799597,train
29743,39627951200801383,train
29740,39627951204991246,train
29749,39627951209187053,train
29739,39627951213381497,train
29755,39627951221773251,train
7865,39627955596428895,train
7868,39627955596429486,train
492,39627955600625670,train
483,39627955629985199,train
484,39627955634177017,train
7854,39627955634177017,train
486,39627955634178311,train
7853,39627955634178311,train
479,39627955646760242,train
7840,39627955659342409,train
7839,39627955659345059,train
463,39627955667732441,train
7793,39627955667732441,train
6381,39627955676119667,train
26085,39627955684514180,train
26093,39627955692899826,train
6380,39627955705484117,train
26056,39627955709678553,train
26059,39627955713868255,train
6374,39627955726452745,train
6377,39627955730645874,train
26065,39627955743231802,train
25819,39627955789368880,train
25806,39627955810339127,train
25803,39627955822923006,train
6290,39627955848089001,train
6289,39627955848090687,train
25895,39627955869057564,train
25872,39627955911005695,train
25865,39627955936166661,train
25866,39627955936168716,train
25864,39627955940364392,train
20457,39627955961332248,train
20453,39627955969725876,train
20455,39627955978111647,train
5358,39627955986503023,train
20439,39627955990695905,train
20442,39627956015858842,train
20443,39627956032636172,train
21016,39627956041027350,train
21020,39627956045220974,train
21021,39627956049413384,train
21015,39627956066191866,train
21012,39627956070383916,train
20984,39627956103943492,train
20989,39627956112329940,train
20980,39627956112332624,train
5555,39627956116525505,train
20781,39627956141693100,train
20779,39627956145884359,train
20783,39627956145885041,train
20775,39627956162662803,train
5501,39627956217188564,train
20846,39627956233965508,train
5517,39627956280098958,train
4877,39627956414320557,train
21996,39627956426904187,train
21965,39627956485624135,train
21976,39627956502400107,train
21783,39627956514980674,train
21782,39627956523370156,train
21767,39627956535951562,train
21772,39627956535953270,train
21780,39627956544340908,train
21749,39627956577897327,train
21900,39627956632422619,train
21901,39627956636615106,train
21906,39627956640814219,train
21886,39627956657589084,train
3566,39627956754055903,train
3559,39627956770832504,train
17072,39627956833749184,train
17067,39627956837944337,train
17091,39627956846334407,train
30072,39627956846334407,train
3952,39627956850526758,train
29893,39627956850526758,train
17082,39627956867303449,train
16859,39627956888273800,train
3770,39627956900861379,train
16720,39627956976354532,train
3808,39627956997326967,train
16922,39627956997327835,train
3800,39627957043466641,train
3797,39627957060241900,train
14274,39627957068628639,train
2766,39627957077021335,train
2764,39627957097990090,train
2761,39627957097992903,train
14369,39627957097992903,train
14370,39627957102183723,train
2763,39627957102186438,train
2759,39627957106382472,train
2762,39627957106382497,train
14302,39627957118962068,train
14342,39627957123156053,train
14337,39627957123156317,train
14343,39627957131545755,train
14336,39627957131546199,train
14335,39627957131547088,train
14314,39627957139935056,train
14327,39627957144130157,train
14324,39627957152514652,train
14323,39627957160902832,train
2667,39627957160905734,train
14105,39627957160908005,train
14104,39627957165101973,train
7196,39627957173485945,train
29786,39627957181874834,train
29784,39627957181875021,train
29787,39627957181875791,train
7194,39627957194459841,train
29777,39627957198654982,train
29771,39627957198655622,train
29750,39627957211237534,train
7872,39627961602675176,train
493,39627961606866647,train
485,39627961619453905,train
482,39627961627836882,train
7850,39627961627836882,train
7848,39627961627838715,train
7852,39627961627841776,train
7855,39627961636226155,train
7862,39627961640423190,train
481,39627961640423580,train
7844,39627961640423627,train
7847,39627961648808420,train
7841,39627961657196914,train
26097,39627961682364497,train
26104,39627961686558946,train
6382,39627961686559006,train
26088,39627961694951025,train
26090,39627961703335061,train
26068,39627961720112969,train
26077,39627961736888663,train
25821,39627961766250613,train
25823,39627961774639823,train
25805,39627961820777964,train
25804,39627961820778470,train
25801,39627961833359229,train
25799,39627961833359548,train
25798,39627961845940522,train
25802,39627961845942953,train
25896,39627961858525967,train
25898,39627961875303578,train
25894,39627961883689400,train
25879,39627961921438038,train
6344,39627961934024953,train
20458,39627961963383198,train
5368,39627961963384210,train
20454,39627961971770662,train
5363,39627961971773377,train
5362,39627961992742225,train
20450,39627961992742236,train
5371,39627961992743592,train
20448,39627961992744937,train
5361,39627962009522314,train
5360,39627962013718118,train
20447,39627962022104930,train
20444,39627962026296637,train
5560,39627962059850810,train
21018,39627962059850810,train
21011,39627962072436193,train
21010,39627962076630970,train
21013,39627962080821582,train
21009,39627962080823253,train
20976,39627962085017118,train
20992,39627962089213024,train
5557,39627962089213435,train
20997,39627962089213440,train
20991,39627962089214191,train
20994,39627962101796018,train
20990,39627962105987700,train
20988,39627962126963449,train
20780,39627962139543542,train
5507,39627962160515441,train
20765,39627962202458141,train
20762,39627962215041042,train
20862,39627962223428068,train
30349,39627962223428068,train
20764,39627962223428410,train
20763,39627962223428611,train
20845,39627962236010706,train
20844,39627962236015274,train
20834,39627962252789094,train
20835,39627962252790776,train
20838,39627962265371087,train
20825,39627962273763971,train
20826,39627962282148162,train
5684,39627962420563000,train
21993,39627962454117058,train
21981,39627962479280822,train
21975,39627962496059412,train
22010,39627962504449949,train
22009,39627962508641089,train
22001,39627962508641591,train
21787,39627962508641931,train
21785,39627962512837554,train
21777,39627962542198977,train
21779,39627962546393473,train
21773,39627962550584002,train
21810,39627962550587032,train
21758,39627962575749963,train
21903,39627962638666906,train
21910,39627962642859285,train
21889,39627962659636238,train
21888,39627962659637706,train
21887,39627962659640193,train
21885,39627962663834537,train
17110,39627962827409956,train
3951,39627962844188655,train
17088,39627962848382250,train
17081,39627962856771954,train
3769,39627962898712233,train
3772,39627962898715016,train
3813,39627963003568405,train
3817,39627963011959298,train
3802,39627963032931485,train
16904,39627963032931485,train
3801,39627963032932609,train
16902,39627963032932609,train
16903,39627963037123484,train
16901,39627963053901039,train
16899,39627963053903383,train
3798,39627963066483114,train
14373,39627963100039014,train
14372,39627963100042406,train
14374,39627963108429142,train
14339,39627963137787227,train
14357,39627963141980236,train
14332,39627963150369273,train
14322,39627963154564141,train
14329,39627963154568672,train
2747,39627963158759940,train
29817,39627963162954058,train
7198,39627963171342727,train
29791,39627963171342727,train
29783,39627963171343071,train
29781,39627963175536371,train
7195,39627963175538381,train
29782,39627963179732716,train
29785,39627963183923256,train
29779,39627963200704590,train
29776,39627963204895802,train
29804,39627963213284173,train
29756,39627963213286584,train
495,39627967592142304,train
494,39627967600527394,train
7851,39627967625691602,train
7860,39627967638275526,train
26180,39627967663442431,train
6383,39627967705383964,train
26105,39627967705383964,train
26111,39627967705387006,train
6376,39627967713774638,train
26067,39627967717966001,train
26069,39627967726355344,train
26076,39627967730552222,train
6333,39627967768297924,train
25822,39627967768297924,train
25817,39627967780883216,train
25812,39627967818629692,train
25808,39627967822828750,train
25807,39627967827020688,train
25800,39627967835409003,train
25963,39627967843797336,train
25967,39627967843799152,train
25892,39627967881548581,train
25893,39627967885738355,train
25891,39627967885738987,train
25883,39627967919297056,train
25867,39627967931879774,train
6347,39627967944462204,train
20459,39627967952848986,train
5370,39627967957045157,train
20456,39627967978013215,train
5372,39627967982210774,train
5366,39627967982210860,train
20452,39627967998986338,train
20449,39627968003183062,train
5581,39627968040931645,train
21026,39627968057704991,train
21025,39627968057708668,train
21024,39627968061899444,train
5562,39627968078679366,train
20996,39627968091261184,train
5556,39627968091263997,train
20993,39627968091263997,train
20995,39627968095455438,train
21004,39627968099648633,train
5558,39627968099652070,train
20999,39627968099652070,train
21005,39627968103844894,train
5559,39627968103846394,train
21003,39627968108039879,train
20987,39627968116427893,train
5570,39627968129008749,train
21051,39627968133204723,train
5508,39627968137399136,train
5509,39627968154174504,train
20776,39627968166759063,train
20840,39627968229672798,train
5520,39627968284200646,train
4902,39627968384860265,train
5685,39627968422609838,train
21994,39627968447774782,train
21982,39627968468749927,train
21988,39627968481333247,train
22007,39627968498112520,train
22002,39627968502302984,train
22003,39627968506496850,train
22000,39627968510692101,train
21796,39627968523276457,train
21791,39627968523277594,train
21774,39627968535859126,train
21806,39627968548438647,train
21804,39627968552634294,train
21802,39627968556827048,train
21757,39627968565215808,train
21759,39627968573608477,train
21761,39627968577801685,train
21917,39627968594577346,train
21902,39627968628134757,train
21904,39627968632326539,train
21909,39627968640714006,train
21912,39627968649101880,train
21911,39627968649102117,train
21884,39627968649105160,train
3565,39627968745574957,train
3567,39627968749769959,train
17123,39627968829456776,train
17089,39627968842041269,train
17097,39627968858817142,train
17084,39627968863013132,train
17085,39627968863014119,train
3771,39627968896567058,train
3774,39627968900761539,train
3776,39627968904958732,train
3868,39627968972062752,train
16964,39627968972062835,train
3864,39627968972063109,train
3867,39627968972063480,train
16968,39627968972063480,train
3818,39627968988842141,train
16921,39627968988842308,train
16920,39627968988844403,train
3819,39627969001423104,train
16926,39627969018205341,train
3826,39627969022397270,train
3799,39627969030784700,train
16907,39627969043367711,train
16910,39627969047564250,train
3842,39627969068534407,train
2769,39627969085313222,train
2771,39627969089505255,train
2772,39627969093702371,train
14378,39627969097893254,train
14371,39627969097893500,train
14375,39627969102087475,train
14376,39627969102087816,train
2758,39627969102089920,train
14377,39627969102089920,train
14340,39627969123060904,train
2750,39627969127253006,train
14360,39627969131450169,train
2752,39627969131451653,train
14359,39627969131451653,train
14330,39627969144033063,train
14325,39627969152419512,train
29815,39627969160807054,train
7199,39627969177584110,train
29801,39627969177586782,train
29799,39627969181778662,train
29800,39627969181782332,train
29798,39627969185972778,train
29795,39627969185973402,train
29774,39627969185976976,train
29770,39627969190167020,train
29775,39627969190167141,train
29802,39627969202750733,train
7876,39627973581603296,train
7878,39627973602581375,train
496,39627973606773027,train
7861,39627973631934901,train
7856,39627973636129396,train
480,39627973644518460,train
6393,39627973644520695,train
26181,39627973644520695,train
26184,39627973652907579,train
26096,39627973665493929,train
26102,39627973669688891,train
26100,39627973686462889,train
26091,39627973690655204,train
26092,39627973690655224,train
26123,39627973690656431,train
26112,39627973694851514,train
26108,39627973694854987,train
26078,39627973724212554,train
26070,39627973732600463,train
26133,39627973745183718,train
26130,39627973749379341,train
26132,39627973753575024,train
25827,39627973774541863,train
25826,39627973774542594,train
25965,39627973841651195,train
25900,39627973854237209,train
25899,39627973862622168,train
25903,39627973879402691,train
25906,39627973896180567,train
25876,39627973912953949,train
25875,39627973912956670,train
25878,39627973912958585,train
25882,39627973921343924,train
5369,39627973954897670,train
5373,39627973971677355,train
20463,39627973971677355,train
20462,39627973992646053,train
21105,39627974030394375,train
21102,39627974030396455,train
21104,39627974030397989,train
21106,39627974034591705,train
21027,39627974063948475,train
21029,39627974068146456,train
21028,39627974076535006,train
21000,39627974089118725,train
21052,39627974114281851,train
5569,39627974122672524,train
20786,39627974147834673,train
20770,39627974185585073,train
5502,39627974198167555,train
20863,39627974210748869,train
20861,39627974210749162,train
30348,39627974210749162,train
5523,39627974290443883,train
19071,39627974370135905,train
4901,39627974378523272,train
19070,39627974378523272,train
21989,39627974466604374,train
21986,39627974483378495,train
21985,39627974483380574,train
21974,39627974483383944,train
22006,39627974491772625,train
22011,39627974508547109,train
21797,39627974512740306,train
21795,39627974516937112,train
21805,39627974537908644,train
21807,39627974546293764,train
21809,39627974550490314,train
21762,39627974575654543,train
21764,39627974575658530,train
21915,39627974584044794,train
4005,39627974772786220,train
4004,39627974776984788,train
3966,39627974814729775,train
17113,39627974814729775,train
17122,39627974814729803,train
17124,39627974827312333,train
17118,39627974827313246,train
17116,39627974831506693,train
3953,39627974835702656,train
29894,39627974835702656,train
17094,39627974835704123,train
3955,39627974844089885,train
17098,39627974844091787,train
3956,39627974848284814,train
3959,39627974848286200,train
17096,39627974848286200,train
3957,39627974856675351,train
3764,39627974953142839,train
3865,39627974957336579,train
3863,39627974961533799,train
16965,39627974961533799,train
16971,39627974974115432,train
16925,39627974982504935,train
3821,39627974986697016,train
3820,39627974986697062,train
16923,39627974990890809,train
3827,39627975007666340,train
3828,39627975007668060,train
16927,39627975016056741,train
3822,39627975020250116,train
3804,39627975037029646,train
16909,39627975037029646,train
16911,39627975041224087,train
3806,39627975041225316,train
3803,39627975045418204,train
3844,39627975058000886,train
14380,39627975087362252,train
2775,39627975091554694,train
14382,39627975091554694,train
2770,39627975091555570,train
14381,39627975091555570,train
2776,39627975099943827,train
14383,39627975104138681,train
14387,39627975112528532,train
2783,39627975116721746,train
14338,39627975116721804,train
14350,39627975120914728,train
14358,39627975125107724,train
14349,39627975125108194,train
14348,39627975129302723,train
2751,39627975137691608,train
29827,39627975141886100,train
14333,39627975141886903,train
29818,39627975154472198,train
7200,39627975179636701,train
29794,39627975179636701,train
29793,39627975183827557,train
29805,39627975188025378,train
29803,39627975196410515,train
505,39627979558492031,train
7874,39627979575267575,train
7875,39627979583653001,train
7859,39627979621404789,train
7858,39627979621406556,train
6394,39627979646568783,train
26101,39627979667539799,train
26099,39627979675927532,train
26116,39627979675928193,train
26115,39627979675928374,train
26125,39627979684317807,train
26109,39627979692704164,train
26107,39627979692705715,train
26106,39627979692705827,train
6384,39627979701096347,train
26075,39627979709485885,train
26072,39627979717871697,train
26079,39627979722064860,train
26131,39627979738844517,train
25828,39627979755619118,train
25974,39627979814341330,train
25976,39627979818535754,train
25966,39627979831117041,train
25973,39627979839507614,train
25972,39627979843700273,train
25905,39627979873061512,train
25902,39627979881449543,train
25907,39627979889840436,train
25874,39627979898225369,train
25880,39627979902423684,train
25925,39627979906618848,train
25926,39627979910811735,train
25919,39627979919199552,train
25918,39627979931784598,train
25920,39627979935973986,train
6352,39627979940168311,train
6349,39627979940168579,train
20461,39627979940169156,train
5584,39627980007277626,train
21114,39627980011476558,train
21103,39627980015671040,train
21023,39627980040835425,train
21040,39627980057609053,train
21030,39627980061802984,train
21001,39627980082775121,train
21002,39627980082778177,train
5567,39627980107941901,train
21053,39627980107941901,train
5568,39627980116329566,train
21050,39627980116333332,train
20797,39627980149883440,train
20769,39627980179243151,train
20766,39627980179245727,train
20767,39627980187633443,train
20872,39627980191829107,train
4903,39627980367988183,train
22008,39627980477043795,train
22005,39627980485428761,train
22017,39627980493819861,train
21800,39627980502207639,train
21793,39627980506403107,train
21792,39627980514787411,train
21794,39627980514790121,train
21822,39627980523176509,train
21824,39627980523177128,train
21823,39627980523178179,train
21801,39627980531566201,train
21808,39627980531568746,train
21813,39627980544149425,train
21760,39627980552540501,train
21913,39627980623841694,train
21914,39627980636422538,train
17121,39627980812586667,train
3968,39627980816778816,train
3967,39627980816778820,train
3969,39627980820974374,train
17120,39627980820974374,train
3972,39627980825169142,train
17128,39627980825169142,train
3987,39627980846138603,train
17146,39627980846138603,train
17140,39627980875501646,train
16857,39627980938413425,train
16856,39627980938414735,train
3866,39627980955193483,train
16967,39627980955193483,train
16966,39627980959385391,train
3869,39627980971966738,train
3831,39627980988747194,train
16929,39627981005521613,train
3823,39627981005525543,train
16931,39627981013912493,train
16908,39627981018108571,train
16906,39627981022301894,train
16943,39627981043269940,train
3843,39627981047465104,train
14392,39627981081020323,train
14393,39627981085215359,train
14386,39627981093603263,train
14389,39627981106185624,train
14391,39627981106188329,train
14352,39627981110381989,train
2755,39627981110383148,train
14351,39627981110383148,train
2754,39627981110384200,train
14355,39627981114574657,train
14356,39627981114575065,train
14354,39627981127158233,train
7205,39627981131353158,train
7204,39627981131354485,train
29826,39627981152322319,train
7202,39627981152324859,train
29825,39627981156518327,train
29797,39627981160715134,train
29808,39627981169104075,train
29806,39627981173296373,train
29809,39627981173297692,train
29807,39627981177488390,train
7898,39627985547958415,train
7888,39627985564732559,train
7889,39627985564735489,train
7886,39627985564735491,train
7885,39627985568926815,train
7887,39627985573123237,train
7877,39627985585703790,train
7880,39627985585705613,train
26186,39627985615061627,train
6385,39627985665393175,train
26110,39627985673786246,train
26113,39627985690560780,train
26073,39627985698951560,train
26071,39627985703144399,train
25824,39627985749280395,train
25829,39627985749280571,train
25831,39627985761865983,train
25811,39627985791226485,train
25809,39627985799610934,train
25975,39627985803809706,train
25912,39627985849943794,train
25908,39627985870913898,train
25873,39627985887692422,train
25922,39627985900278197,train
25921,39627985921248241,train
6350,39627985933829775,train
5381,39627985942220675,train
20464,39627985963188247,train
21109,39627986009329814,train
21112,39627986017718566,train
5561,39627986030297146,train
21041,39627986030300977,train
21055,39627986084827351,train
21054,39627986089018703,train
20768,39627986164519905,train
20871,39627986185489407,train
30350,39627986185489407,train
20868,39627986193879787,train
20869,39627986198073986,train
5521,39627986260988511,train
22012,39627986483282611,train
22016,39627986491671570,train
21819,39627986500062481,train
21815,39627986533616054,train
17127,39627986814632212,train
3958,39627986823022809,train
29895,39627986823022809,train
3986,39627986843992581,train
3980,39627986852383651,train
3982,39627986852383680,train
3984,39627986864964360,train
3985,39627986864964912,train
17139,39627986864966983,train
16865,39627986873353845,train
3874,39627986923686038,train
16975,39627986923687113,train
16973,39627986923688641,train
16972,39627986948851896,train
16969,39627986948854150,train
16970,39627986953048167,train
3871,39627986957239664,train
3872,39627986961432736,train
16938,39627986969823371,train
3833,39627986969825340,train
16939,39627986969825340,train
3832,39627986969825995,train
16930,39627986982406068,train
3825,39627986982406069,train
3829,39627986990792931,train
16932,39627986990795811,train
3841,39627987032739560,train
3840,39627987036933240,train
2784,39627987074679973,train
2778,39627987078875482,train
2781,39627987083071059,train
14388,39627987083071059,train
14390,39627987087263947,train
14346,39627987104040028,train
2753,39627987104041469,train
14347,39627987104041469,train
29829,39627987120816782,train
29822,39627987133401288,train
7203,39627987141788216,train
29821,39627987141788419,train
29796,39627987150180828,train
7899,39627991516451730,train
506,39627991520642708,train
7897,39627991524837079,train
7890,39627991562584310,train
7882,39627991566781894,train
500,39627991566783754,train
7883,39627991575168578,train
7881,39627991575169632,train
26193,39627991608723739,train
26188,39627991608723930,train
6397,39627991612922610,train
26189,39627991612922610,train
26121,39627991654861267,train
6386,39627991659053943,train
26120,39627991659053943,train
25830,39627991738749373,train
25834,39627991747136053,train
6362,39627991789081049,train
25977,39627991789081049,train
25970,39627991810048361,train
25971,39627991810050242,train
25910,39627991843604441,train
25915,39627991843606088,train
25924,39627991872964775,train
25923,39627991872965594,train
6351,39627991902322795,train
25927,39627991914908096,train
20470,39627991919103920,train
5379,39627991919104188,train
5380,39627991931687375,train
20469,39627991948460091,train
5377,39627991948461876,train
20468,39627991948461876,train
5375,39627991952657249,train
20467,39627991952658536,train
20466,39627991956851025,train
5585,39627991969433207,train
21113,39627991994599631,train
21108,39627991994602993,train
5583,39627992002989159,train
21038,39627992019765542,train
21039,39627992023961034,train
5564,39627992036541748,train
21036,39627992036541748,train
5563,39627992040739710,train
21035,39627992040739710,train
21034,39627992049128034,train
21078,39627992057513625,train
5571,39627992065900941,train
5510,39627992107845642,train
20795,39627992116235618,train
20792,39627992120427945,train
20793,39627992120429669,train
20796,39627992120429836,train
20790,39627992133014436,train
30347,39627992145592990,train
20789,39627992145594510,train
20896,39627992149789134,train
30351,39627992149789134,train
20866,39627992187537542,train
19074,39627992317561579,train
19072,39627992334336248,train
22014,39627992472749319,train
22019,39627992476944101,train
21826,39627992502112800,train
21816,39627992506304759,train
3977,39627992783127775,train
3970,39627992791517094,train
17130,39627992791517094,train
17129,39627992791518833,train
3974,39627992791519942,train
29897,39627992791519942,train
3971,39627992795710489,train
17131,39627992795710489,train
17132,39627992804098520,train
17147,39627992812487956,train
3989,39627992816682651,train
17142,39627992841847294,train
17144,39627992841848180,train
17141,39627992841849903,train
16863,39627992854430874,train
16862,39627992867013812,train
16976,39627992908961504,train
3870,39627992929929698,train
16937,39627992946706279,train
16985,39627992946706813,train
16936,39627992946709412,train
16934,39627992971871361,train
16933,39627992971871808,train
16935,39627992984455428,train
3846,39627992992842103,train
2785,39627993055758334,train
14394,39627993055758334,train
2791,39627993059954456,train
2792,39627993059955631,train
14396,39627993064145548,train
7208,39627993089313901,train
7206,39627993097701377,train
29828,39627993101898429,train
29824,39627993127062111,train
29830,39627993131257310,train
29812,39627993135451598,train
7901,39627997493336473,train
7904,39627997497524454,train
7905,39627997505914173,train
7896,39627997539470798,train
498,39627997556245770,train
7884,39627997556247039,train
26230,39627997564637527,train
26228,39627997573027362,train
6396,39627997577220713,train
26187,39627997581412701,train
26195,39627997585606782,train
26202,39627997610775049,train
26198,39627997614966261,train
26204,39627997614968020,train
26128,39627997635939803,train
25832,39627997724018941,train
25833,39627997724019964,train
25836,39627997732406059,train
25838,39627997732409930,train
25980,39627997770158671,train
25969,39627997791127555,train
25911,39627997816292376,train
25914,39627997824683962,train
25909,39627997828878408,train
25939,39627997845656550,train
25928,39627997895983366,train
5378,39627997908568835,train
20465,39627997925344292,train
21107,39627997979872473,train
5565,39627998005039482,train
21045,39627998013424834,train
21033,39627998017621053,train
21072,39627998030202859,train
5572,39627998038592335,train
21077,39627998038592335,train
20803,39627998105699644,train
20800,39627998109892992,train
20899,39627998126672989,train
30352,39627998126672989,train
20897,39627998135061254,train
5533,39627998139254898,train
20870,39627998164419999,train
20876,39627998172807809,train
5527,39627998193782754,train
5526,39627998202169472,train
5529,39627998273470520,train
19075,39627998298638568,train
21999,39627998390914599,train
22028,39627998403497604,train
22015,39627998441245386,train
22023,39627998453829575,train
22020,39627998453829786,train
21818,39627998466410300,train
21821,39627998470606962,train
21812,39627998487381962,train
3978,39627998755815844,train
17137,39627998755819484,train
17125,39627998768398623,train
17126,39627998768400021,train
3973,39627998772592885,train
3997,39627998776790713,train
17162,39627998776790713,train
17164,39627998780981322,train
17163,39627998785179367,train
17145,39627998789374220,train
17152,39627998806150989,train
3990,39627998806151357,train
17153,39627998810344301,train
17156,39627998827118916,train
3777,39627998835508551,train
16992,39627998881645397,train
3880,39627998898422791,train
16981,39627998902618274,train
16983,39627998911007905,train
3837,39627998936174646,train
16940,39627998944563249,train
3835,39627998948756960,train
3851,39627998969727428,train
3850,39627998969728872,train
3845,39627998982308877,train
2787,39627999020061491,train
2788,39627999036835230,train
14395,39627999036835293,train
2782,39627999045227949,train
7216,39627999062000508,train
29831,39627999099751427,train
29832,39627999103947937,train
7900,39628003461824735,train
7909,39628003486996420,train
7906,39628003491190971,train
7910,39628003499573395,train
7893,39628003507963763,train
502,39628003507965579,train
7892,39628003507966554,train
504,39628003512158634,train
503,39628003512161577,train
7894,39628003512161577,train
7895,39628003520547660,train
6403,39628003528934481,train
26227,39628003537324228,train
26225,39628003545716107,train
26196,39628003554105026,train
26191,39628003562492408,train
26199,39628003575076422,train
26148,39628003633793305,train
26138,39628003646375707,train
30384,39628003646379082,train
26139,39628003663152545,train
26137,39628003663155730,train
25837,39628003700902125,train
25835,39628003700903620,train
25913,39628003805758864,train
25937,39628003818342551,train
25931,39628003877064842,train
6353,39628003877064844,train
21123,39628003944173849,train
21043,39628003981919082,train
21044,39628003981921744,train
21047,39628003986114838,train
5566,39628003990307512,train
20801,39628004078389855,train
20798,39628004086778161,train
5538,39628004086779294,train
20906,39628004086779294,train
5537,39628004086780735,train
20901,39628004086780735,train
20874,39628004124525215,train
20873,39628004132916054,train
20879,39628004153887173,train
5528,39628004170662537,train
5531,39628004195831510,train
20848,39628004233577444,train
22043,39628004275522924,train
30097,39628004283911852,train
22044,39628004288106602,train
21998,39628004355215333,train
22024,39628004371992630,train
22025,39628004376186389,train
21827,39628004439101922,train
21825,39628004455876965,train
21919,39628004493623616,train
21920,39628004493624247,train
17136,39628004720119049,train
17134,39628004736894103,train
4000,39628004741090481,train
3998,39628004749476520,train
17165,39628004753674881,train
17149,39628004778836690,train
17150,39628004778838158,train
17151,39628004778840541,train
3992,39628004787229728,train
17154,39628004791419588,train
3905,39628004850145119,train
3875,39628004858531163,train
3879,39628004871112871,train
3878,39628004871113589,train
3882,39628004871113598,train
16978,39628004875305507,train
16980,39628004875310907,train
3883,39628004892085677,train
3836,39628004925636964,train
16949,39628004938224080,train
3847,39628004946612043,train
16945,39628004955001375,train
520,39628009426130075,train
507,39628009438709144,train
7903,39628009438709144,train
7908,39628009463877174,train
7907,39628009463878440,train
508,39628009468070779,train
7914,39628009472267944,train
499,39628009484851383,train
7891,39628009484851383,train
6402,39628009493234898,train
6404,39628009497429217,train
26226,39628009510014498,train
26192,39628009539371284,train
26197,39628009556152804,train
26200,39628009560342762,train
6391,39628009585514357,train
26156,39628009585514357,train
26150,39628009602285882,train
29955,39628009614869701,train
26136,39628009631645894,train
25916,39628009765865592,train
25936,39628009782644554,train
25942,39628009799422037,train
25943,39628009803615081,train
6354,39628009849750962,train
5384,39628009853944574,train
20471,39628009853944574,train
21125,39628009921056259,train
21115,39628009937832362,train
21121,39628009937833465,train
21080,39628009962996329,train
21071,39628009971385827,train
21073,39628009979774360,train
21057,39628010025911669,train
20799,39628010051078497,train
20900,39628010055270961,train
29935,39628010055270961,train
20898,39628010072049520,train
29934,39628010072049520,train
20875,39628010088825316,train
20878,39628010118187229,train
20880,39628010122382096,train
20881,39628010126575760,train
20849,39628010160128240,train
5530,39628010160130753,train
22054,39628010248210146,train
22051,39628010269182968,train
22049,39628010273375128,train
22039,39628010315319751,train
22040,39628010319515829,train
21997,39628010323710868,train
22027,39628010344681691,train
22033,39628010365650997,train
21922,39628010428568724,train
21918,39628010457926538,train
3999,39628010717972285,train
3994,39628010772497836,train
17159,39628010780887849,train
3910,39628010801859799,train
3907,39628010814442329,train
3876,39628010835415393,train
3895,39628010843804653,train
16988,39628010843804653,train
3884,39628010856383507,train
3885,39628010864772386,train
3887,39628010864773763,train
3886,39628010864774264,train
3889,39628010864774963,train
16956,39628010889939205,train
16957,39628010894135687,train
3848,39628010906715020,train
16948,39628010910909502,train
16955,39628010923493732,train
16954,39628010923495354,train
7217,39628011003184163,train
7211,39628011019961636,train
7213,39628011019961787,train
519,39628015382042150,train
7925,39628015390425554,train
518,39628015394620596,train
7930,39628015398815138,train
7917,39628015415595612,train
510,39628015428174497,train
511,39628015436564856,train
512,39628015440759843,train
7913,39628015444955289,train
6405,39628015470117060,train
26233,39628015491091910,train
26215,39628015512065321,train
6401,39628015516255448,train
26217,39628015516255448,train
26212,39628015524647451,train
26207,39628015528841503,train
26213,39628015537226361,train
26205,39628015537227111,train
6388,39628015541422235,train
26127,39628015541422235,train
6387,39628015545616049,train
26152,39628015579172948,train
26134,39628015591755557,train
6364,39628015679832940,train
25985,39628015679834347,train
25935,39628015751139651,train
5590,39628015826633722,train
21130,39628015843410246,train
5587,39628015910523269,train
21120,39628015910523269,train
21119,39628015910523303,train
21079,39628015918908924,train
5573,39628015927298261,train
20904,39628016027961190,train
20887,39628016061515151,train
20884,39628016061518803,train
20885,39628016065711501,train
20882,39628016095069998,train
22052,39628016199928123,train
22046,39628016225093538,train
22050,39628016233483591,train
22048,39628016237676567,train
22064,39628016288010852,train
22029,39628016321565104,train
22021,39628016359313549,train
21926,39628016392866707,train
5679,39628016531278072,train
5678,39628016531278723,train
5677,39628016535470709,train
5680,39628016539666328,train
5682,39628016543859983,train
4002,39628016678076703,train
4001,39628016678080126,train
17166,39628016703244914,train
17167,39628016703245260,train
17168,39628016707436802,train
17160,39628016720023362,train
3909,39628016761967176,train
3908,39628016778741018,train
3893,39628016816490983,train
3901,39628016816491223,train
3890,39628016833266552,train
16960,39628016866820289,train
3854,39628016866821483,train
16958,39628016871015323,train
16947,39628016871015962,train
3852,39628016879405205,train
16951,39628016879406003,train
16952,39628016879406673,train
7214,39628016984264041,train
7927,39628021346342023,train
7924,39628021358923637,train
7933,39628021367311716,train
7918,39628021375701744,train
7916,39628021384088213,train
7912,39628021400867833,train
26237,39628021426031383,train
26235,39628021447000734,train
26232,39628021447002086,train
26211,39628021488944109,train
26206,39628021497335515,train
26157,39628021514112321,train
6390,39628021530888647,train
26151,39628021530888647,train
26153,39628021539275923,train
26155,39628021539278944,train
26160,39628021556053337,train
25940,39628021728019405,train
25930,39628021765769042,train
6356,39628021765769787,train
6357,39628021769963641,train
5588,39628021845462965,train
21122,39628021845462965,train
21118,39628021862238924,train
21066,39628021933539771,train
21062,39628021958705571,train
21061,39628021967095680,train
21186,39628021971288636,train
20907,39628021988066474,train
20894,39628022042594688,train
20852,39628022076150913,train
20857,39628022109704229,train
22055,39628022176809988,train
22047,39628022185200217,train
22030,39628022281666947,train
22031,39628022281668026,train
17169,39628022650768766,train
17178,39628022671739546,train
3995,39628022675932191,train
3892,39628022768207120,train
3899,39628022768207148,train
16989,39628022768207148,train
3896,39628022772403677,train
3900,39628022776599264,train
3891,39628022793373793,train
3856,39628022831120538,train
7222,39628022902427445,train
7926,39628027310637714,train
7928,39628027310643164,train
523,39628027314834245,train
7932,39628027314834245,train
521,39628027323220070,train
517,39628027339998282,train
7923,39628027339998352,train
6570,39628027360970875,train
27186,39628027365167223,train
26236,39628027381944468,train
26242,39628027390334477,train
26240,39628027394525618,train
26245,39628027419690861,train
26224,39628027440664165,train
26223,39628027440664705,train
26209,39628027449052354,train
26208,39628027449053275,train
26259,39628027457441051,train
26154,39628027490995853,train
30387,39628027490995853,train
26165,39628027499384049,train
6389,39628027532935847,train
25986,39628027566494062,train
25990,39628027591657559,train
25984,39628027616825277,train
25983,39628027625210027,train
25981,39628027629406941,train
26006,39628027650378780,train
25944,39628027696513600,train
25932,39628027717485244,train
26508,39628027734265688,train
26507,39628027738460044,train
21129,39628027751042088,train
21131,39628027792985837,train
21126,39628027809759880,train
5589,39628027813957073,train
21144,39628027834929178,train
21141,39628027839120955,train
21087,39628027876871323,train
21065,39628027889455637,train
21060,39628027914617960,train
20908,39628027939785348,train
20911,39628027952367219,train
20886,39628027990114800,train
20889,39628028002699753,train
5532,39628028027863878,train
30098,39628028128529800,train
22059,39628028136915024,train
22041,39628028191441162,train
22037,39628028191443780,train
21924,39628028308883037,train
17171,39628028589900332,train
17176,39628028598291575,train
17174,39628028602482757,train
17157,39628028657012944,train
16987,39628028724119151,train
3894,39628028732507618,train
16996,39628028766061332,train
3853,39628028778645441,train
16961,39628028787035797,train
16962,39628028791227445,train
7220,39628028858339108,train
524,39628033274942064,train
7934,39628033279134171,train
516,39628033287522491,train
514,39628033291715751,train
7922,39628033291715751,train
7921,39628033304299374,train
513,39628033304301598,train
27183,39628033321079996,train
27185,39628033329464013,train
27190,39628033329468141,train
6571,39628033329468148,train
26243,39628033342050304,train
26248,39628033363022692,train
26247,39628033367215034,train
26222,39628033400766745,train
26260,39628033404965845,train
26262,39628033421738101,train
26164,39628033455293048,train
26167,39628033459488015,train
26161,39628033463683584,train
26144,39628033480462011,train
30385,39628033480462011,train
26141,39628033488847191,train
26145,39628033493042588,train
30386,39628033493042588,train
25992,39628033543376292,train
25989,39628033551764561,train
26005,39628033589512447,train
25945,39628033644038244,train
6428,39628033698565250,train
26505,39628033698565250,train
26504,39628033702756961,train
5592,39628033744703729,train
5594,39628033778254864,train
21083,39628033807614985,train
5575,39628033811809953,train
5574,39628033811810209,train
21081,39628033820197187,train
5576,39628033820197908,train
21187,39628033874727246,train
21189,39628033887308005,train
20909,39628033904086599,train
20892,39628033941835932,train
20891,39628033941837508,train
20890,39628033946028955,train
20893,39628033950223715,train
20854,39628034013137715,train
22060,39628034088633062,train
22056,39628034088634527,train
22061,39628034088636054,train
22062,39628034092830446,train
22063,39628034097023463,train
5686,39628034122190183,train
5687,39628034138964815,train
5688,39628034138965381,train
22081,39628034239630909,train
17179,39628034524844686,train
17181,39628034533229633,train
17175,39628034558396220,train
3904,39628034692613090,train
3903,39628034696810572,train
16993,39628034713586422,train
3915,39628034717783003,train
16995,39628034717783003,train
3858,39628034730363798,train
3862,39628034759724118,train
7224,39628034797474393,train
7931,39628039214074490,train
7920,39628039251821626,train
27189,39628039264404612,train
27188,39628039264407745,train
27184,39628039268601867,train
27193,39628039276989232,train
27192,39628039281182749,train
26272,39628039348294321,train
26261,39628039356680525,train
26267,39628039377651328,train
26166,39628039407010419,train
29956,39628039407010419,train
30389,39628039407010419,train
26171,39628039415402537,train
26331,39628039469924832,train
25988,39628039469926486,train
25987,39628039478314232,train
25982,39628039524453333,train
25946,39628039591563602,train
25952,39628039612531719,train
6359,39628039620921224,train
21132,39628039688032452,train
21147,39628039721587113,train
21143,39628039729972447,train
21145,39628039729972752,train
21146,39628039738361033,train
21082,39628039750946922,train
21084,39628039755141499,train
21085,39628039759331721,train
21089,39628039771917404,train
5577,39628039780306755,train
21090,39628039780306755,train
21093,39628039792890842,train
21070,39628039801277856,train
21068,39628039805470936,train
21194,39628039813859482,train
21191,39628039834832028,train
29937,39628039834832032,train
20915,39628039855801496,train
20916,39628039859997726,train
20912,39628039885161377,train
20920,39628039906134904,train
5546,39628039931298661,train
20853,39628039960660521,train
20855,39628039964857922,train
20856,39628039969047906,train
22067,39628040107459786,train
22079,39628040195543738,train
21927,39628040216514568,train
21930,39628040233292910,train
17180,39628040476561642,train
17187,39628040484947436,train
17189,39628040493334778,train
4008,39628040493338722,train
4009,39628040560446154,train
17002,39628040652720164,train
16994,39628040656914264,train
16997,39628040673691526,train
3917,39628040677886315,train
16998,39628040677886315,train
3861,39628040707244176,train
3860,39628040711441539,train
7936,39628045182568970,train
526,39628045186764462,train
27197,39628045199349405,train
6573,39628045203539819,train
27198,39628045203541729,train
27200,39628045203543852,train
6574,39628045207734306,train
27199,39628045207734313,train
27195,39628045224511855,train
6572,39628045228705296,train
26244,39628045237094245,train
26254,39628045258067650,train
26250,39628045262261269,train
26251,39628045274842016,train
26220,39628045283231019,train
26276,39628045287424605,train
26263,39628045308396712,train
26271,39628045312594909,train
26266,39628045320982379,train
26326,39628045421643338,train
25997,39628045451003056,train
25994,39628045451003701,train
25998,39628045451005787,train
25955,39628045526503237,train
25947,39628045539085565,train
25951,39628045555861062,train
6360,39628045560055037,train
21135,39628045610390534,train
21133,39628045627166492,train
21148,39628045669106419,train
21193,39628045761381255,train
21196,39628045761385204,train
29939,39628045761385204,train
21195,39628045765577595,train
21190,39628045778158200,train
29938,39628045782355153,train
21192,39628045782355168,train
5544,39628045878823647,train
20858,39628045895602066,train
22072,39628046025622771,train
22065,39628046050787408,train
22036,39628046101122315,train
22080,39628046143066563,train
22082,39628046147257511,train
17183,39628046419888454,train
4007,39628046428276925,train
17186,39628046428276925,train
17185,39628046432471451,train
17188,39628046440859015,train
17172,39628046440861929,train
4010,39628046507969324,train
3916,39628046604439088,train
3918,39628046608632290,train
7939,39628051104925294,train
6582,39628051130089640,train
27207,39628051155257849,train
27191,39628051155260041,train
6575,39628051172033980,train
6576,39628051172035394,train
26252,39628051213976582,train
26299,39628051218170107,train
6407,39628051222365343,train
26304,39628051222367702,train
26275,39628051226562675,train
26274,39628051230753971,train
26170,39628051293670500,train
26352,39628051318834278,train
30396,39628051318834278,train
6414,39628051318837326,train
26336,39628051323030292,train
26334,39628051323031073,train
30394,39628051323031073,train
6413,39628051327224465,train
26337,39628051335611927,train
26329,39628051344000722,train
26330,39628051352388558,train
26002,39628051385945034,train
25995,39628051390137180,train
26022,39628051406916046,train
25953,39628051465635657,train
25954,39628051465637749,train
25961,39628051474025095,train
25949,39628051490801898,train
26531,39628051503385301,train
21134,39628051553717267,train
21137,39628051557911508,train
21140,39628051566298634,train
21154,39628051641797812,train
21092,39628051679548087,train
21091,39628051679548188,train
21198,39628051708904110,train
29942,39628051729878148,train
5597,39628051734070067,train
21201,39628051734070067,train
29941,39628051734070067,train
5541,39628051746657269,train
20917,39628051755041532,train
20913,39628051763430991,train
20914,39628051763433628,train
5551,39628051780208943,train
20918,39628051796983856,train
20919,39628051796986817,train
5547,39628051813766875,train
5545,39628051817959821,train
20860,39628051843127125,train
22068,39628052006702922,train
22034,39628052040259001,train
22035,39628052048644590,train
22083,39628052094779650,train
21929,39628052119946255,train
4011,39628052434518090,train
4012,39628052434520659,train
17003,39628052535182517,train
3919,39628052539378172,train
17001,39628052539378172,train
7943,39628057035672068,train
7942,39628057044058585,train
7937,39628057052447424,train
6581,39628057060839241,train
27234,39628057060839241,train
6580,39628057060839395,train
27233,39628057060839408,train
27202,39628057077616158,train
26255,39628057132142726,train
26257,39628057140530644,train
26303,39628057148922125,train
26302,39628057153111781,train
26280,39628057174085297,train
26264,39628057190864425,train
26265,39628057195054189,train
26269,39628057195055750,train
26173,39628057228608695,train
26172,39628057232802294,train
30390,39628057232802294,train
6392,39628057241191105,train
26169,39628057241192416,train
26362,39628057245389366,train
26359,39628057249581253,train
26342,39628057270554215,train
26341,39628057270555571,train
26338,39628057278943727,train
26327,39628057283138109,train
26001,39628057320883176,train
25999,39628057325078611,train
26018,39628057346049934,train
26021,39628057346051097,train
26019,39628057350243746,train
26011,39628057362826006,train
26009,39628057367024633,train
25956,39628057404769432,train
25957,39628057404769809,train
25958,39628057408963902,train
25962,39628057417353198,train
25960,39628057421550092,train
26510,39628057463489799,train
26512,39628057480266722,train
21136,39628057492852601,train
5593,39628057509629400,train
21169,39628057522209049,train
21149,39628057543182890,train
21152,39628057572542102,train
21155,39628057576735642,train
21153,39628057580933733,train
21197,39628057643845615,train
21199,39628057648042549,train
5540,39628057677403018,train
20923,39628057727734265,train
20924,39628057736120459,train
20925,39628057740316448,train
20859,39628057773870559,train
5721,39628057811619451,train
22168,39628057824201665,train
22167,39628057828395405,train
22085,39628058029720363,train
3913,39628058440765351,train
17006,39628058474317401,train
17009,39628058482708611,train
7948,39628062958030618,train
7944,39628062962227500,train
529,39628062962227508,train
7941,39628062962227508,train
527,39628062974804406,train
7938,39628062974804406,train
7945,39628062974808331,train
528,39628062979000640,train
27232,39628062995778498,train
6583,39628062999974165,train
27231,39628062999974165,train
27213,39628063029334481,train
27211,39628063037723813,train
27208,39628063046107502,train
26298,39628063075472409,train
26301,39628063083862169,train
26300,39628063092246860,train
26279,39628063104827861,train
26277,39628063104831760,train
26283,39628063146771667,train
30393,39628063146771667,train
26176,39628063146775228,train
30392,39628063146775228,train
26177,39628063150966964,train
26175,39628063155160774,train
26174,39628063159357338,train
29957,39628063159357338,train
30391,39628063159357338,train
26369,39628063167742208,train
26353,39628063171938972,train
26361,39628063176133544,train
26360,39628063176134948,train
26354,39628063180328643,train
26355,39628063184519350,train
26358,39628063184522064,train
26357,39628063184522096,train
30395,39628063184522096,train
26340,39628063197102887,train
26339,39628063197103171,train
26000,39628063243241410,train
26020,39628063264212199,train
26530,39628063360681389,train
26529,39628063369069048,train
26514,39628063415208166,train
26516,39628063415210842,train
21172,39628063461347396,train
5595,39628063503290742,train
21151,39628063503290742,train
21100,39628063520066060,train
21101,39628063520066459,train
21098,39628063524262770,train
21099,39628063532646956,train
21096,39628063532652193,train
29940,39628063582982875,train
20942,39628063641702310,train
20940,39628063650087395,train
5549,39628063662674334,train
20934,39628063675255178,train
22169,39628063746560383,train
5691,39628063826251010,train
22069,39628063872389382,train
3922,39628064379896884,train
17013,39628064384093474,train
535,39628068855223038,train
534,39628068855223054,train
7952,39628068855223054,train
7953,39628068855223434,train
533,39628068863607514,train
7950,39628068872000703,train
532,39628068872000711,train
27239,39628068922329968,train
27242,39628068930720189,train
27212,39628068964271450,train
27209,39628068968464865,train
26256,39628068989439983,train
26308,39628068993630626,train
26311,39628069002020986,train
26297,39628069006214264,train
26287,39628069039769624,train
26289,39628069048157435,train
26356,39628069106877471,train
26346,39628069132044393,train
26025,39628069203350306,train
26015,39628069245292257,train
26533,39628069274650484,train
26509,39628069304013510,train
26513,39628069324984573,train
26515,39628069329177484,train
26520,39628069337568624,train
26517,39628069341757650,train
21139,39628069354343871,train
21171,39628069375313610,train
21159,39628069438231345,train
21212,39628069455004275,train
21211,39628069459198843,train
21200,39628069501141635,train
5599,39628069522114241,train
5543,39628069538893509,train
5542,39628069543086767,train
20931,39628069626973544,train
22174,39628069652136643,train
22178,39628069664723513,train
22175,39628069673110944,train
22074,39628069740220819,train
22070,39628069798941032,train
3921,39628070298062447,train
17014,39628070298063655,train
17016,39628070314837734,train
17008,39628070331616069,train
17007,39628070331616958,train
17012,39628070340006793,train
7227,39628070407112140,train
7955,39628074769187696,train
7954,39628074769187925,train
7951,39628074781770496,train
7949,39628074798550369,train
7947,39628074798551445,train
27244,39628074823713775,train
27243,39628074823715339,train
27246,39628074827908938,train
27204,39628074857272677,train
27205,39628074861462048,train
27219,39628074861466420,train
27220,39628074865659387,train
27218,39628074882433146,train
27216,39628074886630684,train
6577,39628074895017942,train
27214,39628074895019086,train
26309,39628074907603675,train
26296,39628074928573021,train
26286,39628074966321460,train
26281,39628074974711884,train
26282,39628074987293865,train
26367,39628075016654584,train
30399,39628075016654584,train
26345,39628075054400689,train
26344,39628075058596399,train
26023,39628075134091896,train
26014,39628075159259631,train
26017,39628075176040283,train
26536,39628075188620250,train
26534,39628075192816271,train
26532,39628075205399506,train
6430,39628075205399681,train
26521,39628075230561910,train
26523,39628075230563587,train
26527,39628075238952362,train
26525,39628075238953382,train
26524,39628075243144025,train
21138,39628075272507361,train
21161,39628075339617554,train
21213,39628075368976690,train
21209,39628075381559735,train
20922,39628075503192099,train
20935,39628075507385019,train
20926,39628075528356212,train
20927,39628075528357130,train
20928,39628075528358707,train
20932,39628075540943031,train
22176,39628075595468139,train
22171,39628075599661952,train
5694,39628075658381982,train
22075,39628075658381982,train
22076,39628075662576753,train
17015,39628076224611838,train
17023,39628076237193346,train
3920,39628076249779587,train
7226,39628076329471177,train
7963,39628080683156070,train
7961,39628080699937325,train
7946,39628080704132729,train
27341,39628080725102638,train
27245,39628080729293049,train
27247,39628080741879408,train
27249,39628080741879955,train
6584,39628080754463272,train
27238,39628080754463272,train
27237,39628080758656576,train
27222,39628080792208330,train
27227,39628080792212945,train
27225,39628080796404654,train
6579,39628080796404659,train
27217,39628080804793187,train
27269,39628080817377760,train
26310,39628080821569186,train
6408,39628080855121967,train
26307,39628080859316923,train
26290,39628080884486675,train
26438,39628080905454696,train
26439,39628080909651506,train
26366,39628080918039347,train
6417,39628080926426316,train
26024,39628081043866039,train
26535,39628081098395569,train
6432,39628081119363664,train
6431,39628081119364049,train
26518,39628081169699701,train
26519,39628081169699975,train
21165,39628081249391421,train
21156,39628081266164522,train
21158,39628081266165894,train
21210,39628081287138166,train
20930,39628081446520242,train
22179,39628081509434377,train
22170,39628081513630880,train
5693,39628081563962977,train
4015,39628082067281171,train
4014,39628082075665670,train
3924,39628082126000227,train
17025,39628082130194797,train
17020,39628082138582762,train
17019,39628082138583342,train
17021,39628082146969508,train
17017,39628082146970702,train
17034,39628082155357947,train
17010,39628082159552723,train
7965,39628086576155387,train
7962,39628086584547492,train
7956,39628086597129028,train
7958,39628086613903078,train
27340,39628086634874068,train
27236,39628086664233948,train
27255,39628086676817975,train
27226,39628086697791991,train
27230,39628086701983487,train
26312,39628086764897700,train
26293,39628086794258130,train
26294,39628086794259008,train
26440,39628086806840035,train
6416,39628086823618101,train
26363,39628086823618118,train
30398,39628086823618118,train
26364,39628086823620016,train
26365,39628086823620413,train
26026,39628086924280507,train
26030,39628086932672829,train
26029,39628086936867057,train
26016,39628086987197976,train
26587,39628086999780275,train
6440,39628087003973336,train
6429,39628087033336097,train
21176,39628087129801180,train
21177,39628087133995909,train
21178,39628087142386301,train
21163,39628087146580675,train
21167,39628087167551469,train
21202,39628087247242597,train
21205,39628087247247379,train
5602,39628087251440861,train
21206,39628087255632624,train
20944,39628087314353398,train
20937,39628087339516179,train
20929,39628087352102782,train
22204,39628087360492147,train
5722,39628087373075256,train
22202,39628087373075256,train
22181,39628087415014341,train
22078,39628087486319082,train
22077,39628087486320966,train
5695,39628087486321375,train
17027,39628088039969243,train
17018,39628088048353985,train
17029,39628088056742479,train
537,39628092477543725,train
7957,39628092511097893,train
7960,39628092515293331,train
27256,39628092590785582,train
27221,39628092594980328,train
26437,39628092708227013,train
26441,39628092725006434,train
26376,39628092804695985,train
26380,39628092817278137,train
26379,39628092817280528,train
26027,39628092825671191,train
26028,39628092834057119,train
26589,39628092884391422,train
26588,39628092901167445,train
6433,39628092934720949,train
21173,39628093018603764,train
21175,39628093022798939,train
21174,39628093022798975,train
21179,39628093052160231,train
21166,39628093064743585,train
21248,39628093077324034,train
21241,39628093077328532,train
21208,39628093157016904,train
21207,39628093157020365,train
21225,39628093165405131,train
20943,39628093232515908,train
22203,39628093266068306,train
4019,39628093882633247,train
17026,39628093941350656,train
3929,39628093949742602,train
17031,39628093958132534,train
7966,39628098378928659,train
7967,39628098387314523,train
536,39628098404095417,train
27344,39628098412479022,train
6605,39628098420871884,train
27248,39628098450230345,train
27251,39628098471201125,train
6586,39628098475394122,train
27254,39628098475394122,train
27257,39628098479588160,train
6588,39628098487976778,train
27258,39628098487976778,train
27224,39628098492173200,train
27272,39628098529922637,train
26315,39628098576060853,train
26292,39628098584447893,train
26445,39628098592834828,train
26434,39628098609614243,train
26442,39628098618000621,train
26443,39628098622196827,train
26349,39628098676721655,train
26375,39628098701888385,train
26374,39628098701890323,train
26377,39628098710278250,train
26378,39628098714470701,train
26537,39628098819326266,train
26539,39628098819330158,train
6436,39628098899019003,train
6435,39628098899022100,train
5596,39628098911602738,train
21181,39628098949349549,train
21168,39628098957741656,train
21249,39628098970324063,train
21215,39628099024847337,train
21203,39628099041627844,train
20945,39628099112929501,train
4018,39628099784017425,train
17039,39628099846931526,train
3927,39628099846931529,train
17032,39628099851127830,train
17036,39628099859518338,train
3926,39628099863708916,train
6604,39628104297088982,train
27343,39628104297090707,train
27346,39628104297090709,train
27345,39628104301287076,train
6587,39628104376779325,train
27273,39628104389367383,train
27271,39628104427111269,train
26320,39628104443890682,train
26319,39628104456471709,train
26317,39628104464862692,train
26291,39628104473252881,train
6419,39628104477446521,train
26444,39628104494222658,train
26373,39628104548749158,train
26372,39628104557136025,train
26370,39628104561329790,train
26347,39628104569717419,train
26590,39628104674575704,train
21180,39628104838152423,train
21246,39628104854935109,train
21247,39628104863321824,train
21218,39628104922042149,train
21217,39628104926233062,train
20946,39628105010120238,train
22183,39628105085618736,train
22185,39628105094005899,train
17024,39628105718957293,train
17037,39628105718960702,train
27381,39628110181700730,train
27351,39628110198476136,train
27350,39628110202669029,train
27261,39628110248807434,train
27267,39628110248807450,train
27275,39628110273971483,train
6591,39628110286557009,train
27278,39628110286557856,train
27279,39628110290748079,train
26446,39628110366249788,train
6420,39628110412383091,train
26384,39628110479492117,train
26381,39628110483686915,train
26391,39628110500463811,train
26390,39628110500467097,train
26392,39628110504657536,train
26546,39628110659846590,train
6437,39628110680820553,train
26553,39628110680820553,train
5604,39628110815036504,train
21216,39628110815036504,train
20947,39628110898923597,train
22210,39628110957646783,train
17192,39628111599370821,train
17196,39628111603568938,train
17195,39628111607759747,train
17038,39628111607760845,train
3925,39628111628732745,train
540,39628116024363859,train
7970,39628116032751885,train
539,39628116032753591,train
27377,39628116053725127,train
27348,39628116087280972,train
6607,39628116095664232,train
27354,39628116095664232,train
27353,39628116099860116,train
27356,39628116104055997,train
27259,39628116125027296,train
27266,39628116125027308,train
27265,39628116125027319,train
27303,39628116150193538,train
27302,39628116150194089,train
27307,39628116154387986,train
27277,39628116154389903,train
6590,39628116179553539,train
27282,39628116187943586,train
26321,39628116200526259,train
26447,39628116250854022,train
6418,39628116271825076,train
26383,39628116347326361,train
26387,39628116380881220,train
26538,39628116477349559,train
26543,39628116485738635,train
26542,39628116498319234,train
26540,39628116498321940,train
6438,39628116515096024,train
26547,39628116536070171,train
26552,39628116557037660,train
21185,39628116573818112,train
21182,39628116590595547,train
21245,39628116615762417,train
21250,39628116619954615,train
21252,39628116632535189,train
21254,39628116632536320,train
21220,39628116666089604,train
21224,39628116708032748,train
21223,39628116708035636,train
22182,39628116846447112,train
21932,39628117135855471,train
21934,39628117140048217,train
21933,39628117144241555,train
22120,39628117148438682,train
4025,39628117429458095,train
4021,39628117475594509,train
17194,39628117479788857,train
7971,39628121900581147,train
6616,39628121908973607,train
6615,39628121908973618,train
27379,39628121917359646,train
27376,39628121925750090,train
27387,39628121938330310,train
27349,39628121946722977,train
27366,39628121959305290,train
6611,39628121963496839,train
27263,39628121988663717,train
6589,39628121997053371,train
6592,39628122047387771,train
27284,39628122064158934,train
26322,39628122072552817,train
26324,39628122085132054,train
26325,39628122089325148,train
26465,39628122101907762,train
26468,39628122101911093,train
26448,39628122148047808,train
26450,39628122156433722,train
26414,39628122189992181,train
26415,39628122198378231,train
26417,39628122202572569,train
26382,39628122219351891,train
26401,39628122227741574,train
26386,39628122244518543,train
26541,39628122361958656,train
26549,39628122399704805,train
26551,39628122399708458,train
26548,39628122412288179,train
26562,39628122416482191,train
21184,39628122445843199,train
21221,39628122533925148,train
22205,39628122684917340,train
22206,39628122689111602,train
22188,39628122722669199,train
22187,39628122722669688,train
22186,39628122731057063,train
22096,39628122873660238,train
21936,39628122999490328,train
22117,39628123020463591,train
22119,39628123024656553,train
4028,39628123288897187,train
4027,39628123305673688,train
17190,39628123330842289,train
17201,39628123351815592,train
3930,39628123368588265,train
3931,39628123368590785,train
27396,39628127776802284,train
6620,39628127780996900,train
27398,39628127780996900,train
27380,39628127789386724,train
27392,39628127793579152,train
27391,39628127793584063,train
27386,39628127801969838,train
27393,39628127801969844,train
6610,39628127827137472,train
27363,39628127827137472,train
27357,39628127835523816,train
6609,39628127843909732,train
27262,39628127852298592,train
27316,39628127864881542,train
27318,39628127864881555,train
27306,39628127881661786,train
27309,39628127894244609,train
27313,39628127898436791,train
26323,39628127948767943,train
26467,39628127969743954,train
26470,39628127973935734,train
26469,39628127978128938,train
26455,39628128028459879,train
26453,39628128028460137,train
26421,39628128049430894,train
26418,39628128049433830,train
26416,39628128062016855,train
26403,39628128091374014,train
26400,39628128095571876,train
26385,39628128108153113,train
26388,39628128112346025,train
26389,39628128112346640,train
26398,39628128116542539,train
26601,39628128166872804,train
26599,39628128187842607,train
26597,39628128187845109,train
26576,39628128238176699,train
26574,39628128238177980,train
26567,39628128242372108,train
26566,39628128246565732,train
26563,39628128280118035,train
26554,39628128296894640,train
21258,39628128343035380,train
21259,39628128359809334,train
21253,39628128359812651,train
22211,39628128565334561,train
22098,39628128712133413,train
22095,39628128728911540,train
22087,39628128850546098,train
22086,39628128854737713,train
4029,39628129152536467,train
17191,39628129186088539,train
17193,39628129207062527,train
17197,39628129211256273,train
17199,39628129223839016,train
27394,39628133640438992,train
6618,39628133640439916,train
6619,39628133640440696,train
27395,39628133640440696,train
27400,39628133648830928,train
27389,39628133657218641,train
27384,39628133665609677,train
27385,39628133669797938,train
27361,39628133673995293,train
27365,39628133686576537,train
27369,39628133686579973,train
27427,39628133715939090,train
27322,39628133732717111,train
27321,39628133736907118,train
6595,39628133741105009,train
27311,39628133741105009,train
27314,39628133745295489,train
27312,39628133745297798,train
27310,39628133757878498,train
27315,39628133762075878,train
27293,39628133766267932,train
27291,39628133783044772,train
27292,39628133783044914,train
27286,39628133804016867,train
27287,39628133804016931,train
27285,39628133804016935,train
26474,39628133833381154,train
26460,39628133854352255,train
26458,39628133858544800,train
6422,39628133871124878,train
26452,39628133879514308,train
26454,39628133883707896,train
26420,39628133913069009,train
26402,39628133963402621,train
26404,39628133967593721,train
26393,39628133971790768,train
26399,39628133988568725,train
26723,39628133992761935,train
26598,39628134047286325,train
26600,39628134047286914,train
26594,39628134064068343,train
26596,39628134080841849,train
26573,39628134089228391,train
26572,39628134089230679,train
26575,39628134097616940,train
26571,39628134097619805,train
26570,39628134106010066,train
6439,39628134118590452,train
26569,39628134126980189,train
26568,39628134126981075,train
26560,39628134160532888,train
26559,39628134160534054,train
21229,39628134298945351,train
21231,39628134303138081,train
22208,39628134403803846,train
22215,39628134412193644,train
22216,39628134416385053,train
22212,39628134445747271,train
22191,39628134449942379,train
22100,39628134563189766,train
22123,39628134743544038,train
4031,39628135003592119,train
17203,39628135053924411,train
17204,39628135053924878,train
17198,39628135079087899,train
27402,39628139495688053,train
6614,39628139508272072,train
27388,39628139508272072,train
27390,39628139512467295,train
27408,39628139525050879,train
27364,39628139529245386,train
27370,39628139533441561,train
27367,39628139537634984,train
27320,39628139579574624,train
27319,39628139579577201,train
6598,39628139617324971,train
27298,39628139638295347,train
27288,39628139655071697,train
27500,39628139659264466,train
27502,39628139659266778,train
27504,39628139659267982,train
27506,39628139663459883,train
26472,39628139701210150,train
26479,39628139709597570,train
26456,39628139717987108,train
26459,39628139722179372,train
26462,39628139726376885,train
26419,39628139755737715,train
26396,39628139827040137,train
26593,39628139923508441,train
26620,39628139940285062,train
26579,39628139978035191,train
26564,39628139986420875,train
26561,39628140011585797,train
26555,39628140015781542,train
21257,39628140057723921,train
21255,39628140057724364,train
21256,39628140057726235,train
22217,39628140263245389,train
22218,39628140267439642,train
22219,39628140271633672,train
22223,39628140275830562,train
22222,39628140280022192,train
22213,39628140284217208,train
22214,39628140288410462,train
22190,39628140309386293,train
22189,39628140321964486,train
22102,39628140435213865,train
22126,39628140602985542,train
4040,39628140825283009,train
4032,39628140867228432,train
4036,39628140888199942,train
17205,39628140904974481,train
29834,39628140938528606,train
29838,39628140942721406,train
27641,39628145325771945,train
27403,39628145342547651,train
27399,39628145346742946,train
27401,39628145350935850,train
6621,39628145350937175,train
27404,39628145350938879,train
27406,39628145371909268,train
27372,39628145388686697,train
27371,39628145388687692,train
27374,39628145392881996,train
6612,39628145397076137,train
6608,39628145405461546,train
6624,39628145405463181,train
27430,39628145426432753,train
27323,39628145434824066,train
27299,39628145493541228,train
27503,39628145506124422,train
27505,39628145510322418,train
26471,39628145539679918,train
26477,39628145552265532,train
26478,39628145556456795,train
26476,39628145556460084,train
26475,39628145560652584,train
26463,39628145564847842,train
6427,39628145590013503,train
26422,39628145644540638,train
26411,39628145657122116,train
26406,39628145665512803,train
26606,39628145703256865,train
26595,39628145770365436,train
26577,39628145816507467,train
21265,39628145887806951,train
21261,39628145892001411,train
21269,39628145896197351,train
21262,39628145900389785,train
21232,39628145980083503,train
21234,39628145984277055,train
21237,39628146001053749,train
21226,39628146017834093,train
21227,39628146026218980,train
22221,39628146126885880,train
22232,39628146143659825,train
22231,39628146147853642,train
22122,39628146424680152,train
4041,39628146667946967,train
4042,39628146672141713,train
4034,39628146722475819,train
17207,39628146760221983,train
29836,39628146776999177,train
7228,39628146781193093,train
29835,39628146781194673,train
7229,39628146785388640,train
7230,39628146785390266,train
27640,39628151155853172,train
27639,39628151164243512,train
27646,39628151168439574,train
27642,39628151172632842,train
27405,39628151189409830,train
27439,39628151243933487,train
27426,39628151256515642,train
6623,39628151256516808,train
27435,39628151264906562,train
6596,39628151269097867,train
27324,39628151273293910,train
27326,39628151273297870,train
27327,39628151277490309,train
27329,39628151311045623,train
6593,39628151315237967,train
27295,39628151315238947,train
27296,39628151319431910,train
27300,39628151327818580,train
6594,39628151327820698,train
27499,39628151352985464,train
27507,39628151357180656,train
6424,39628151407514386,train
26425,39628151478813070,train
26424,39628151478816463,train
26426,39628151487204445,train
26412,39628151508173462,train
26410,39628151508174390,train
26730,39628151516564620,train
26719,39628151524953551,train
26721,39628151529147684,train
26605,39628151545924527,train
26621,39628151608837553,train
26622,39628151613032328,train
26664,39628151696917906,train
26663,39628151696918631,train
21266,39628151722084966,train
21267,39628151730473527,train
21264,39628151734667290,train
21263,39628151738861544,train
21276,39628151743053984,train
21274,39628151743057490,train
21273,39628151764026540,train
21272,39628151764026892,train
21271,39628151768222409,train
21236,39628151843720553,train
21228,39628151873077878,train
22225,39628151927604428,train
22220,39628151952772976,train
22201,39628152015685065,train
22194,39628152019883397,train
22193,39628152024072922,train
22195,39628152024072972,train
22254,39628152078599419,train
22257,39628152082792534,train
22260,39628152082796463,train
22105,39628152107961276,train
22125,39628152279927742,train
4035,39628152569332400,train
17211,39628152581919332,train
17214,39628152586109538,train
29843,39628152611277160,train
29833,39628152611277814,train
29837,39628152615473494,train
27418,39628157023687393,train
6622,39628157027877015,train
27420,39628157036266790,train
27407,39628157040464281,train
27414,39628157057239859,train
27415,39628157057240970,train
27440,39628157074016286,train
27437,39628157074019747,train
27428,39628157082409148,train
27431,39628157090796136,train
27434,39628157094991244,train
27436,39628157099184409,train
6597,39628157136929852,train
27297,39628157153706207,train
27501,39628157178875033,train
6425,39628157229205406,train
26481,39628157229205406,train
26480,39628157233399802,train
26423,39628157317285114,train
26722,39628157363422400,train
26727,39628157363425638,train
26607,39628157384393746,train
26610,39628157413754698,train
26612,39628157413757148,train
26611,39628157417948864,train
21277,39628157568945130,train
21275,39628157577334677,train
22224,39628157787048577,train
5724,39628157791241330,train
22255,39628157904491096,train
22259,39628157912878676,train
22258,39628157921267663,train
22106,39628157942236239,train
22133,39628158080649677,train
4033,39628158386834518,train
17212,39628158407806083,train
17215,39628158412000367,train
4023,39628158437163483,train
29844,39628158453940565,train
27684,39628162799244065,train
27651,39628162811827274,train
27649,39628162820210762,train
27650,39628162820211278,train
27648,39628162820211455,train
27643,39628162832795208,train
27647,39628162836989437,train
27416,39628162866353094,train
27413,39628162874739332,train
27412,39628162874742330,train
6626,39628162912487941,train
27432,39628162916684813,train
27433,39628162920879163,train
27332,39628162954432131,train
6601,39628162958628043,train
27509,39628163017347213,train
27513,39628163029926282,train
26482,39628163034121725,train
26483,39628163042512374,train
6426,39628163055095085,train
26729,39628163176729865,train
26728,39628163180925647,train
26725,39628163189313663,train
26724,39628163210281463,train
26608,39628163243839039,train
26609,39628163243839835,train
26584,39628163340308443,train
26661,39628163357082143,train
21282,39628163474525487,train
21284,39628163478716742,train
5723,39628163617130863,train
22236,39628163642297168,train
22198,39628163671659687,train
22200,39628163675852586,train
22196,39628163680044549,train
22262,39628163713598949,train
22264,39628163730379205,train
22104,39628163759737462,train
22134,39628163906540404,train
22131,39628163931705489,train
22132,39628163935896299,train
4045,39628164183362106,train
17206,39628164254667092,train
29842,39628164271441750,train
29840,39628164275635475,train
27656,39628168658687048,train
27658,39628168662880931,train
27417,39628168675461802,train
27423,39628168683851922,train
27425,39628168692239455,train
27458,39628168713210336,train
27444,39628168729989380,train
27443,39628168734180281,train
27441,39628168738376362,train
6625,39628168750957642,train
27447,39628168759346184,train
6600,39628168763544283,train
27334,39628168771930828,train
6602,39628168776124388,train
27339,39628168780318654,train
26429,39628168964868432,train
26428,39628168977450978,train
26732,39628168990033763,train
26726,39628169011007054,train
26614,39628169036170496,train
26613,39628169044559955,train
26615,39628169048752465,train
26625,39628169120060819,train
26585,39628169157807352,train
21285,39628169292024151,train
21283,39628169296217969,train
22314,39628169346550002,train
22234,39628169459798121,train
22238,39628169489156959,train
22199,39628169493350187,train
22197,39628169497543847,train
22263,39628169535294785,train
22256,39628169564657353,train
22092,39628169686289242,train
22089,39628169694676840,train
22135,39628169724035218,train
22130,39628169740814844,train
17216,39628170055387349,train
29839,39628170076359918,train
29848,39628170080551478,train
29841,39628170080553092,train
27690,39628174425856994,train
27686,39628174430048402,train
27687,39628174430048901,train
27653,39628174451015797,train
27655,39628174459407215,train
27663,39628174467797862,train
27660,39628174471988566,train
27664,39628174484572526,train
27422,39628174488768680,train
27446,39628174568457505,train
27337,39628174589428408,train
27330,39628174597820438,train
27510,39628174648148377,train
27512,39628174664928565,train
26432,39628174761398804,train
26733,39628174786560095,train
26731,39628174794949207,train
26617,39628174853669133,train
26616,39628174862061734,train
26652,39628174878837229,train
26653,39628174878837253,train
26651,39628174887224801,train
26627,39628174920782335,train
26626,39628174929166854,train
26581,39628174962723765,train
26586,39628174966916290,train
21289,39628175101135857,train
21238,39628175126303484,train
22313,39628175151465218,train
22107,39628175390544145,train
22093,39628175487013846,train
22091,39628175507982661,train
22090,39628175507986049,train
4038,39628175868691944,train
4037,39628175868692599,train
29847,39628175877082458,train
29846,39628175877083750,train
29845,39628175881274593,train
27688,39628180226577949,train
27689,39628180226578684,train
27683,39628180243350361,train
27657,39628180272710771,train
27662,39628180281102134,train
27465,39628180310460496,train
27466,39628180310462494,train
27442,39628180339821081,train
6627,39628180356597463,train
27445,39628180373373093,train
27335,39628180385956172,train
6603,39628180394346082,train
27338,39628180394346082,train
27520,39628180448874835,train
26491,39628180520173869,train
26490,39628180524371394,train
26430,39628180566315026,train
26431,39628180574701113,train
26654,39628180683752277,train
26623,39628180738277824,train
26629,39628180742472575,train
21279,39628180847330433,train
21287,39628180906054538,train
21240,39628180931216404,train
22312,39628180964770575,train
22228,39628181019296687,train
22229,39628181031878929,train
22230,39628181036073946,train
22242,39628181082212661,train
22237,39628181086409500,train
22239,39628181098989002,train
22266,39628181149322469,train
22267,39628181149322628,train
22108,39628181291926044,train
22138,39628181321286640,train
30361,39628181531005178,train
30354,39628181543588171,train
30353,39628181547780528,train
30356,39628181551975504,train
4039,39628181665218868,train
27654,39628186052460810,train
27671,39628186069239904,train
27665,39628186090212914,train
27424,39628186094407442,train
27467,39628186102793076,train
27471,39628186115376714,train
27449,39628186178293608,train
27529,39628186190876694,train
27514,39628186262178943,train
27516,39628186266370899,train
26488,39628186320896448,train
26489,39628186325091099,train
26496,39628186329287430,train
26493,39628186346065877,train
26492,39628186354451456,train
26494,39628186354454608,train
26433,39628186367038158,train
26739,39628186371232814,train
26638,39628186509644003,train
26640,39628186518030794,train
26624,39628186518031759,train
26635,39628186522224363,train
26628,39628186530612341,train
26665,39628186631277233,train
21278,39628186639667020,train
21291,39628186669024438,train
21292,39628186673220564,train
21290,39628186706774647,train
22235,39628186861965050,train
22240,39628186874545322,train
22241,39628186874546241,train
22268,39628186941654576,train
22136,39628187109426016,train
30360,39628187327532834,train
30355,39628187335922139,train
6659,39628191815437492,train
27694,39628191828017303,train
27673,39628191836408247,train
27666,39628191865767079,train
27668,39628191865769158,train
27723,39628191882543716,train
27468,39628191886742229,train
27469,39628191895126655,train
27459,39628191911906116,train
27448,39628191970624301,train
27530,39628191974819620,train
6636,39628191974821326,train
27518,39628192025150746,train
27523,39628192037735572,train
26502,39628192067094270,train
26495,39628192104845679,train
26737,39628192163562682,train
26650,39628192264227457,train
26639,39628192293588003,train
26634,39628192306173286,train
26666,39628192411026443,train
21296,39628192444581560,train
22243,39628192650102091,train
30358,39628193136640617,train
7233,39628193241502449,train
30156,39628197570025057,train
27691,39628197599384673,train
27693,39628197607770452,train
27692,39628197611963589,train
27708,39628197611965047,train
27707,39628197616159076,train
27670,39628197624545972,train
27674,39628197628740837,train
27677,39628197632937013,train
27675,39628197632938282,train
27682,39628197637133475,train
27678,39628197641325873,train
27473,39628197674878623,train
27475,39628197679075515,train
27462,39628197700043044,train
6630,39628197700043525,train
27461,39628197700043525,train
6632,39628197700044577,train
27479,39628197700044577,train
27460,39628197700045260,train
27450,39628197729403377,train
27576,39628197754570915,train
27528,39628197767152272,train
27526,39628197821678598,train
26501,39628197855233568,train
26497,39628197901370991,train
26736,39628197943312657,train
26738,39628197947510842,train
26742,39628197951703364,train
26740,39628197951704419,train
26741,39628197951705797,train
26657,39628198043976995,train
26637,39628198073341153,train
26632,39628198098504570,train
26672,39628198115279610,train
26670,39628198115279758,train
26667,39628198194971295,train
21297,39628198224331568,train
21293,39628198241109231,train
22326,39628198291442606,train
22112,39628198626986788,train
22111,39628198631178382,train
22110,39628198639571386,train
30363,39628198899614012,train
7234,39628199025444593,train
27700,39628203370744371,train
27696,39628203370744659,train
27701,39628203374940745,train
27702,39628203400104383,train
27704,39628203400107935,train
27681,39628203408491136,train
27676,39628203416882993,train
27463,39628203467216231,train
27480,39628203488183718,train
27453,39628203504962398,train
6642,39628203521738023,train
6643,39628203525931569,train
6640,39628203525932529,train
27575,39628203530129874,train
27534,39628203542710667,train
6637,39628203546903154,train
27521,39628203588849249,train
27524,39628203588850507,train
27527,39628203597236920,train
27517,39628203605624398,train
27548,39628203618208276,train
26500,39628203685316111,train
26499,39628203689511645,train
26498,39628203689511908,train
26735,39628203718870425,train
26755,39628203790172406,train
26754,39628203794369282,train
26753,39628203798561627,train
26757,39628203802758831,train
26655,39628203823727090,train
26645,39628203861476382,train
26642,39628203869864361,train
26630,39628203878254216,train
26673,39628203882450018,train
26669,39628203890836718,train
26674,39628203890838108,train
21294,39628203999890782,train
21295,39628204008278240,train
22329,39628204071192074,train
22245,39628204226382484,train
22246,39628204226384491,train
22244,39628204230579374,train
22277,39628204243161908,train
22115,39628204406736508,train
30365,39628204666784999,train
30366,39628204683559524,train
30357,39628204687756926,train
30373,39628204691951276,train
30374,39628204700340426,train
30157,39628209108554882,train
30158,39628209116940037,train
27699,39628209137912966,train
27726,39628209200824401,train
27725,39628209200827235,train
27478,39628209225992463,train
27477,39628209225993633,train
27476,39628209230186530,train
6631,39628209234383339,train
27490,39628209238577122,train
27489,39628209238578669,train
27488,39628209242768139,train
6634,39628209246964706,train
27481,39628209246967729,train
6633,39628209255350351,train
6629,39628209280517248,train
27573,39628209288908586,train
6641,39628209288908890,train
27574,39628209293099472,train
6645,39628209309880513,train
27533,39628209314075541,train
6638,39628209318265337,train
27531,39628209318265337,train
27550,39628209402151894,train
26763,39628209553149118,train
26765,39628209557342656,train
26647,39628209628643925,train
26641,39628209637034516,train
21303,39628209804804999,train
22327,39628209838359116,train
22328,39628209838360976,train
22248,39628209980969539,train
22279,39628210014524564,train
22116,39628210173905269,train
22114,39628210182293656,train
22144,39628210194877294,train
22139,39628210211653776,train
30370,39628210433950251,train
30372,39628210467507297,train
27705,39628214926049344,train
27710,39628214934439040,train
27736,39628214951215704,train
27724,39628214967993912,train
27483,39628215018326264,train
27484,39628215022521206,train
27452,39628215035102566,train
27451,39628215035103075,train
6648,39628215043490904,train
6646,39628215043494409,train
6644,39628215068655847,train
27578,39628215072851783,train
27532,39628215077045121,train
27535,39628215093822496,train
27554,39628215127376507,train
27547,39628215144153862,train
26764,39628215311926755,train
26767,39628215320315478,train
26756,39628215324511364,train
26646,39628215391622064,train
26648,39628215395813457,train
26684,39628215400010961,train
26681,39628215429368220,train
22315,39628215647474721,train
22316,39628215651664638,train
22317,39628215651667064,train
22247,39628215752331979,train
22280,39628215756525367,train
22148,39628215941073414,train
22145,39628215953657799,train
30369,39628216184342171,train
30367,39628216192732258,train
30364,39628216201123364,train
5701,39628216217900124,train
5700,39628216222089340,train
30376,39628216222092300,train
30371,39628216226286076,train
7235,39628216297587486,train
6660,39628220655472621,train
27715,39628220663857588,train
27717,39628220663857778,train
27722,39628220672249226,train
27709,39628220676442863,train
27713,39628220676443841,train
27752,39628220693221699,train
27731,39628220714190552,train
27735,39628220714190554,train
27729,39628220722577929,train
27728,39628220726771871,train
27491,39628220760330393,train
27487,39628220760331699,train
27486,39628220781300056,train
6647,39628220798078364,train
27579,39628220806464454,train
27577,39628220823243955,train
27537,39628220835827087,train
27536,39628220840022770,train
27539,39628220844214856,train
27557,39628220873577332,train
27555,39628220886159705,train
27556,39628220890350868,train
27553,39628220898741876,train
27179,39628220961658038,train
26759,39628221083287797,train
26761,39628221091677081,train
26760,39628221091681136,train
26824,39628221100067113,train
26682,39628221146204696,train
26676,39628221167175348,train
26687,39628221167176035,train
26680,39628221167178439,train
26678,39628221179760805,train
26679,39628221183953201,train
21302,39628221301394615,train
21299,39628221322363286,train
22330,39628221326559882,train
22331,39628221330754512,train
22332,39628221334948404,train
22251,39628221494329401,train
22281,39628221506913310,train
22147,39628221691463976,train
22146,39628221699852313,train
22149,39628221704045644,train
30378,39628221951524879,train
5702,39628221959899272,train
27770,39628226380699136,train
27768,39628226384892844,train
27714,39628226405862665,train
27716,39628226410056677,train
27751,39628226435223380,train
27753,39628226439415600,train
27732,39628226447805245,train
27738,39628226460386011,train
27727,39628226468776042,train
27493,39628226506527447,train
27586,39628226523303523,train
27561,39628226611385441,train
27564,39628226615578285,train
27552,39628226649130062,train
27178,39628226703659766,train
26766,39628226812707309,train
26762,39628226833681915,train
26822,39628226833682551,train
26659,39628226871429767,train
26658,39628226875622401,train
21301,39628227055978750,train
22333,39628227076949216,train
22338,39628227110503622,train
22337,39628227114700473,train
22284,39628227257304523,train
22283,39628227257306836,train
22287,39628227261502316,train
30368,39628227680932121,train
30375,39628227701901085,train
7237,39628227789984883,train
27719,39628232139476096,train
27720,39628232160447126,train
27754,39628232181416540,train
27756,39628232181418309,train
6661,39628232202388122,train
27741,39628232219167540,train
27495,39628232235942019,train
27492,39628232244331916,train
27589,39628232261112395,train
27541,39628232328218100,train
27544,39628232328219441,train
27563,39628232357577640,train
27560,39628232391136232,train
27559,39628232395328651,train
26758,39628232567293735,train
26689,39628232613431238,train
26690,39628232626016510,train
26685,39628232638595737,train
26686,39628232646984193,train
22349,39628232789591960,train
22348,39628232793784877,train
22345,39628232802173207,train
22320,39628232860898419,train
22252,39628232969946047,train
22295,39628232986722393,train
30377,39628233418740397,train
30379,39628233422932343,train
5703,39628233473262643,train
27782,39628237843729957,train
30161,39628237843729957,train
27777,39628237868893299,train
27721,39628237873089111,train
6666,39628237889864774,train
27759,39628237889864778,train
27758,39628237889866363,train
27762,39628237889867585,train
27757,39628237889867587,train
27744,39628237944394267,train
27497,39628237956977531,train
27498,39628237965365077,train
27543,39628238061831591,train
27542,39628238061832444,train
27562,39628238082804999,train
27565,39628238091191942,train
27177,39628238162496712,train
22347,39628238523206272,train
22346,39628238527399588,train
22335,39628238539982470,train
22334,39628238552564924,train
22321,39628238598703913,train
22298,39628238690979660,train
22285,39628238732922385,train
30380,39628239148158281,train
30164,39628243543788261,train
27781,39628243564760411,train
27785,39628243568953013,train
27775,39628243589923943,train
6663,39628243644451848,train
6662,39628243652837456,train
27750,39628243652837456,train
27749,39628243652837747,train
27742,39628243665421316,train
27743,39628243665422455,train
27746,39628243678006010,train
27496,39628243682200041,train
27582,39628243745114145,train
6650,39628243761893469,train
27580,39628243770280691,train
27546,39628243774473224,train
27540,39628243774473246,train
30401,39628243774473246,train
6639,39628243774473912,train
27566,39628243803833686,train
27567,39628243803834955,train
27568,39628243808030803,train
22351,39628244248430411,train
22355,39628244252626155,train
22341,39628244273594550,train
22340,39628244277792280,train
22325,39628244319736973,train
22323,39628244323929245,train
22299,39628244416201011,train
22286,39628244445563374,train
22294,39628244453950563,train
5704,39628244906935956,train
30163,39628249256429208,train
27780,39628249264819871,train
27783,39628249277400186,train
27784,39628249281596647,train
27772,39628249289982762,train
27774,39628249289987297,train
27773,39628249298373583,train
27776,39628249302566681,train
27584,39628249440979337,train
22350,39628249952682177,train
22353,39628249961074022,train
22354,39628249969461795,train
22343,39628249982044764,train
22342,39628249982046564,train
22293,39628250170788165,train
22292,39628250170789940,train
22290,39628250195953203,train
30165,39628254960688484,train
6672,39628254964881874,train
27787,39628254964881874,train
6668,39628254977460342,train
27778,39628254977460342,train
27786,39628254981653690,train
6670,39628254981656540,train
6669,39628254981656558,train
27771,39628254990045559,train
27760,39628255019405373,train
6665,39628255065539426,train
6664,39628255065541030,train
27747,39628255082315950,train
27745,39628255082320628,train
6652,39628255111681058,train
6654,39628255136844957,train
27599,39628255136844957,train
27611,39628255182980383,train
22322,39628255728242403,train
22324,39628255732435973,train
22300,39628255820515842,train
22291,39628255887626363,train
22289,39628255891817872,train
22151,39628256026035500,train
5706,39628256281888434,train
294,39628256344804324,train
30162,39628260643968993,train
27788,39628260660743204,train
6671,39628260681713293,train
27802,39628260694299800,train
27801,39628260702684325,train
27748,39628260778180644,train
27594,39628260824321497,train
27593,39628260828513682,train
27600,39628260832707150,train
27583,39628260845292247,train
27571,39628260908204465,train
22356,39628261340219532,train
22357,39628261344415120,train
22361,39628261365388588,train
22370,39628261415720466,train
5726,39628261587682518,train
22271,39628261650598956,train
22154,39628261713514063,train
5707,39628261981948468,train
27803,39628266381774305,train
27805,39628266385970044,train
27764,39628266406937174,train
27766,39628266411135605,train
27765,39628266415325252,train
6688,39628266486632170,train
27849,39628266486632170,train
6689,39628266490823439,train
27851,39628266490823439,train
27598,39628266515988745,train
27613,39628266574708831,train
27572,39628266583100139,train
27570,39628266591488781,train
22359,39628267023504576,train
22360,39628267048670484,train
22369,39628267090609093,train
22368,39628267090611043,train
22371,39628267094807363,train
22301,39628267270964148,train
22269,39628267333880206,train
22153,39628267396795702,train
27790,39628272023114581,train
27791,39628272027305047,train
27800,39628272056667909,train
27808,39628272073446440,train
27763,39628272077637192,train
6667,39628272081832140,train
27852,39628272132166792,train
27853,39628272136360967,train
27591,39628272169913020,train
6653,39628272174105282,train
27592,39628272174105282,train
27601,39628272178302493,train
27602,39628272182494860,train
27604,39628272182496163,train
27595,39628272190883297,train
22366,39628272715171528,train
22367,39628272765503283,train
22374,39628272836809004,train
22306,39628272933277026,train
22307,39628272937470495,train
22270,39628273008773944,train
22424,39628273017163469,train
22158,39628273071687647,train
22150,39628273075882793,train
22155,39628273084269837,train
5708,39628273344316075,train
27793,39628277677036854,train
27795,39628277681230226,train
27792,39628277681230239,train
27794,39628277685423954,train
27796,39628277685424430,train
27810,39628277714781163,train
27854,39628277794478018,train
27850,39628277823835806,train
22364,39628278369095263,train
22365,39628278377482616,train
22305,39628278595586696,train
5728,39628278599782532,train
22159,39628278721416438,train
22156,39628278733999787,train
296,39628279044376387,train
27812,39628283356122529,train
27815,39628283372896457,train
6656,39628283486145058,train
27603,39628283494533025,train
27605,39628283498727125,train
22303,39628284236925280,train
22304,39628284241120918,train
22157,39628284371142493,train
22166,39628284379530916,train
22164,39628284383726780,train
22163,39628284387918268,train
27798,39628288959713292,train
27606,39628289140066152,train
27610,39628289140068133,train
27608,39628289144263545,train
27609,39628289148455682,train
22378,39628289790183761,train
22309,39628289895041931,train
22274,39628289932788997,train
22273,39628289936985330,train
22272,39628289941177529,train
22422,39628289970536674,train
22423,39628289970538511,train
22160,39628290020872343,train
22165,39628290033452171,train
27799,39628294609441280,train
6674,39628294651382567,train
27814,39628294651382567,train
27855,39628294756241794,train
27857,39628294764627542,train
27607,39628294768825472,train
22379,39628295418940992,train
22376,39628295423134979,train
22308,39628295519602167,train
5727,39628295523796033,train
22162,39628295653819566,train
6917,39628300213027650,train
28766,39628300221416721,train
28768,39628300221420128,train
27823,39628300254974700,train
6675,39628300301109731,train
27817,39628300305301675,train
6690,39628300380801345,train
27862,39628300389189154,train
27863,39628300393385557,train
27858,39628300397577126,train
27616,39628300431135589,train
27617,39628300435326609,train
27618,39628300435328092,train
22310,39628301152552228,train
22276,39628301190302019,train
22275,39628301198688552,train
22429,39628301223858607,train
22434,39628301228048613,train
22433,39628301228052653,train
22425,39628301265798831,train
22161,39628301282579601,train
28769,39628305837594511,train
28767,39628305841786169,train
6679,39628305875341923,train
6677,39628305900505232,train
27820,39628305900505232,train
27818,39628305917281913,train
6691,39628306009559300,train
22427,39628306894555966,train
6918,39628311436986239,train
27826,39628311483123507,train
27822,39628311483126750,train
6676,39628311537650349,train
27865,39628311604758844,train
27859,39628311617339495,train
27860,39628311621536564,train
27615,39628311667671414,train
26692,39628312045159954,train
26697,39628312049353307,train
5714,39628312682693695,train
28770,39628317019604980,train
28772,39628317027992935,train
6680,39628317061549446,train
27828,39628317061549446,train
27829,39628317074129953,train
6681,39628317082521535,train
27837,39628317082521535,train
27835,39628317095101633,train
27834,39628317095103016,train
27833,39628317095103670,train
27874,39628317212542265,train
27619,39628317250289764,train
26702,39628317598418888,train
26699,39628317602614065,train
26698,39628317602615237,train
5711,39628318248537823,train
5713,39628318252731629,train
5716,39628318261121853,train
5715,39628318265313334,train
28774,39628322606419057,train
28771,39628322614808534,train
27831,39628322648362841,train
27830,39628322652558232,train
27836,39628322669334626,train
27867,39628322782577974,train
27864,39628322790968949,train
27873,39628322795162704,train
27872,39628322807748289,train
27623,39628322820326996,train
27620,39628322824523431,train
26703,39628323176842447,train
26701,39628323185229948,train
26693,39628323210397642,train
28231,39628323302672034,train
22437,39628323592077640,train
22436,39628323592078875,train
5712,39628323835349428,train
6919,39628328218397846,train
27827,39628328222592909,train
27839,39628328235177330,train
27845,39628328239366492,train
27840,39628328243561218,train
6682,39628328247759336,train
27866,39628328352613406,train
27880,39628328365195336,train
27884,39628328369390479,train
27878,39628328394556820,train
27622,39628328398749850,train
27630,39628328411336709,train
30166,39628328453277575,train
26706,39628328776238618,train
26709,39628328780434730,train
26705,39628328788821339,train
26694,39628328788825671,train
26695,39628328793017142,train
26696,39628328797211370,train
28242,39628328797213394,train
28240,39628328805601055,train
28232,39628328872710795,train
28230,39628328881094970,train
28228,39628328881096289,train
22435,39628329162118465,train
31968,39628329434745621,train
6683,39628333805208011,train
27841,39628333809403669,train
27868,39628333914261477,train
27882,39628333931041832,train
27881,39628333935232165,train
27879,39628333952011917,train
27621,39628333968790723,train
27629,39628333972980372,train
27628,39628333977177740,train
27627,39628334006538006,train
26711,39628334321107884,train
26710,39628334333692893,train
26704,39628334354665820,train
26707,39628334358856512,train
28241,39628334379827391,train
28235,39628334434357639,train
28233,39628334442743464,train
28234,39628334442744986,train
28229,39628334446936305,train
22440,39628334715372177,train
31962,39628334992195927,train
31964,39628335004782451,train
30949,39628335004782489,train
31958,39628335013169275,train
6920,39628339337499425,train
28775,39628339337499425,train
28777,39628339345883913,train
27844,39628339362665499,train
27848,39628339371050919,train
27925,39628339396215879,train
27924,39628339396216453,train
27870,39628339471715593,train
27895,39628339480103682,train
27898,39628339480103683,train
27876,39628339513660020,train
27625,39628339555600520,train
30167,39628339576571946,train
26712,39628339882758264,train
26708,39628339912116687,train
28239,39628339983417574,train
31972,39628340532872380,train
30951,39628340532874713,train
31973,39628340532874713,train
31965,39628340549648888,train
31971,39628340553845927,train
30946,39628340553845937,train
31969,39628340553846685,train
31966,39628340558037636,train
31970,39628340558040171,train
32000,39628340558040821,train
30969,39628340566426989,train
31999,39628340566426989,train
30100,39628340566429862,train
31959,39628340566429862,train
30943,39628340570624358,train
31960,39628340570624358,train
28781,39628344886562321,train
6921,39628344890756571,train
6922,39628344899142890,train
6685,39628344899146362,train
6684,39628344907532217,train
27897,39628345016587682,train
27900,39628345024974449,train
27885,39628345029168622,train
27883,39628345037555360,train
27887,39628345037557056,train
27877,39628345054332961,train
27894,39628345062723927,train
6692,39628345071111636,train
27624,39628345100468687,train
30171,39628345104664491,train
30170,39628345108857164,train
28053,39628345108861200,train
27180,39628345415042457,train
27181,39628345415043862,train
26715,39628345436014128,train
28244,39628345503125763,train
28236,39628345519899736,train
28238,39628345528288242,train
22438,39628345809306295,train
22446,39628345821892209,train
22444,39628345826087382,train
31975,39628346069353742,train
31976,39628346073548206,train
31974,39628346073549270,train
31983,39628346073550033,train
31982,39628346086129909,train
31977,39628346086132476,train
30955,39628346090324839,train
30966,39628346098712659,train
31991,39628346098712659,train
30968,39628346098715677,train
31992,39628346098715677,train
30970,39628346098716249,train
30965,39628346107104419,train
28787,39628350414654313,train
28779,39628350431434072,train
6687,39628350452404180,train
27926,39628350473375848,train
27886,39628350574037537,train
27891,39628350590814214,train
27892,39628350590816048,train
27633,39628350620172620,train
30169,39628350641146209,train
26714,39628350964107649,train
28246,39628351035410518,train
22381,39628351232542924,train
22380,39628351236735271,train
22443,39628351354180083,train
32043,39628351601639538,train
30982,39628351601640178,train
32045,39628351601640507,train
32051,39628351605833965,train
31987,39628351605834560,train
31985,39628351614222714,train
31979,39628351614224494,train
31981,39628351618418315,train
30952,39628351622615360,train
30961,39628351626807357,train
31998,39628351635194625,train
30967,39628351635198523,train
30109,39628351643585771,train
31996,39628351643585771,train
32009,39628351647777294,train
30104,39628351651973351,train
28790,39628355938554294,train
27936,39628355984688639,train
27935,39628355984691809,train
6696,39628355988885785,train
27933,39628356009857451,train
27902,39628356085352255,train
27907,39628356093740765,train
27905,39628356093740767,train
27889,39628356106325563,train
27893,39628356118909442,train
27635,39628356144071993,train
27634,39628356144072168,train
27637,39628356148265246,train
27636,39628356148267092,train
28052,39628356160851963,train
26718,39628356492201656,train
28254,39628356496396014,train
28258,39628356504782854,train
28247,39628356555115601,train
28249,39628356563503495,train
28237,39628356584473157,train
22454,39628356869686401,train
22449,39628356886466206,train
32046,39628357129734170,train
30957,39628357133929004,train
31980,39628357138121312,train
30956,39628357138124429,train
30954,39628357142318256,train
30119,39628357146511265,train
32020,39628357146511265,train
30963,39628357159093772,train
31994,39628357159093772,train
30108,39628357163289315,train
30964,39628357163289315,train
31993,39628357163290635,train
32017,39628357167483300,train
30114,39628357171678075,train
30973,39628357171678075,train
32010,39628357171678075,train
30105,39628357175869921,train
30944,39628357175869921,train
31961,39628357175869921,train
30102,39628357184259445,train
30101,39628357184262484,train
6925,39628361470838708,train
28782,39628361470838708,train
28784,39628361475031606,train
6927,39628361479230131,train
6695,39628361508587792,train
27927,39628361508587792,train
27931,39628361525366230,train
27906,39628361605058598,train
27888,39628361617637485,train
6693,39628361638612349,train
27638,39628361659581065,train
28253,39628362011905696,train
28255,39628362020291409,train
28250,39628362070623682,train
22382,39628362263562554,train
22447,39628362397778162,train
22450,39628362397782661,train
32048,39628362632664065,train
32055,39628362636855409,train
32047,39628362645243649,train
30123,39628362645245409,train
30983,39628362645245409,train
32053,39628362645245409,train
30959,39628362649436687,train
31988,39628362649436687,train
30958,39628362649436844,train
31986,39628362649436844,train
31989,39628362649436847,train
30117,39628362653631786,train
32022,39628362653631786,train
30118,39628362653632685,train
32021,39628362653632685,train
30976,39628362657827299,train
32019,39628362657827299,train
30116,39628362657828017,train
32018,39628362657828017,train
30962,39628362670412122,train
31997,39628362670412122,train
32013,39628362674602284,train
32011,39628362674604429,train
5718,39628362678801723,train
30974,39628362678801723,train
30112,39628362682992283,train
32014,39628362682992283,train
32007,39628362682992825,train
30111,39628362682995316,train
32016,39628362682995316,train
30103,39628362695574090,train
28789,39628366948604185,train
6928,39628366952794291,train
28783,39628366977960944,train
6926,39628366982155419,train
28785,39628366982155419,train
28865,39628366986349314,train
6923,39628366986349648,train
6699,39628367011516717,train
27932,39628367019901832,train
6697,39628367019902872,train
27930,39628367024098347,train
27904,39628367099595351,train
27909,39628367116373747,train
28257,39628367502250792,train
28256,39628367519025684,train
28248,39628367573551586,train
28251,39628367577747252,train
28252,39628367586135471,train
22395,39628367749713215,train
22459,39628367867151670,train
22460,39628367867153668,train
22451,39628367879733661,train
22453,39628367879734470,train
22452,39628367879735526,train
30985,39628368131392944,train
32059,39628368131395953,train
32057,39628368135589630,train
32056,39628368135589805,train
32058,39628368139783717,train
32054,39628368143975964,train
30988,39628368148168765,train
30124,39628368148169217,train
32068,39628368148169217,train
32025,39628368160752026,train
32027,39628368160753683,train
32026,39628368164946319,train
30980,39628368169142504,train
30113,39628368177530056,train
32008,39628368177530056,train
32005,39628368177532460,train
32003,39628368181723722,train
32002,39628368181724053,train
30972,39628368181727419,train
32004,39628368181727419,train
5717,39628368185919444,train
28817,39628372396999988,train
28801,39628372430557040,train
28788,39628372447336155,train
6932,39628372459917909,train
6924,39628372468306593,train
28786,39628372468306901,train
28863,39628372480888297,train
27942,39628372497664238,train
27939,39628372497665297,train
27941,39628372506055965,train
27929,39628372510246988,train
27928,39628372510249840,train
27952,39628372518638862,train
27953,39628372527026883,train
27922,39628372543801574,train
27903,39628372594133103,train
22406,39628373252638555,train
22407,39628373252639547,train
22390,39628373273611346,train
22389,39628373277803980,train
22456,39628373344913068,train
22464,39628373357494821,train
22466,39628373365883564,train
22470,39628373378469647,train
32060,39628373625932018,train
30986,39628373625933979,train
30125,39628373638513114,train
32064,39628373638513114,train
32062,39628373638514661,train
30989,39628373638516356,train
32063,39628373638516356,train
32073,39628373638516357,train
32023,39628373642710621,train
30120,39628373646904946,train
32024,39628373646904946,train
32037,39628373655290524,train
32038,39628373655290745,train
30979,39628373655293124,train
32041,39628373655293124,train
30981,39628373659485288,train
5719,39628373667876989,train
30971,39628373667876989,train
32001,39628373667876989,train
28818,39628377874763774,train
28814,39628377883148808,train
28800,39628377904123619,train
6939,39628377920900141,train
6940,39628377925095958,train
6931,39628377937677463,train
28795,39628377937677463,train
28792,39628377946063551,train
6966,39628377962843155,train
28864,39628377962843155,train
28866,39628377967038490,train
27943,39628377975425374,train
27940,39628377988007721,train
27947,39628377996397184,train
27951,39628378004784915,train
27954,39628378004787692,train
27945,39628378008977567,train
27950,39628378008978487,train
27944,39628378008981792,train
27921,39628378029952048,train
27912,39628378080285449,train
27910,39628378084477597,train
27911,39628378097061895,train
22400,39628378675873841,train
22397,39628378717816918,train
22408,39628378734594689,train
22388,39628378751371005,train
22387,39628378751374115,train
22457,39628378826867851,train
22462,39628378835257440,train
22469,39628378852034514,train
32061,39628379099499889,train
30987,39628379103691112,train
30990,39628379112079722,train
32067,39628379112079722,train
32066,39628379112080166,train
32065,39628379112080614,train
32071,39628379120468690,train
30993,39628379120469753,train
32072,39628379120469753,train
32077,39628379120472457,train
30126,39628379120472741,train
32076,39628379120472741,train
32075,39628379124664043,train
30121,39628379124666296,train
32029,39628379124666296,train
32034,39628379128858592,train
32033,39628379133054406,train
5720,39628379133054420,train
30977,39628379133054420,train
32042,39628379141439548,train
28816,39628383335744153,train
28819,39628383352521753,train
6935,39628383356717696,train
28796,39628383360913962,train
6938,39628383381883752,train
28802,39628383381883752,train
6929,39628383407051683,train
6930,39628383411243191,train
6965,39628383428023067,train
28862,39628383428023299,train
27949,39628383469961351,train
27920,39628383495128468,train
27970,39628383503518649,train
28061,39628383671288206,train
22414,39628384182995551,train
22416,39628384187189902,train
22410,39628384195579138,train
22409,39628384199771921,train
22394,39628384224939351,train
22393,39628384224939965,train
22496,39628384292048166,train
22497,39628384292048926,train
22473,39628384308825861,train
22467,39628384317211929,train
29944,39628384560482943,train
31002,39628384568870535,train
31000,39628384568870540,train
32088,39628384568870540,train
31004,39628384568870542,train
30991,39628384577260677,train
30128,39628384585649940,train
30998,39628384585649940,train
32083,39628384585649940,train
32030,39628384598229171,train
32032,39628384598230307,train
28815,39628388800924045,train
28822,39628388805118488,train
6934,39628388821893514,train
28797,39628388821893514,train
6937,39628388826088043,train
6936,39628388826088056,train
28799,39628388826088056,train
6942,39628388826089633,train
6941,39628388859645049,train
28804,39628388859645049,train
28794,39628388863836771,train
27956,39628388935140510,train
27979,39628388964500116,train
27981,39628388964502075,train
27969,39628388968697750,train
28079,39628389060968841,train
6715,39628389069358898,train
28055,39628389111301458,train
28054,39628389111302748,train
28056,39628389115497412,train
28062,39628389128081958,train
22398,39628389597844088,train
22415,39628389639785284,train
22383,39628389669147361,train
22386,39628389673339628,train
22385,39628389673340182,train
22498,39628389748836965,train
22463,39628389757225468,train
22475,39628389778195938,train
22468,39628389778196112,train
32070,39628390034049699,train
32081,39628390038245307,train
30995,39628390038245371,train
30129,39628390042439850,train
30999,39628390042439850,train
32085,39628390042439850,train
30996,39628390046633454,train
32082,39628390050826450,train
30130,39628390050827587,train
32086,39628390050827587,train
32039,39628390050828188,train
28820,39628394257711391,train
28807,39628394274490308,train
28809,39628394287072207,train
28806,39628394299654285,train
28868,39628394341598999,train
28867,39628394345793353,train
27960,39628394375153348,train
27976,39628394421292671,train
27972,39628394429681737,train
27971,39628394429682085,train
27973,39628394433876388,train
27986,39628394438068571,train
27914,39628394467429337,train
28080,39628394492596521,train
6716,39628394500982750,train
28078,39628394517760599,train
28058,39628394559701648,train
28060,39628394568093825,train
28059,39628394568095554,train
22401,39628395037854293,train
22417,39628395088183834,train
22418,39628395088185327,train
22471,39628395205626235,train
22474,39628395222401373,train
22476,39628395247568219,train
29945,39628395465675169,train
30132,39628395465675169,train
31001,39628395469868446,train
32087,39628395474062614,train
30133,39628395478256117,train
32089,39628395478256117,train
32090,39628395478258052,train
32084,39628395482450901,train
30127,39628395486642732,train
32079,39628395486642732,train
30997,39628395490837020,train
6946,39628399680952391,train
28832,39628399697728361,train
28803,39628399727087062,train
28805,39628399735477079,train
28898,39628399748056269,train
6979,39628399748058787,train
28875,39628399764834212,train
28871,39628399777419464,train
27958,39628399823553666,train
28003,39628399823557623,train
27978,39628399844524868,train
6701,39628399848722541,train
27983,39628399852915715,train
27975,39628399861304653,train
27915,39628399903248945,train
27916,39628399907439145,train
28057,39628399987134330,train
28063,39628400008105590,train
22405,39628400486255724,train
22391,39628400557559520,train
22503,39628400607891323,train
22502,39628400616276038,train
22499,39628400620473885,train
22501,39628400620474177,train
22500,39628400624667571,train
22477,39628400691773593,train
32091,39628400909878058,train
28825,39628405104184019,train
28830,39628405133543710,train
28831,39628405133543975,train
28874,39628405183874320,train
28870,39628405200650573,train
28869,39628405200651391,train
28872,39628405200653555,train
28879,39628405204848690,train
6971,39628405217432599,train
6700,39628405225817820,train
27964,39628405225817820,train
27961,39628405230012952,train
27967,39628405238403885,train
27957,39628405242597984,train
28004,39628405250982989,train
6707,39628405255177897,train
28001,39628405255177897,train
6706,39628405259372603,train
27984,39628405292925698,train
28072,39628405422953573,train
28069,39628405431337041,train
28064,39628405431340168,train
28067,39628405435534481,train
28068,39628405439728265,train
22480,39628406106622494,train
22478,39628406110818295,train
30131,39628406324724316,train
28824,39628410514834697,train
28828,39628410535805766,train
6948,39628410540001248,train
6947,39628410540001257,train
6950,39628410548388983,train
28900,39628410573559397,train
27962,39628410644859154,train
27966,39628410644860025,train
27965,39628410649051923,train
27998,39628410661638392,train
27999,39628410665828663,train
27985,39628410703580536,train
27987,39628410703580553,train
27989,39628410716160340,train
27917,39628410732940696,train
28071,39628410837797253,train
28065,39628410850383084,train
28066,39628410862962056,train
22404,39628411320142141,train
22403,39628411320142655,train
22479,39628411508883610,train
22482,39628411513082369,train
29948,39628411706018273,train
29946,39628411735377714,train
28827,39628415917099390,train
28826,39628415921292831,train
6952,39628415925489122,train
28837,39628415950655601,train
28899,39628415980017688,train
28901,39628415992600228,train
6980,39628415996789526,train
6981,39628415996789606,train
28876,39628416000984682,train
6968,39628416009373499,train
28888,39628416009374744,train
28894,39628416013568319,train
27963,39628416042929984,train
28015,39628416055510478,train
6717,39628416139398545,train
22402,39628416714018886,train
22512,39628416852430395,train
30141,39628416911152985,train
22484,39628416923732717,train
30139,39628416923732717,train
30383,39628417099892721,train
29947,39628417099893830,train
30134,39628417104086634,train
28845,39628421294195631,train
28844,39628421294197708,train
28846,39628421306778404,train
6951,39628421336142083,train
28836,39628421336142083,train
6982,39628421390666782,train
6975,39628421407446325,train
28017,39628421432612358,train
28014,39628421453578482,train
28000,39628421453579692,train
28022,39628421453581422,train
28009,39628421457773469,train
6708,39628421461969980,train
6710,39628421466163984,train
28006,39628421466163984,train
6709,39628421474552950,train
27992,39628421512303279,train
28274,39628422078533222,train
22420,39628422120476638,train
22514,39628422212751464,train
22516,39628422216944529,train
22523,39628422229528243,train
30142,39628422309218104,train
30135,39628422317609660,train
30137,39628422325995634,train
30138,39628422330189690,train
28847,39628426675491918,train
28848,39628426683875815,train
6953,39628426688072652,train
28833,39628426709045845,train
28887,39628426771957218,train
28885,39628426776153699,train
6972,39628426792929489,train
28882,39628426801321155,train
28010,39628426813899449,train
28012,39628426818093957,train
28016,39628426822288324,train
28020,39628426826484374,train
28005,39628426830680392,train
28029,39628426847455621,train
28030,39628426847457754,train
28027,39628426851647953,train
6711,39628426851649026,train
27991,39628426881008351,train
6718,39628426906176648,train
28090,39628426935534678,train
28085,39628426952312282,train
28077,39628427019422262,train
28273,39628427447239156,train
28279,39628427480794226,train
22419,39628427489184111,train
22524,39628427606622539,train
22510,39628427623400814,train
22505,39628427635987185,train
22506,39628427640181766,train
22507,39628427644373437,train
30143,39628427686316886,train
30136,39628427703094154,train
28842,39628432060975903,train
28835,39628432073557771,train
28834,39628432077751267,train
6984,39628432115499723,train
6983,39628432115504180,train
6977,39628432136476395,train
6976,39628432144860346,train
28886,39628432144860346,train
28897,39628432149058605,train
28896,39628432153247857,train
28883,39628432161640209,train
28920,39628432170029278,train
28918,39628432174221965,train
28013,39628432182608170,train
28023,39628432190999604,train
28024,39628432207778066,train
28032,39628432211971530,train
28028,39628432211972076,train
28031,39628432216164798,train
27996,39628432228745423,train
6721,39628432253913954,train
28127,39628432258105813,train
28086,39628432266497776,train
28089,39628432287470542,train
28099,39628432341991861,train
28074,39628432379741792,train
28261,39628432690121274,train
28275,39628432811754015,train
28280,39628432845309114,train
28278,39628432845311715,train
22517,39628432945974909,train
22519,39628432950169840,train
22515,39628432954363648,train
22509,39628432971141485,train
22508,39628433000497491,train
28856,39628437387740156,train
6957,39628437391936011,train
28849,39628437396134350,train
28843,39628437408716761,train
6956,39628437425489869,train
28840,39628437425489869,train
28895,39628437492598636,train
28919,39628437513572151,train
28916,39628437526154265,train
28021,39628437542933444,train
27994,39628437580677859,train
27993,39628437584873602,train
28123,39628437614232216,train
28091,39628437651981080,train
28084,39628437668760371,train
28083,39628437672955526,train
28295,39628438029472042,train
28263,39628438058830155,train
28265,39628438063025308,train
22518,39628438289519759,train
30145,39628438406956627,train
28858,39628442718700678,train
6961,39628442743870993,train
28841,39628442752256226,train
6978,39628442840339195,train
28026,39628442899056036,train
28025,39628442899056924,train
28033,39628442899057739,train
28034,39628442899058018,train
28035,39628442903251385,train
28039,39628442911641386,train
27995,39628442915835004,train
6703,39628442920030131,train
6704,39628442924221412,train
28140,39628442928418320,train
28124,39628442932613389,train
28125,39628442940998709,train
28096,39628442966167397,train
28092,39628442982943333,train
28076,39628443066827763,train
28073,39628443071021248,train
28298,39628443364625854,train
28299,39628443368818224,train
28260,39628443377206180,train
22521,39628443633060061,train
22531,39628443641449807,train
22527,39628443654032149,train
22485,39628443716947794,train
6959,39628448062243222,train
28855,39628448062243222,train
28854,39628448062243643,train
28851,39628448066443898,train
28850,39628448070633030,train
28960,39628448083219086,train
28959,39628448087409534,train
6987,39628448129353019,train
28903,39628448146136267,train
6986,39628448150325657,train
28914,39628448183877832,train
28037,39628448230020281,train
28036,39628448242600224,train
28129,39628448267768970,train
28128,39628448276156012,train
28132,39628448280349480,train
28097,39628448347458688,train
28266,39628448708166484,train
22532,39628448972407284,train
22526,39628448984993295,train
22536,39628449014351965,train
22538,39628449022743205,train
22540,39628449026935931,train
30147,39628449047908454,train
30146,39628449047909626,train
30144,39628449052104003,train
28857,39628453359651815,train
28861,39628453368040747,train
28853,39628453380622042,train
28852,39628453380622563,train
28965,39628453393207042,train
28963,39628453405789368,train
6997,39628453426763275,train
28958,39628453426763295,train
6999,39628453426763309,train
28907,39628453447733484,train
28904,39628453464508095,train
28906,39628453464509011,train
28042,39628453548395952,train
28144,39628453556784509,train
28134,39628453565175141,train
28135,39628453569367607,train
28139,39628453573562568,train
28130,39628453581948743,train
6719,39628453602920176,train
28095,39628453602920600,train
6751,39628453992990848,train
28296,39628454005573938,train
6733,39628454018156826,train
28267,39628454026544678,train
28268,39628454030737985,train
22530,39628454261427051,train
22529,39628454286591571,train
22528,39628454290788393,train
22539,39628454332732839,train
30150,39628454341118730,train
6963,39628458673835787,train
28859,39628458673835787,train
7001,39628458703195642,train
28962,39628458703196590,train
7003,39628458707388051,train
6998,39628458715778581,train
28974,39628458728363383,train
28973,39628458736747833,train
28908,39628458740942518,train
28911,39628458745140226,train
28913,39628458753526407,train
28905,39628458761914523,train
28926,39628458812246723,train
6992,39628458816440666,train
28045,39628458837414016,train
28041,39628458841607327,train
28043,39628458849993894,train
28038,39628458849994101,train
6723,39628458866772366,train
28136,39628458866772366,train
28138,39628458866772367,train
28301,39628459294589639,train
28300,39628459294590447,train
28302,39628459307173594,train
6752,39628459315563561,train
28272,39628459328145729,train
22533,39628459575608024,train
30148,39628459651108799,train
7005,39628464000601213,train
7006,39628464013181728,train
28972,39628464013181728,train
6989,39628464034155401,train
28909,39628464042542299,train
6991,39628464046736715,train
28929,39628464063515774,train
28933,39628464067706923,train
28931,39628464067710257,train
28921,39628464084489189,train
28927,39628464097067113,train
28049,39628464118043817,train
28145,39628464151593513,train
28141,39628464168371522,train
29054,39628469209925040,train
29051,39628469214119830,train
29052,39628469214122650,train
7023,39628469218314903,train
6964,39628469235095236,train
28912,39628469314786270,train
28937,39628469323171905,train
6996,39628469323171910,train
28943,39628469323171911,train
28944,39628469323174415,train
28947,39628469323174426,train
28930,39628469339949013,train
28936,39628469348337180,train
28925,39628469352530365,train
28922,39628469352530816,train
28923,39628469352532313,train
28044,39628469386090153,train
28153,39628469402865238,train
28149,39628469402866847,train
6753,39628469855850716,train
28308,39628469855850716,train
28305,39628469864237938,train
6735,39628469881016930,train
28269,39628469881016930,train
28271,39628469893598044,train
29060,39628474477973536,train
29059,39628474477975691,train
29061,39628474482169565,train
28967,39628474536694870,train
28968,39628474553472245,train
6990,39628474578635860,train
6995,39628474582832488,train
28938,39628474582832488,train
28928,39628474595411697,train
6994,39628474612188859,train
28935,39628474612188859,train
28924,39628474616382844,train
28047,39628474654134956,train
28151,39628474662524849,train
28152,39628474666715273,train
28154,39628474670911315,train
28146,39628474675103506,train
28143,39628474700267572,train
28105,39628474775766015,train
28311,39628475119699759,train
28304,39628475128088705,train
28307,39628475132281724,train
28282,39628475153256712,train
28989,39628479750211907,train
28984,39628479766986986,train
28979,39628479792156951,train
7008,39628479808932338,train
28976,39628479817318984,train
28941,39628479825712014,train
28940,39628479829902530,train
28942,39628479829905515,train
28939,39628479834098184,train
28102,39628480031229139,train
6755,39628480362580176,train
28309,39628480375161039,train
6756,39628480375162704,train
28310,39628480375163007,train
28281,39628480400328779,train
29062,39628484963734424,train
29058,39628484967925287,train
29055,39628484972119458,train
28986,39628484984703257,train
28987,39628484993091864,train
28996,39628485018257128,train
7009,39628485035034518,train
28981,39628485035034518,train
28977,39628485047621468,train
7007,39628485056008301,train
28950,39628485076983029,train
28150,39628485148283826,train
28160,39628485160867057,train
28161,39628485181833742,train
28164,39628485181838032,train
28173,39628485227972765,train
28106,39628485257332645,train
28108,39628485257332655,train
28104,39628485274109221,train
28101,39628485278302828,train
6754,39628485597072037,train
28312,39628485605459925,train
6737,39628485639017556,train
7026,39628490177250046,train
29065,39628490185641042,train
29066,39628490185641719,train
29079,39628490198223040,train
7012,39628490215000796,train
7015,39628490227581328,train
28994,39628490227586445,train
28992,39628490231775842,train
28995,39628490231777683,train
28985,39628490231779068,train
7011,39628490231779075,train
28982,39628490252748486,train
28998,39628490252748726,train
7010,39628490256941378,train
28945,39628490294690847,train
28158,39628490382772002,train
28157,39628490391161318,train
28163,39628490407939176,train
28172,39628490454076612,train
28110,39628490462464822,train
28109,39628490475048772,train
28114,39628490491823279,train
6757,39628490814784801,train
22547,39628491087413606,train
29067,39628495399160079,train
29064,39628495399162126,train
7031,39628495411745077,train
29082,39628495411745081,train
7032,39628495411745093,train
29080,39628495415937004,train
29083,39628495424325023,train
29001,39628495491433230,train
28155,39628495592099296,train
28159,39628495604679924,train
28162,39628495613071790,train
28177,39628495650818662,train
28112,39628495680177979,train
28115,39628495701151127,train
28313,39628496061861794,train
28283,39628496078637202,train
28284,39628496078638726,train
28286,39628496082832231,train
5730,39628496418374673,train
29081,39628500608485588,train
29088,39628500621066497,train
28993,39628500629458825,train
7013,39628500629459623,train
28997,39628500646234744,train
30261,39628500646234744,train
29002,39628500692370898,train
28948,39628500717538679,train
28956,39628500721731933,train
28957,39628500725926568,train
28165,39628500809814611,train
30177,39628500822395212,train
28174,39628500855948765,train
28175,39628500855950236,train
28176,39628500860143206,train
28180,39628500864337969,train
28111,39628500868535434,train
28116,39628500881116859,train
29968,39628501208271553,train
30222,39628501208271553,train
6758,39628501216661159,train
28314,39628501258601980,train
6790,39628501434764060,train
22486,39628501602535910,train
5732,39628501610927331,train
29093,39628505792643300,train
29084,39628505796838400,train
29086,39628505809420545,train
28990,39628505813617807,train
30260,39628505813617807,train
29006,39628505855560260,train
28955,39628505893310890,train
28951,39628505931056737,train
28952,39628505935249498,train
29280,39628505973000137,train
30273,39628505973000137,train
30178,39628506002358302,train
28167,39628506014941820,train
6726,39628506031718744,train
28179,39628506044301858,train
28178,39628506048496413,train
28181,39628506052692323,train
30175,39628506061084303,train
6730,39628506098831984,train
30190,39628506098831984,train
30220,39628506396625157,train
28320,39628506430179419,train
28318,39628506438568039,train
30234,39628506451149360,train
6767,39628506451151635,train
30233,39628506451151635,train
28316,39628506451151800,train
28292,39628506467927789,train
28289,39628506467929709,train
28288,39628506476315923,train
6741,39628506539229633,train
30211,39628506539229633,train
30204,39628506547620250,train
30151,39628506652478875,train
22556,39628506686032941,train
22487,39628506786698007,train
29069,39628510930670693,train
29070,39628510939056582,train
29090,39628510951639849,train
7035,39628510981003702,train
29005,39628511035523625,train
29003,39628511039717571,train
29004,39628511039718057,train
29007,39628511043915260,train
28954,39628511094247926,train
28953,39628511098437932,train
29282,39628511131996728,train
29987,39628511131996728,train
29286,39628511136188927,train
30275,39628511140381506,train
29281,39628511140382192,train
30176,39628511182326998,train
28183,39628511190712974,train
30181,39628511190712974,train
28182,39628511199103597,train
28118,39628511228466062,train
28117,39628511241044390,train
28122,39628511249433334,train
30193,39628511270404289,train
30191,39628511274602200,train
30194,39628511278795313,train
30172,39628511366876167,train
6759,39628511564005679,train
30221,39628511564005679,train
6760,39628511568199991,train
6763,39628511568201158,train
29969,39628511568201158,train
6769,39628511605949872,train
28319,39628511605950442,train
6771,39628511626923643,train
6770,39628511631114650,train
28287,39628511639503291,train
28290,39628511639506785,train
30210,39628511647892509,train
30213,39628511710808845,train
30214,39628511710809810,train
30206,39628511719194844,train
30201,39628511744360634,train
6736,39628511744361440,train
6787,39628511782110361,train
22550,39628511819860626,train
30152,39628511828252032,train
22557,39628511832442961,train
22558,39628511836636843,train
22490,39628511958273640,train
22495,39628511970856430,train
29072,39628516081273670,train
29071,39628516093855209,train
29115,39628516093859278,train
29118,39628516102244993,train
7042,39628516102244994,train
29116,39628516102245488,train
29091,39628516106437761,train
7033,39628516106437781,train
29092,39628516114830455,train
29085,39628516127411449,train
29087,39628516131609140,train
29306,39628516257434158,train
29283,39628516295184761,train
30274,39628516295184761,train
28170,39628516320347772,train
30179,39628516320347772,train
28171,39628516324543416,train
30182,39628516383262733,train
6720,39628516404235946,train
30192,39628516429402429,train
29970,39628516706222670,train
28330,39628516748169273,train
30244,39628516748169273,train
30236,39628516781722450,train
28324,39628516785915610,train
28291,39628516794305159,train
30208,39628516794305159,train
6739,39628516802696788,train
6743,39628516857217392,train
30212,39628516865610182,train
30205,39628516873996126,train
30203,39628516878192023,train
30202,39628516890774297,train
6789,39628516932717816,train
6788,39628516936911249,train
5737,39628516970464805,train
22549,39628516978853318,train
22576,39628516987242047,train
22489,39628517113071269,train
5731,39628517113072633,train
22488,39628517113072633,train
5734,39628517125655939,train
22492,39628517125657242,train
7029,39628521231881662,train
29068,39628521231881662,train
7028,39628521236075738,train
7040,39628521240269575,train
29117,39628521240269575,train
7043,39628521244464931,train
29094,39628521252850366,train
29096,39628521269630496,train
29023,39628521324152306,train
30266,39628521324152306,train
29008,39628521340931655,train
29010,39628521370291900,train
29308,39628521399649304,train
29291,39628521433204855,train
29284,39628521437398609,train
30277,39628521437398609,train
29293,39628521445790626,train
29292,39628521454175805,train
28169,39628521475147189,train
28186,39628521517091856,train
28120,39628521538062992,train
28121,39628521546449442,train
30196,39628521567422220,train
29960,39628521567423404,train
30223,39628521861021908,train
30235,39628521915550868,train
28323,39628521923940965,train
6772,39628521928134703,train
28322,39628521932326006,train
6740,39628521940716234,train
6742,39628521995243835,train
29964,39628521999434717,train
22553,39628522112683174,train
22578,39628522121070993,train
22577,39628522125263985,train
22554,39628522158818741,train
5735,39628522263678226,train
22494,39628522267869387,train
22491,39628522267869509,train
5736,39628522272066792,train
22493,39628522272066792,train
29074,39628526344736614,train
29073,39628526353122245,train
7030,39628526357319848,train
7044,39628526365709329,train
29114,39628526365709329,train
7039,39628526369901446,train
7041,39628526382482583,train
7034,39628526395069622,train
29098,39628526407650754,train
30269,39628526407650754,train
7036,39628526420230339,train
29022,39628526453790244,train
29021,39628526453790254,train
29317,39628526520897686,train
29305,39628526533479484,train
29307,39628526537675521,train
29290,39628526562837023,train
30279,39628526579618221,train
28168,39628526600586350,train
30180,39628526600586350,train
28119,39628526671889132,train
30195,39628526692863324,train
30225,39628526994850453,train
30224,39628526999044175,train
30243,39628527007433366,train
6779,39628527011631649,train
30239,39628527066154415,train
6738,39628527070347754,train
28294,39628527070347754,train
6744,39628527133266165,train
22562,39628527271677801,train
22561,39628527275871071,train
22563,39628527280063980,train
22568,39628527284256915,train
22542,39628527313621578,train
22543,39628527317813089,train
22611,39628527380729554,train
22609,39628527384921103,train
29124,39632929529267964,train
29097,39632929554436800,train
7037,39632929562823023,train
29099,39632929583794877,train
29028,39632929604765690,train
29027,39632929608959876,train
30267,39632929608959876,train
29026,39632929621542765,train
29025,39632929621543791,train
29018,39632929642514696,train
29017,39632929650901316,train
29013,39632929655098115,train
29313,39632929688651912,train
29312,39632929709623700,train
29289,39632929713818200,train
29302,39632929718013649,train
29303,39632929722208042,train
29989,39632929751565455,train
6728,39632929785118907,train
28195,39632929785118907,train
30230,39632930087110690,train
30250,39632930162606226,train
28331,39632930179386491,train
28328,39632930208744227,train
6776,39632930208745283,train
6774,39632930221329716,train
28438,39632930384906911,train
28437,39632930389098644,train
22583,39632930426850453,train
22560,39632930435239922,train
5741,39632930464599096,train
22612,39632930527512360,train
29123,39632934629543558,train
7047,39632934633736766,train
29125,39632934633736766,train
29127,39632934637933227,train
29119,39632934646321529,train
29103,39632934663097792,train
29109,39632934675678065,train
7038,39632934675680571,train
29101,39632934692458016,train
30271,39632934692458016,train
29029,39632934705040496,train
29032,39632934709231750,train
29309,39632934814091913,train
29304,39632934818287572,train
29300,39632934826673539,train
29298,39632934851838064,train
30281,39632934851838064,train
30187,39632934881201035,train
28187,39632934897976985,train
28189,39632934902173276,train
28190,39632934914754399,train
30173,39632935057359701,train
30232,39632935187385007,train
30231,39632935191577899,train
30228,39632935241908254,train
29972,39632935258688977,train
30248,39632935258688977,train
30246,39632935279658972,train
6775,39632935309019623,train
30240,39632935309019623,train
28321,39632935313215116,train
30237,39632935313215116,train
6747,39632935388710369,train
30217,39632935388710369,train
6748,39632935388710816,train
29965,39632935392905014,train
22585,39632935510345574,train
22579,39632935514539520,train
22569,39632935543900977,train
22614,39632935619399127,train
22613,39632935627785376,train
22615,39632935631980312,train
29076,39632939692069344,train
29194,39632939700458713,train
29121,39632939738206649,train
29104,39632939746595575,train
29106,39632939750787556,train
29108,39632939759175488,train
29112,39632939767563258,train
29102,39632939775952836,train
30270,39632939775952836,train
29031,39632939796923309,train
29033,39632939805311097,train
29036,39632939805314187,train
29015,39632939834672303,train
30262,39632939834672303,train
29314,39632939868229429,train
29320,39632939885005714,train
29311,39632939897589156,train
29992,39632939914366677,train
30283,39632939914366677,train
29295,39632939926947447,train
29294,39632939926948337,train
29296,39632939931140450,train
30282,39632939931140450,train
30280,39632939939531425,train
30184,39632939973083667,train
30188,39632939981474235,train
6727,39632939994056567,train
29974,39632940199579170,train
30249,39632940350571089,train
28325,39632940405100212,train
30218,39632940468012283,train
30216,39632940472206661,train
28439,39632940564481798,train
28440,39632940568675302,train
22588,39632940581258868,train
22586,39632940593841840,train
22589,39632940593842077,train
22584,39632940593842448,train
22581,39632940606425719,train
22580,39632940610618314,train
22595,39632940619006719,train
22567,39632940619009327,train
5740,39632940644174417,train
29078,39632944767176186,train
29077,39632944767176733,train
29195,39632944771369574,train
29133,39632944796535043,train
29137,39632944809117672,train
29105,39632944821700375,train
29111,39632944825893969,train
29100,39632944842672137,train
29148,39632944855253054,train
29034,39632944872031556,train
7019,39632944888808108,train
29014,39632944901392069,train
29016,39632944905586949,train
29020,39632944918167748,train
29315,39632944943333569,train
29310,39632944964308240,train
28196,39632945043997316,train
6729,39632945043999325,train
30186,39632945043999325,train
28197,39632945048194038,train
30183,39632945064968558,train
29962,39632945123691147,train
6764,39632945396319895,train
30229,39632945396319895,train
6766,39632945396320546,train
29971,39632945396320546,train
6785,39632945404708150,train
30247,39632945413099125,train
28332,39632945442455606,train
28329,39632945467622763,train
6778,39632945467623999,train
29966,39632945543119334,train
30219,39632945543120210,train
22587,39632945652173533,train
22590,39632945664754449,train
22591,39632945664754781,train
30153,39632945664754781,train
22582,39632945677337989,train
22571,39632945706699100,train
22572,39632945710892348,train
29075,39632949821312553,train
29129,39632949846476604,train
7051,39632949850669112,train
7048,39632949850669127,train
29130,39632949850670748,train
29113,39632949896809770,train
29146,39632949909393466,train
29147,39632949909393488,train
29049,39632949938751396,train
29038,39632949955527996,train
29322,39632950005859633,train
30189,39632950102327735,train
29961,39632950177826726,train
30199,39632950186217012,train
30200,39632950190410022,train
29973,39632950316237987,train
28567,39632950328822013,train
30256,39632950370762920,train
30257,39632950379153819,train
30259,39632950383347066,train
30252,39632950467234768,train
6777,39632950517566769,train
22592,39632950714697166,train
5743,39632950735667605,train
22570,39632950765029793,train
22573,39632950765031059,train
22616,39632950785999022,train
29193,39632954875445574,train
29197,39632954883837127,train
29131,39632954888032390,train
7053,39632954896419662,train
7052,39632954896419675,train
29136,39632954900611447,train
29135,39632954900613493,train
7050,39632954900615049,train
7055,39632954913194412,train
29983,39632954938364918,train
29035,39632954980304544,train
29037,39632954997083253,train
29019,39632955018051908,train
30263,39632955018051908,train
29321,39632955047413860,train
30285,39632955064190090,train
29327,39632955064191210,train
28193,39632955164855502,train
28192,39632955164855932,train
28191,39632955173244310,train
29963,39632955227769219,train
30198,39632955227769219,train
29978,39632955357792402,train
28566,39632955361987536,train
28568,39632955378764375,train
29975,39632955378764387,train
30242,39632955567507649,train
6749,39632955638809807,train
6791,39632955680755207,train
28453,39632955735278504,train
22594,39632955777223028,train
22575,39632955802390247,train
5753,39632955810775148,train
22618,39632955823360335,train
29203,39632959896028569,train
29202,39632959908613129,train
29200,39632959912806365,train
29198,39632959917002995,train
7049,39632959921194001,train
29128,39632959925387404,train
29132,39632959925388484,train
29144,39632959925391454,train
7056,39632959950554936,train
29141,39632959954751688,train
29157,39632959975723240,train
29050,39632960005083898,train
29046,39632960013472346,train
29048,39632960017662099,train
29047,39632960017662498,train
29039,39632960026051047,train
29364,39632960076385582,train
29318,39632960080577405,train
29319,39632960080579095,train
28198,39632960181242035,train
28608,39632960386763642,train
28569,39632960395152330,train
30253,39632960533564510,train
29967,39632960667781859,train
28446,39632960722306123,train
6796,39632960764248251,train
28455,39632960764248770,train
22574,39632960822969936,train
5751,39632960839746666,train
22619,39632960843940976,train
22621,39632960848135650,train
29207,39632964916614074,train
29196,39632964920803659,train
29201,39632964933389447,train
29145,39632964950164053,train
29139,39632964962749442,train
29156,39632964975333086,train
29159,39632964979525050,train
29162,39632964979526481,train
29160,39632964992108481,train
29161,39632964992108874,train
7062,39632965004691192,train
29151,39632965004691192,train
29040,39632965038246298,train
29361,39632965084384247,train
29326,39632965122132311,train
28445,39632965747081291,train
28442,39632965747081297,train
6794,39632965755473133,train
28456,39632965776445612,train
22601,39632965809997077,train
22596,39632965814191671,train
29204,39632969907832414,train
7067,39632969912027066,train
7059,39632969949775576,train
29143,39632969962360774,train
7057,39632969974942206,train
29142,39632969974942882,train
29155,39632970004300609,train
7021,39632970046243131,train
29042,39632970054633659,train
29370,39632970058826459,train
30290,39632970058826459,train
29362,39632970079801369,train
29360,39632970092380703,train
29325,39632970121743930,train
28610,39632970394370593,train
28609,39632970402760616,train
6795,39632970738304040,train
28449,39632970738304041,train
28450,39632970738304194,train
28480,39632970755083265,train
28479,39632970763469497,train
28465,39632970797025680,train
22599,39632970805413649,train
5745,39632970813804236,train
22626,39632970834774127,train
22625,39632970838966336,train
22623,39632970847357792,train
7069,39632974903248717,train
29212,39632974920025398,train
29138,39632974953581691,train
29140,39632974957776614,train
29171,39632974966161841,train
29164,39632975003911277,train
29163,39632975003914740,train
29043,39632975012301200,train
29041,39632975033272753,train
7020,39632975033273937,train
30268,39632975033273937,train
29333,39632975096187365,train
29330,39632975100379693,train
7101,39632975154908802,train
28614,39632975368816098,train
28572,39632975406563620,train
28575,39632975406564821,train
28573,39632975410760343,train
28492,39632975704361241,train
28491,39632975708556110,train
28447,39632975712749064,train
28452,39632975716943415,train
28443,39632975729528137,train
28454,39632975750498397,train
28464,39632975775665826,train
28468,39632975784051605,train
22602,39632975809217244,train
22624,39632975825996641,train
29221,39632979886083112,train
29210,39632979890277197,train
29209,39632979890279780,train
29208,39632979898666787,train
29172,39632979932219854,train
29170,39632979940606383,train
29044,39632979982552050,train
7107,39632979999329798,train
29379,39632979999329798,train
30291,39632980016107037,train
29331,39632980062242833,train
29323,39632980079019812,train
30284,39632980079019812,train
29334,39632980133545058,train
28615,39632980339066140,train
28342,39632980548782481,train
28340,39632980557172110,train
28341,39632980561366180,train
28337,39632980578140396,train
6817,39632980624280246,train
6816,39632980632668752,train
28493,39632980666221409,train
6805,39632980674610662,train
28494,39632980674610662,train
28481,39632980699778674,train
28458,39632980720750956,train
28461,39632980724944564,train
28459,39632980729135807,train
28457,39632980729136172,train
28462,39632980733331730,train
28466,39632980745915722,train
6797,39632980745915803,train
28463,39632980750109261,train
6800,39632980754304265,train
22606,39632980766886596,train
22604,39632980771080270,train
5754,39632980783661569,train
29205,39632984822780770,train
7072,39632984856334580,train
29371,39632984961191523,train
7106,39632984973773789,train
29369,39632985015716637,train
30289,39632985015716637,train
29341,39632985028299178,train
28611,39632985288346315,train
28612,39632985288346423,train
28622,39632985300928520,train
28618,39632985321898240,train
28619,39632985326092739,train
6852,39632985384815140,train
28339,39632985510644045,train
28338,39632985519031548,train
28336,39632985527422495,train
6815,39632985586140220,train
28505,39632985611306616,train
28484,39632985644862926,train
6801,39632985686803423,train
28475,39632985686803423,train
22607,39632985711969957,train
5744,39632985716163947,train
22608,39632985716164216,train
29234,39632989759477058,train
7070,39632989767863845,train
29220,39632989772056775,train
29222,39632989780448639,train
29214,39632989793029754,train
29217,39632989797222975,train
7077,39632989797223562,train
7065,39632989826583891,train
29175,39632989834971028,train
29165,39632989864329836,train
29169,39632989876914462,train
29168,39632989876915370,train
29166,39632989881106534,train
29380,39632989889498426,train
29374,39632989910470118,train
29340,39632989977575475,train
29336,39632990032104774,train
29335,39632990032105364,train
28616,39632990229235585,train
28624,39632990237623162,train
28617,39632990262790154,train
6855,39632990292150395,train
28588,39632990292150395,train
28347,39632990434754635,train
28348,39632990434758125,train
28345,39632990451534966,train
6810,39632990548002550,train
28496,39632990556391264,train
28500,39632990560584999,train
6806,39632990564780584,train
28503,39632990573169221,train
28472,39632990648666161,train
28473,39632990648666392,train
29223,39632994704561736,train
29224,39632994708750819,train
29213,39632994717139362,train
29218,39632994721337292,train
29174,39632994754888893,train
29185,39632994771667262,train
29167,39632994805222037,train
29391,39632994847164459,train
29366,39632994876524196,train
29342,39632994897495074,train
29339,39632994897495378,train
7105,39632994947825951,train
29337,39632994952021389,train
28623,39632995161736802,train
28587,39632995224652223,train
28582,39632995233042238,train
28577,39632995262400709,train
28344,39632995375646645,train
28346,39632995384034175,train
6820,39632995451142272,train
6807,39632995484698722,train
28502,39632995488891145,train
28501,39632995493087423,train
28526,39632995501475645,train
28474,39632995560197554,train
6798,39632995564391873,train
28469,39632995564391873,train
28470,39632995568585124,train
29239,39632999586726939,train
29235,39632999590922592,train
29241,39632999603505086,train
29227,39632999620281907,train
7083,39632999624476038,train
29230,39632999624476039,train
7075,39632999628672141,train
7074,39632999637059413,train
7073,39632999637060713,train
29179,39632999670615657,train
29178,39632999674810301,train
29377,39632999725140267,train
29378,39632999725141252,train
29376,39632999729335043,train
7108,39632999741917153,train
29373,39632999754498427,train
29345,39632999804833400,train
29343,39632999809027856,train
29338,39632999855163110,train
28625,39633000073268141,train
28626,39633000085848789,train
28589,39633000131987564,train
28579,39633000152961023,train
6854,39633000165542952,train
28576,39633000165542952,train
28713,39633000178125726,train
6786,39633000257816359,train
28350,39633000262011929,train
28356,39633000295565558,train
28499,39633000400423182,train
28498,39633000400424323,train
28483,39633000421393605,train
28485,39633000425587215,train
6804,39633000425588405,train
28487,39633000429782060,train
29236,39633004485677197,train
29233,39633004494062482,train
7087,39633004502451110,train
29243,39633004502454855,train
7088,39633004502454859,train
29228,39633004519228477,train
29229,39633004523423329,train
29176,39633004565367156,train
29186,39633004577948638,train
29385,39633004628280219,train
29381,39633004636672586,train
29389,39633004649253282,train
29392,39633004657639555,train
29368,39633004678612067,train
29344,39633004703777824,train
29437,39633004758304512,train
28630,39633004959629436,train
28620,39633004968019487,train
28628,39633004976408272,train
28595,39633005030933766,train
28585,39633005047710380,train
28373,39633005102239309,train
28372,39633005110625928,train
28370,39633005114819073,train
28368,39633005127404627,train
28363,39633005131597184,train
28393,39633005139986837,train
28353,39633005169344546,train
28355,39633005181929969,train
6813,39633005278398491,train
28490,39633005316146360,train
28478,39633005349701089,train
29237,39633009359455722,train
7085,39633009359457880,train
29244,39633009367847835,train
7082,39633009388814889,train
29225,39633009388816624,train
29226,39633009393009087,train
7081,39633009401398116,train
29180,39633009443343314,train
29187,39633009460121177,train
7118,39633009502062304,train
29388,39633009502062383,train
29382,39633009506258624,train
29384,39633009510451322,train
29402,39633009518841048,train
7109,39633009527227313,train
29390,39633009527229101,train
29348,39633009585947255,train
29349,39633009611116202,train
29438,39633009640476140,train
6856,39633009825025292,train
28631,39633009837606393,train
28655,39633009862772152,train
28710,39633009942464360,train
28711,39633009946657810,train
28374,39633009976019006,train
28376,39633009992795153,train
28369,39633009992795480,train
28403,39633010013767053,train
28387,39633010022157098,train
28391,39633010026348682,train
28388,39633010030543044,train
28389,39633010030544084,train
28358,39633010068294988,train
6812,39633010160569715,train
28521,39633010177344642,train
6830,39633010177345070,train
28525,39633010177345070,train
28482,39633010181542172,train
6803,39633010189927977,train
6802,39633010202509866,train
7086,39633014220655297,train
29245,39633014241625428,train
7080,39633014254210441,train
7079,39633014258402781,train
7093,39633014287762243,train
29260,39633014287762504,train
29183,39633014308736569,train
29182,39633014312928059,train
29184,39633014312928091,train
29189,39633014321316685,train
29190,39633014325511161,train
29383,39633014371650455,train
29395,39633014401008743,train
29396,39633014401009420,train
29411,39633014421980696,train
29409,39633014430369384,train
29407,39633014434563529,train
29351,39633014472312399,train
29450,39633014493285002,train
28627,39633014711387215,train
28647,39633014736553889,train
28365,39633014853995756,train
28364,39633014858186927,train
28366,39633014858188325,train
28362,39633014862385031,train
28367,39633014866577792,train
28405,39633014866578767,train
28404,39633014870770811,train
28394,39633014874968557,train
28396,39633014879159316,train
28395,39633014879160089,train
28390,39633014883353867,train
28398,39633014891743639,train
6826,39633014984016921,train
28508,39633015017572121,train
6831,39633015025959392,train
28540,39633015025959392,train
28520,39633015030153806,train
28523,39633015034347635,train
28527,39633015038543866,train
28528,39633015042737221,train
28529,39633015042739587,train
28488,39633015046931745,train
29252,39633019065078824,train
29254,39633019073464321,train
29247,39633019086046407,train
29262,39633019102823707,train
29263,39633019107018300,train
29181,39633019157349829,train
29188,39633019165737991,train
29488,39633019195099177,train
29487,39633019199291662,train
29485,39633019203488578,train
29400,39633019216072950,train
29399,39633019220263992,train
29404,39633019266401291,train
29406,39633019283179680,train
29350,39633019316734064,train
7104,39633019329315204,train
29448,39633019337706458,train
29435,39633019341902126,train
28210,39633019375454345,train
28200,39633019446758940,train
28638,39633019526449263,train
6857,39633019534836682,train
28632,39633019534836682,train
28633,39633019543227596,train
28651,39633019564199806,train
28648,39633019576780507,train
28599,39633019593559490,train
28598,39633019597750623,train
28720,39633019643887891,train
28715,39633019656471707,train
28716,39633019660667840,train
28381,39633019673247826,train
28382,39633019673248568,train
28402,39633019715191573,train
28406,39633019719386409,train
28359,39633019744553605,train
6784,39633019757135144,train
6825,39633019815857338,train
6814,39633019853604532,train
28507,39633019857797378,train
28531,39633019857797557,train
28536,39633019866188762,train
28522,39633019874576248,train
28486,39633019891353256,train
29246,39633023917885252,train
29248,39633023922082647,train
29250,39633023926273150,train
7095,39633023934663091,train
29191,39633023989191316,train
29398,39633024056297556,train
29394,39633024064685634,train
29412,39633024094045011,train
29356,39633024135988096,train
29352,39633024148570842,train
29443,39633024156958998,train
29446,39633024156962161,train
29442,39633024177930423,train
28209,39633024203099168,train
28213,39633024266014026,train
28202,39633024278596885,train
28634,39633024366675147,train
6860,39633024375065190,train
28650,39633024396037910,train
28646,39633024404425669,train
28601,39633024433782804,train
28375,39633024526059572,train
28379,39633024530253301,train
28361,39633024584777923,train
6783,39633024593167901,train
28546,39633024609943786,train
6838,39633024614139385,train
6821,39633024664471856,train
28511,39633024677053547,train
28510,39633024681247059,train
28509,39633024681247087,train
28532,39633024685442216,train
6832,39633024685443409,train
28533,39633024685443409,train
28538,39633024693830829,train
28539,39633024698024970,train
28530,39633024702220832,train
29261,39633028753919647,train
29264,39633028762306803,train
7096,39633028766503167,train
7092,39633028779084803,train
29270,39633028787472672,train
7066,39633028812637404,train
29410,39633028904914187,train
29354,39633028951052250,train
29447,39633028980408952,train
29444,39633028984604563,train
29441,39633028997187327,train
7110,39633029001383030,train
29440,39633029001383030,train
28201,39633029093657674,train
28640,39633029169152650,train
6863,39633029169153599,train
28641,39633029169153599,train
6861,39633029190123695,train
28636,39633029190123695,train
28637,39633029190127680,train
28696,39633029194319452,train
28653,39633029206904029,train
28649,39633029227872478,train
28670,39633029232066826,train
28668,39633029232069337,train
28597,39633029244650660,train
28600,39633029244652413,train
28602,39633029248845200,train
28724,39633029269815873,train
28721,39633029269818025,train
28717,39633029278206622,train
28718,39633029282401463,train
28378,39633029332732586,train
28377,39633029336924221,train
6837,39633029425007939,train
6844,39633029458561214,train
6841,39633029458562818,train
6828,39633029479531179,train
6834,39633029492116124,train
28542,39633029492116124,train
29257,39633033531231435,train
29266,39633033568979900,train
29267,39633033573174994,train
29268,39633033581561882,train
7098,39633033585757455,train
29269,39633033589951641,train
29985,39633033589951641,train
29393,39633033686420220,train
29397,39633033690613006,train
29417,39633033728363758,train
29355,39633033749334828,train
29353,39633033753527028,train
29358,39633033757721155,train
7115,39633033770304340,train
29451,39633033782889743,train
29453,39633033816443130,train
28212,39633033887746154,train
28203,39633033891941093,train
6894,39633033954855711,train
28644,39633033980021193,train
28694,39633033992604235,train
28693,39633034000990390,train
28690,39633034000992462,train
28660,39633034013573495,train
28658,39633034013575588,train
28645,39633034021964862,train
28665,39633034026159802,train
28666,39633034034546347,train
28596,39633034042934552,train
29976,39633034042936044,train
28604,39633034055516269,train
29980,39633034076488013,train
28400,39633034177151634,train
28554,39633034227483290,train
6836,39633034227485256,train
28544,39633034227485256,train
6839,39633034231679221,train
6843,39633034256844471,train
6829,39633034273620078,train
28515,39633034282010847,train
29259,39633038308545298,train
29256,39633038308545304,train
29265,39633038354677987,train
29274,39633038375653183,train
29986,39633038375653183,train
29429,39633038472121574,train
29467,39633038551810820,train
29464,39633038564393440,train
29452,39633038572781966,train
29461,39633038585365171,train
7113,39633038597949977,train
7112,39633038597951628,train
28214,39633038665059601,train
28208,39633038686028602,train
28207,39633038686029234,train
6897,39633038740555732,train
6896,39633038744748116,train
6893,39633038744749833,train
6895,39633038748944144,train
28734,39633038748944181,train
28643,39633038765720614,train
28691,39633038782497114,train
6871,39633038782497358,train
6872,39633038782498812,train
28699,39633038786693167,train
28662,39633038816051701,train
28669,39633038816051776,train
28661,39633038820247813,train
28673,39633038824442397,train
28723,39633038849606988,train
28384,39633038904133343,train
28386,39633038912521636,train
28428,39633038916716919,train
28419,39633038925106238,train
28416,39633038929298156,train
28418,39633038933491802,train
28410,39633038950269350,train
28411,39633038950269546,train
28409,39633038950271868,train
28555,39633039000602995,train
28514,39633039059321400,train
6827,39633039059323800,train
28517,39633039059324007,train
28543,39633039071906691,train
29276,39633043127796458,train
29500,39633043165547353,train
29496,39633043182323736,train
29491,39633043220070932,train
29424,39633043274597890,train
29425,39633043274599697,train
29413,39633043287183683,train
29415,39633043291375630,train
29419,39633043295569906,train
29420,39633043295569922,train
29462,39633043350096764,train
29454,39633043354290001,train
28217,39633043433980007,train
28216,39633043433981302,train
28205,39633043450758039,train
28206,39633043454954183,train
28738,39633043517866757,train
28692,39633043551420840,train
28677,39633043572396674,train
6866,39633043580781658,train
28726,39633043610142954,train
28727,39633043610143810,train
28432,39633043681445055,train
28431,39633043681446168,train
28429,39633043681447047,train
28413,39633043694027670,train
28415,39633043698224042,train
28560,39633043761138185,train
6846,39633043773720684,train
28518,39633043824051334,train
7097,39633047871555687,train
29275,39633047884138456,train
29272,39633047892526844,train
29273,39633047896721404,train
7119,39633047934471594,train
29489,39633047976413842,train
29428,39633047984803611,train
29426,39633048022549216,train
29414,39633048035134787,train
29418,39633048039328241,train
29466,39633048072882956,train
7111,39633048093853269,train
7114,39633048102243593,train
6732,39633048144184163,train
28224,39633048144184163,train
28204,39633048202904797,train
28735,39633048270015020,train
28739,39633048270015198,train
28701,39633048286791467,train
6877,39633048286791702,train
28700,39633048299374451,train
28676,39633048320344161,train
28678,39633048320347677,train
28664,39633048332927072,train
28674,39633048341318267,train
29977,39633048349707638,train
29982,39633048366484388,train
28383,39633048425204501,train
28414,39633048441982322,train
28425,39633048454564269,train
28407,39633048467145114,train
6848,39633048525865381,train
28547,39633048538449379,train
28550,39633048546838155,train
6845,39633048546838226,train
28551,39633048546838226,train
28552,39633048551031958,train
29277,39633052606927471,train
29278,39633052611118481,train
29499,39633052640480981,train
7120,39633052678227639,train
29494,39633052682421394,train
29994,39633052690809782,train
29490,39633052703395154,train
29427,39633052715976794,train
29431,39633052724365874,train
29421,39633052778889480,train
29422,39633052783085676,train
29457,39633052845999996,train
29458,39633052850194334,train
29460,39633052854388525,train
29459,39633052854391503,train
28736,39633053001190810,train
6875,39633053034745427,train
6873,39633053038939440,train
28697,39633053043134516,train
6868,39633053051519470,train
28680,39633053051519470,train
28672,39633053076688318,train
28725,39633053089267811,train
28427,39633053189933482,train
28426,39633053189934256,train
28434,39633053194127171,train
28562,39633053240265589,train
28564,39633053248653913,train
28558,39633053261234464,train
6847,39633053265429396,train
7099,39633057350685617,train
29498,39633057367461597,train
29495,39633057388430287,train
29492,39633057409401272,train
29507,39633057430374889,train
29430,39633057442957929,train
28744,39633057703005225,train
6902,39633057707199851,train
6899,39633057715585714,train
6900,39633057719783472,train
28737,39633057719783472,train
6910,39633057723977972,train
28706,39633057728171098,train
6876,39633057732363172,train
28704,39633057736556937,train
28703,39633057740753677,train
6878,39633057761726242,train
28682,39633057770113044,train
28679,39633057770113095,train
6869,39633057778502050,train
28687,39633057782695939,train
28430,39633057887552131,train
28421,39633057900135211,train
28424,39633057904329087,train
28435,39633057908523957,train
28557,39633057971438853,train
7121,39633062073468980,train
29493,39633062102831792,train
29993,39633062123800121,train
29480,39633062203490390,train
28218,39633062329319974,train
28220,39633062333513926,train
28219,39633062333517252,train
28221,39633062337710215,train
6905,39633062375459810,train
6911,39633062421598193,train
28752,39633062421598408,train
28754,39633062425789359,train
28751,39633062425789663,train
28753,39633062425792676,train
6913,39633062429986226,train
28702,39633062438372246,train
28681,39633062476121427,train
28671,39633062488706133,train
28729,39633062505482491,train
28422,39633062597758247,train
28433,39633062606144560,train
29504,39633066762700297,train
29501,39633066771087661,train
29506,39633066808837671,train
29509,39633066817225000,train
29479,39633066884335427,train
29477,39633066884336297,train
29473,39633066888527973,train
29478,39633066888527993,train
29474,39633066892723096,train
28741,39633067085660948,train
28742,39633067085662347,train
28743,39633067089855251,train
28750,39633067110829778,train
28685,39633067165352232,train
29512,39633071489681993,train
29432,39633071519042197,train
29476,39633071548403747,train
29483,39633071560985028,train
29481,39633071560986302,train
6908,39633071728757947,train
28745,39633071758118663,train
28764,39633071766503929,train
6914,39633071779090664,train
28689,39633071829418062,train
28688,39633071833613083,train
28728,39633071846198904,train
29434,39633076170525763,train
29433,39633076170525957,train
28765,39633076409599367,train
6915,39633076422181612,train
28758,39633076430571251,train
6879,39633076459933045,train
28709,39633076464127180,train
6906,39633081023335771,train
6916,39633081044306950,train
28756,39633081056888753,train
28757,39633081061083273,train
28755,39633081061084286,train
28760,39633081065276858,train
28762,39633081065277531,train
28763,39633081069471086,train
28759,39633081073664425,train
6880,39633081103024848,train
28732,39633081111416269,train
6909,39633085624486085,train
6907,39633085624486094,train
28747,39633085645457562,train
28761,39633085683205642,train
6887,39633085704179753,train
6881,39633085716761942,train
6888,39633085733539380,train
29472,39633090141750472,train
6882,39633090301134720,train
6889,39633090317911115,train
7117,39633094730320954,train
6892,39633094898090833,train
29471,39633099272750929,train
6884,39633099448912728,train
22753,39636136506687777,train
22752,39636136506689856,train
22751,39636136506693324,train
22905,39636159382426895,train
23319,39636164872773731,train
8009,39636205930808831,train
23111,39636217356092232,train
8018,39636223442026944,train
23025,39636234997342607,train
8081,39636235077027645,train
8070,39636240953249105,train
8096,39636246800106377,train
23041,39636252571468206,train
23039,39636252571470616,train
8102,39636252672132355,train
5870,39636264323908012,train
23175,39636293809869276,train
8491,39636293897951453,train
8186,39636293935700074,train
8495,39636305738467690,train
8552,39636305738470159,train
8187,39636305759438551,train
8196,39636305776214348,train
8195,39636305776218986,train
645,39636311665020005,train
8559,39636323560063870,train
8539,39636335375420788,train
8310,39636335492860508,train
8650,39636347228525030,train
591,39636347434043781,train
8299,39636347434043781,train
8300,39636347434046684,train
8587,39636353285100199,train
8330,39636359316507260,train
8335,39636359329090339,train
8583,39636365238863690,train
8349,39636377268130856,train
8350,39636377268131437,train
1025,39636383035297372,train
9524,39636383035298447,train
9520,39636383035298962,train
24072,39636394833873611,train
8764,39636395064559646,train
9627,39636431039103371,train
9625,39636431039106162,train
9710,39636436957265958,train
841,39636437141816923,train
9077,39636437141816923,train
8928,39636437162790646,train
9601,39636442988675337,train
728,39636443080953141,train
726,39636443080953685,train
8807,39636443080953685,train
725,39636443080954112,train
729,39636443080954326,train
9083,39636443139670163,train
9089,39636443139673442,train
1037,39636449032667481,train
25153,39636450228044672,train
9750,39636454963418156,train
24186,39636460961268098,train
24187,39636460961272315,train
807,39636461271650315,train
1072,39636467110119267,train
9672,39636467110122203,train
1076,39636479147772105,train
803,39636485409867010,train
9039,39636485409867845,train
4424,39636493081247943,train
17987,39636493081247943,train
17993,39636493081251671,train
9157,39636497355246453,train
9036,39636497464299040,train
912,39636503428600119,train
9178,39636503428600119,train
897,39636509430646591,train
9049,39636509531308211,train
14901,39636517710201720,train
1212,39636521313108832,train
9205,39636521577349309,train
9361,39636521615101372,train
326,39636522558822161,train
931,39636527621343554,train
9199,39636527621343554,train
1002,39636545749126793,train
9406,39636545749126793,train
9243,39636551759560835,train
9922,39636557761610328,train
9438,39636557816141861,train
1239,39636563537171098,train
9939,39636569862178133,train
9879,39636575721620992,train
9952,39636575872618858,train
9953,39636575872620855,train
9975,39636581899830795,train
4722,39636583644664195,train
18650,39636583644664195,train
1008,39636588044487512,train
9473,39636594071701608,train
7503,39636595057362235,train
18750,39636607715773221,train
7691,39636655392424108,train
7689,39636655392429373,train
7719,39636661465780073,train
6395,39636769750127957,train
26182,39636769750127957,train
7915,39636823420440044,train
26253,39636841359476694,train
26305,39636865111822179,train
26306,39636871029982000,train
6410,39636871029986521,train
27378,39636918022965384,train
6613,39636918022967650,train
27383,39636918022968330,train
27360,39636929792183681,train
27730,39637016823990369,train
27977,39637190493340228,train
28093,39637255001738807,train
30494,43977420163776665,train
30520,43977438316724380,train
31172,43977438316724380,train
30525,43977450371153935,train
30888,43977479412515312,train
31866,43977479412515312,train
266,2305843013517066630,train
268,2305843013575777833,train
267,2305843013575779090,train
270,2305843014515301218,train
269,2305843014515305759,train
271,2305843014704042037,train
272,2305843014737597003,train
274,2305843014745982922,train
275,2305843014771151239,train
277,2305843014783730982,train
280,2305843014859228542,train
279,2305843014859228698,train
281,2305843014863425081,train
282,2305843014867622695,train
283,2305843014876010843,train
284,2305843014892783016,train
285,2305843014892785096,train
286,2305843014901173974,train
288,2305843014901176432,train
290,2305843015123475225,train
291,2305843015140247404,train
293,2305843017837197993,train
0,2305843030931823782,train
2,2305843033557435154,train
3,2305843033557438842,train
4,2305843035914640648,train
6,2305843035914642768,train
7,2305843035914643994,train
10,2305843035923022094,train
12,2305843035923023417,train
11,2305843035923025919,train
14,2305843036006909561,train
15,2305843036011109409,train
17,2305843036019501234,train
19,2305843036036275849,train
18,2305843036036279272,train
20,2305843036044661673,train
30405,2305843036053055462,train
30406,2305843036053056771,train
22,2305843036279550690,train
23,2305843036287934767,train
24,2305843036304712354,train
25,2305843036321486467,train
26,2305843036338261404,train
27,2305843036342456138,train
29,2305843036367631593,train
30,2305843036380211795,train
31,2305843036384397720,train
32,2305843036401189248,train
33,2305843036405383688,train
35,2305843036409566789,train
36,2305843036413772948,train
38,2305843036417950034,train
37,2305843036417965466,train
39,2305843036426352548,train
40,2305843036430542662,train
41,2305843036434739925,train
42,2305843036438935891,train
43,2305843036455701757,train
45,2305843036459895549,train
44,2305843036459905403,train
46,2305843036464092549,train
49,2305843036468286884,train
47,2305843036468287303,train
48,2305843036468287959,train
50,2305843036468289560,train
51,2305843036476675394,train
52,2305843036480876635,train
55,2305843036485063523,train
54,2305843036485068201,train
56,2305843036493455580,train
57,2305843036493457036,train
60,2305843036497649046,train
61,2305843036506040010,train
62,2305843036510231816,train
64,2305843036527016653,train
67,2305843036547988001,train
68,2305843036552168574,train
30407,2305843036568948586,train
69,2305843036602501436,train
74,2305843036631863601,train
73,2305843036631865983,train
75,2305843036636057597,train
76,2305843036644453506,train
81,2305843036665418914,train
80,2305843036665420564,train
78,2305843036665424074,train
84,2305843036669608219,train
30312,2305843036673811210,train
86,2305843036677997340,train
85,2305843036678010225,train
88,2305843036694775877,train
87,2305843036694782430,train
96,2305843036707357383,train
89,2305843036707357849,train
94,2305843036707360297,train
95,2305843036707361414,train
93,2305843036707363741,train
91,2305843036707365013,train
92,2305843036707369044,train
90,2305843036707369416,train
100,2305843036719940618,train
99,2305843036719946770,train
101,2305843036728331341,train
105,2305843036736717054,train
104,2305843036736718965,train
106,2305843036736719944,train
107,2305843036740914212,train
108,2305843036740921407,train
111,2305843036749308074,train
112,2305843036753496977,train
113,2305843036753500890,train
115,2305843036757691361,train
30409,2305843036761884102,train
30408,2305843036761888329,train
116,2305843036766081040,train
30411,2305843036766081040,train
30410,2305843036766083307,train
30412,2305843036766085764,train
30413,2305843036766085797,train
117,2305843036770272317,train
30414,2305843036774470193,train
119,2305843036774471449,train
118,2305843036774476037,train
120,2305843036782854973,train
123,2305843036787051270,train
122,2305843036787057543,train
124,2305843036791253221,train
125,2305843036795444523,train
126,2305843036799634957,train
129,2305843036799638996,train
130,2305843036808024793,train
133,2305843036820606675,train
132,2305843036820613746,train
134,2305843036828993778,train
135,2305843036833196749,train
137,2305843036841581778,train
138,2305843036841585203,train
139,2305843036996771712,train
140,2305843037000966759,train
141,2305843037252617159,train
142,2305843037252622938,train
144,2305843037416195179,train
145,2305843037432977062,train
148,2305843037453949990,train
149,2305843037466528304,train
151,2305843037470727178,train
153,2305843037474924891,train
154,2305843037479112304,train
159,2305843037487497606,train
30418,2305843037487497606,train
155,2305843037487501908,train
30415,2305843037487501908,train
156,2305843037487506242,train
30416,2305843037487506242,train
162,2305843037495886068,train
161,2305843037495887826,train
163,2305843037512664951,train
165,2305843037516857908,train
167,2305843037516860238,train
164,2305843037516860314,train
168,2305843037521058085,train
169,2305843037521059195,train
170,2305843037525248724,train
171,2305843037525250114,train
173,2305843037529445643,train
175,2305843037600751871,train
176,2305843037600752540,train
179,2305843037613329797,train
178,2305843037613331440,train
180,2305843037613335414,train
181,2305843037617526773,train
182,2305843037625912768,train
184,2305843037743361079,train
185,2305843037747544805,train
186,2305843037764323888,train
187,2305843037764325868,train
188,2305843037772714239,train
30422,2305843037781105615,train
30421,2305843037781108149,train
30423,2305843037781110211,train
30424,2305843037785300779,train
30425,2305843037793684052,train
193,2305843037793685097,train
194,2305843037797886541,train
195,2305843037818847805,train
196,2305843037848217681,train
197,2305843037864999396,train
198,2305843037873380196,train
199,2305843037877575836,train
200,2305843037885966597,train
201,2305843037890152495,train
202,2305843037890159402,train
203,2305843037890161374,train
206,2305843037911133659,train
208,2305843037969844181,train
209,2305843037969852856,train
210,2305843037974039845,train
211,2305843037978236154,train
212,2305843037995009780,train
213,2305843037995014468,train
215,2305843038137616109,train
214,2305843038137623275,train
216,2305843038141809426,train
217,2305843038146009222,train
218,2305843038150201272,train
219,2305843038150202918,train
30431,2305843038204723387,train
220,2305843038204724663,train
221,2305843038204729333,train
30426,2305843038204730832,train
30428,2305843038204732042,train
30430,2305843038204732164,train
30429,2305843038204733772,train
30427,2305843038204734015,train
222,2305843038208922683,train
223,2305843038217311640,train
224,2305843038217315350,train
226,2305843038225696765,train
227,2305843038225699601,train
228,2305843038225704345,train
230,2305843038229891770,train
229,2305843038229899430,train
231,2305843038234086586,train
233,2305843038234093135,train
232,2305843038234093843,train
234,2305843038238281712,train
236,2305843038242479303,train
238,2305843038255065231,train
239,2305843038263450866,train
240,2305843038271838765,train
241,2305843038271840760,train
242,2305843038313782650,train
243,2305843038313783342,train
246,2305843038653516778,train
245,2305843038653522133,train
30432,2305843038691264094,train
30433,2305843038691268250,train
248,2305843038695456994,train
30434,2305843038695456994,train
30435,2305843038695458222,train
247,2305843038695459682,train
30436,2305843038703847804,train
30437,2305843038703851577,train
250,2305843038716434978,train
251,2305843038716436475,train
249,2305843038716436542,train
252,2305843038724818026,train
255,2305843039202971544,train
253,2305843039202972671,train
254,2305843039202974402,train
257,2305843039207165254,train
259,2305843047176350733,train
260,2305843047188928578,train
261,2305843047268621726,train
262,2305843047281202930,train
264,2305843047839041299,train
30339,146584104861696,val
18619,2349927111852032,val
5988,2780640105725955,val
4080,2780761002344460,val
4102,2780784968597519,val
2911,2780785408999434,val
4990,2780832758497284,val
1883,2780833945485337,val
1958,2780851997769748,val
4431,2780875393597443,val
3282,2780881664081924,val
4685,2780893370384390,val
2981,2780893882089476,val
1210,2780897577271296,val
4504,2780911716270088,val
2307,2780912282501128,val
2041,2780912437690376,val
956,2780921983926275,val
3001,2780924055912464,val
4503,2780929839857666,val
3360,2780929957298193,val
3368,2780936005484544,val
1267,2780939851661316,val
3306,2780942095613965,val
1293,2780963973103621,val
4615,2780966007341067,val
3185,2780966359662592,val
2114,2780966871367707,val
4565,2780978200182790,val
2433,2780978682527752,val
4567,2780984239980552,val
5625,2780996336353296,val
3481,2781020667510785,val
4863,2781038472331276,val
4861,2781038501691398,val
2598,2781039210528769,val
4806,2781044352745475,val
3700,2781044981891080,val
7164,2781051369816084,val
2638,2781063327776780,val
5460,2781068344164354,val
6305,2781098085974016,val
5518,2781128616312841,val
2789,2781165366804482,val
5699,2781289451094023,val
6967,2781566107385875,val
6867,2781816624775174,val
24484,2842325642379264,val
17373,2842345477242880,val
8935,2842398119952385,val
7242,2842417204035586,val
11718,2842460673802248,val
19620,2842508165906439,val
19644,2842538352312321,val
13942,2842605847052293,val
17522,2851213854900224,val
18778,2851370889641984,val
26487,2851680664158208,val
30010,39627278417664009,val
30011,39627312320221251,val
22760,39627334709414514,val
22758,39627334709420969,val
23246,39627339956486994,val
22860,39627340317204494,val
22873,39627346063396548,val
22789,39627346197617582,val
29851,39627346587686906,val
23271,39627351402746609,val
5892,39627351402751099,val
23268,39627351402751099,val
23247,39627351432105626,val
23231,39627351633434336,val
22874,39627351797009884,val
5826,39627351864120210,val
22765,39627351906058414,val
7975,39627352031889066,val
23230,39627357396405470,val
22885,39627357564175919,val
22972,39627357622896859,val
22736,39627357727754899,val
23265,39627362920304757,val
23464,39627363159379713,val
5825,39627363369097801,val
22803,39627363478148691,val
7981,39627363520086121,val
23463,39627368934934927,val
22916,39627369048183398,val
22915,39627369048183708,val
5811,39627369194988557,val
22830,39627369194988557,val
22737,39627369253706966,val
7977,39627369274676833,val
23309,39627374534332976,val
23308,39627374534337269,val
22827,39627374962155243,val
22801,39627375016673552,val
22805,39627375020872741,val
23331,39627380330859571,val
23330,39627380335052824,val
22900,39627380590905597,val
5838,39627380674790229,val
5834,39627380691574357,val
22842,39627380729316314,val
23290,39627386018335554,val
23348,39627386098028707,val
5839,39627386450352958,val
22981,39627386492289329,val
22843,39627386509076518,val
22853,39627386551012994,val
553,39627386609730670,val
23344,39627391873586623,val
23353,39627391890362709,val
23335,39627391915530265,val
23488,39627392032968214,val
560,39627392385288834,val
556,39627392414647670,val
23347,39627397678501570,val
22937,39627397951130700,val
5837,39627398060184438,val
22989,39627398076961275,val
22822,39627398152454321,val
8029,39627398186012682,val
23548,39627409460299024,val
22957,39627409569357112,val
22995,39627409720349731,val
23001,39627409728743873,val
22849,39627409737125780,val
22946,39627415412022690,val
23087,39627415441376341,val
23084,39627415441378080,val
5817,39627415600759536,val
8037,39627415621733824,val
8022,39627415676256942,val
23519,39627421204352389,val
22963,39627421221130413,val
22945,39627421242102183,val
8073,39627421435039988,val
8049,39627421481178303,val
23507,39627426975716528,val
23512,39627426979911769,val
23535,39627426988299840,val
23013,39627427231570966,val
23564,39627432772243825,val
23109,39627432931628054,val
23103,39627432965182771,val
5923,39627438652657748,val
23536,39627438673626905,val
8058,39627439000784068,val
8055,39627439017561809,val
23386,39627444319164133,val
23390,39627444327551938,val
23586,39627444495319386,val
23534,39627444537264550,val
23119,39627444621155035,val
23606,39627450342183916,val
23582,39627450371546827,val
23639,39627450384128671,val
23028,39627450623201449,val
23018,39627450648368143,val
8119,39627450753221271,val
576,39627450753224027,val
23413,39627456059023797,val
23715,39627456348425894,val
8111,39627456558139377,val
8107,39627456562332490,val
572,39627456562333074,val
8104,39627456562333074,val
8063,39627456587501410,val
8066,39627456595886792,val
578,39627456616863346,val
23598,39627462103011158,val
23138,39627462249809308,val
8065,39627462467913641,val
23645,39627468000205748,val
23130,39627468142813229,val
629,39627468272830465,val
8482,39627468272830465,val
8103,39627468327354698,val
23642,39627473905779538,val
23643,39627473905781415,val
23144,39627474027421309,val
23131,39627474035809067,val
8484,39627474170023388,val
23367,39627479643595077,val
5985,39627479677147472,val
23746,39627479861691415,val
23050,39627480000107465,val
634,39627480046241691,val
8167,39627480130127733,val
23428,39627485498838445,val
23655,39627485674999624,val
23659,39627485691773182,val
23665,39627485704356003,val
23146,39627485825991442,val
5878,39627485880524845,val
23170,39627485880524845,val
582,39627486056680222,val
23444,39627491416998054,val
24225,39627491496695997,val
23682,39627491588971617,val
5936,39627491647687219,val
23165,39627491769320518,val
5880,39627491815458747,val
8174,39627491932902612,val
8138,39627491953870294,val
8146,39627491991618879,val
24258,39627497356139360,val
24229,39627497406472037,val
24223,39627497410666500,val
24227,39627497414860838,val
24214,39627497427440444,val
23680,39627497498739804,val
23763,39627497582627477,val
23727,39627497628765720,val
8189,39627497825898191,val
8190,39627497834286536,val
8184,39627497851060276,val
8141,39627497888809578,val
23197,39627503576289523,val
8614,39627503643394627,val
8524,39627503668562412,val
8162,39627503802782579,val
24232,39627509251186710,val
23778,39627509423150627,val
23196,39627509507032449,val
8200,39627509704163748,val
24301,39627515198707962,val
24286,39627515202899452,val
23959,39627515299367496,val
23225,39627515425195445,val
23211,39627515446169937,val
8522,39627515513277918,val
8536,39627515546831592,val
8204,39627515630719165,val
8210,39627515639106070,val
8160,39627515647498659,val
23796,39627521272055950,val
8540,39627521448214953,val
8535,39627521477579913,val
24413,39627526972117280,val
24277,39627527009868159,val
24329,39627527056003325,val
23814,39627527274109789,val
8534,39627527404131540,val
8533,39627527408323469,val
8266,39627527529958642,val
24298,39627533003522971,val
23834,39627533204852039,val
8619,39627533313902954,val
8546,39627533343262579,val
8564,39627533376820828,val
8219,39627533439729911,val
8312,39627533460705666,val
8270,39627533473284643,val
23966,39627539047521604,val
23971,39627539064298626,val
5943,39627539173343858,val
8545,39627539290788226,val
24332,39627544898568636,val
24307,39627544932126712,val
24308,39627544936319669,val
24316,39627544944711433,val
23981,39627545032791106,val
8582,39627545305417152,val
8215,39627545326390533,val
24420,39627550799961349,val
24306,39627550892231306,val
23910,39627551026446847,val
23867,39627551072587857,val
8625,39627551148083060,val
8588,39627551236165526,val
8315,39627551315856201,val
8291,39627551361997684,val
8290,39627551366187117,val
8236,39627551382966446,val
24436,39627556755873878,val
24425,39627556764259476,val
24341,39627556797811881,val
24321,39627556852335447,val
24024,39627556885890142,val
24003,39627556944615132,val
23899,39627556994941724,val
23901,39627556994943770,val
678,39627557070440523,val
8638,39627557133353910,val
653,39627557217240171,val
8572,39627557229829223,val
8323,39627557284350254,val
1565,39627559444419921,val
11122,39627559444419921,val
1568,39627559448610337,val
11119,39627559477970141,val
10992,39627559561856072,val
24441,39627562753721007,val
24011,39627562904720280,val
5951,39627563001185286,val
8343,39627563252846191,val
8257,39627563319956316,val
4047,39627564880236822,val
10289,39627565186416690,val
24351,39627568734797960,val
24540,39627568814494650,val
24007,39627568877406340,val
23926,39627568948708397,val
23882,39627568973874780,val
9502,39627568978070014,val
8592,39627569133262452,val
8584,39627569154231079,val
8342,39627569191978522,val
8361,39627569271671424,val
11172,39627571301715481,val
11141,39627571339465396,val
11126,39627571393987042,val
24458,39627574673939903,val
24446,39627574678132447,val
24367,39627574728462495,val
24031,39627574803957430,val
23921,39627574892036996,val
23945,39627574900425363,val
23935,39627574929787694,val
8670,39627574988507181,val
689,39627575072392162,val
8811,39627575143695760,val
17225,39627576775283393,val
17223,39627576779476187,val
4290,39627576821420161,val
10287,39627577135988912,val
24369,39627580713737586,val
24084,39627580826976948,val
24085,39627580826977568,val
24082,39627580852147373,val
5958,39627580910863722,val
23939,39627580910863722,val
9496,39627580957002120,val
8687,39627581003139323,val
8810,39627581124772407,val
8305,39627581191884530,val
8366,39627581233825883,val
24992,39627582269821991,val
24994,39627582290789333,val
24998,39627582357900381,val
17440,39627582605362491,val
17259,39627582668276770,val
4077,39627582701833476,val
10431,39627582852829513,val
10455,39627582877995673,val
11181,39627583238704689,val
11184,39627583242899600,val
10996,39627583427445848,val
11004,39627583473586204,val
10985,39627583490361817,val
24483,39627586661260507,val
24545,39627586719978300,val
24044,39627586782892223,val
8703,39627586946467837,val
681,39627586980020367,val
8680,39627586980020367,val
6103,39627588200568204,val
24989,39627588280257946,val
25019,39627588343172122,val
24971,39627588355753841,val
4905,39627588435443990,val
17466,39627588573860456,val
17444,39627588590635367,val
4073,39627588645161915,val
17231,39627588758405545,val
1347,39627588871653409,val
10533,39627588951346436,val
11313,39627589345610059,val
10998,39627589458857748,val
11812,39627589538547346,val
24467,39627592612974104,val
24478,39627592638138213,val
24480,39627592642334711,val
24368,39627592675890067,val
9517,39627592898183712,val
8766,39627592965295784,val
691,39627592982070884,val
8600,39627593028208725,val
8822,39627593078538299,val
25186,39627594181643726,val
6042,39627594303276046,val
25018,39627594328445156,val
19077,39627594382970464,val
4904,39627594420716544,val
17315,39627594647213660,val
17313,39627594651406976,val
17287,39627594668182193,val
17298,39627594710124699,val
10424,39627594911453829,val
1594,39627595192470295,val
11304,39627595322495711,val
11005,39627595410576193,val
11000,39627595439932654,val
11806,39627595536402201,val
24392,39627598656963798,val
9512,39627598887649847,val
9518,39627598891847075,val
8728,39627598988315832,val
8828,39627599088977501,val
6043,39627600292746902,val
25016,39627600296940494,val
25022,39627600313713269,val
19085,39627600418571449,val
17352,39627600519237031,val
4060,39627600703785770,val
17239,39627600703785770,val
17240,39627600712174231,val
1344,39627600800254314,val
10463,39627600888334631,val
10531,39627600917693805,val
2796,39627601131602335,val
11066,39627601383263229,val
1544,39627601387459628,val
11052,39627601404233762,val
26803,39627601702028194,val
8857,39627605074252747,val
608,39627605145551637,val
6064,39627606273824521,val
25039,39627606298986397,val
19084,39627606382874318,val
17400,39627606462563349,val
17355,39627606521286216,val
17449,39627606567422681,val
10537,39627606923935988,val
10524,39627606978465471,val
10366,39627607007824140,val
10362,39627607024603093,val
10323,39627607053962361,val
2822,39627607095903412,val
14443,39627607095903412,val
11240,39627607192373676,val
1546,39627607389505572,val
11044,39627607389505572,val
1534,39627607452421730,val
24509,39627610602345270,val
24585,39627610719781366,val
24148,39627610740755638,val
5981,39627610770112791,val
24099,39627610786889912,val
24098,39627610786890872,val
9563,39627610858193741,val
9562,39627610866583467,val
9530,39627610891749380,val
8778,39627610929498101,val
708,39627610950472030,val
8774,39627610950472030,val
25170,39627612233928013,val
25066,39627612238124800,val
25068,39627612250705146,val
19111,39627612372338463,val
17393,39627612456222927,val
17457,39627612582052152,val
17740,39627612774990169,val
10547,39627612913405360,val
2820,39627613093758690,val
11234,39627613181838861,val
11324,39627613320255257,val
11317,39627613345416961,val
26811,39627613697736944,val
24626,39627616654721659,val
24602,39627616713443322,val
24121,39627616788942339,val
9585,39627616877021832,val
1029,39627616918965259,val
8750,39627616977687687,val
8749,39627616990268183,val
8862,39627617082544926,val
8851,39627617103516295,val
8847,39627617107706486,val
6100,39627618198229264,val
25175,39627618206614195,val
25046,39627618303086355,val
6061,39627618307281310,val
25049,39627618307281310,val
25036,39627618311475837,val
4155,39627618525383729,val
17474,39627618525383729,val
4150,39627618567325455,val
17464,39627618592491672,val
17304,39627618663796525,val
1372,39627618806402118,val
10528,39627618953203758,val
1383,39627618978367471,val
1323,39627618990950014,val
14424,39627619133558919,val
14425,39627619141946335,val
11329,39627619318108855,val
1660,39627619326493294,val
11327,39627619326493294,val
1663,39627619339081173,val
24624,39627622656775614,val
24633,39627622673550233,val
24579,39627622723879849,val
24679,39627622740657905,val
8860,39627623072011872,val
8867,39627623092983007,val
8446,39627623155896145,val
6087,39627624099616694,val
29952,39627624099616694,val
25122,39627624108002624,val
25135,39627624116391651,val
25134,39627624128970981,val
25131,39627624128970983,val
25198,39627624154136711,val
25209,39627624158335171,val
25172,39627624225441693,val
6057,39627624305132438,val
25051,39627624305132438,val
19249,39627624334494841,val
17407,39627624456127196,val
4128,39627624460323684,val
17399,39627624460323684,val
4129,39627624464516756,val
4119,39627624481295918,val
4157,39627624565182696,val
17463,39627624590344529,val
4146,39627624598735963,val
17454,39627624598735963,val
17887,39627624699401369,val
17892,39627624703591109,val
1370,39627624812647552,val
1433,39627624883950345,val
1395,39627624921695879,val
1324,39627625043331053,val
1631,39627625194325583,val
11323,39627625328544244,val
1684,39627625357904436,val
11814,39627625534067160,val
11816,39627625538259184,val
6444,39627625630537299,val
24844,39627628642046398,val
24171,39627628780457724,val
24168,39627628797236175,val
9701,39627628839179225,val
9583,39627628876924891,val
9539,39627628906283378,val
1047,39627628914676053,val
8793,39627628977588480,val
8763,39627628998562256,val
9065,39627629019533447,val
8896,39627629044698008,val
8868,39627629090838262,val
8866,39627629099221620,val
614,39627629145359792,val
25155,39627630093271826,val
25140,39627630097467591,val
6086,39627630114243264,val
25221,39627630193939164,val
25094,39627630277824435,val
6077,39627630277824946,val
19163,39627630420428342,val
17421,39627630479147306,val
17383,39627630495928353,val
17739,39627630772749443,val
10507,39627630827278364,val
10478,39627630881802846,val
10345,39627631070545917,val
11035,39627631443837234,val
1841,39627631473201356,val
26779,39627631578057994,val
24689,39627634761533803,val
6010,39627634761535704,val
24699,39627634761535704,val
24159,39627634765726271,val
1089,39627634849618456,val
701,39627635000609989,val
8760,39627635000609989,val
8756,39627635009000005,val
8910,39627635088690816,val
8447,39627635164190568,val
25183,39627636221150692,val
25095,39627636279870516,val
25087,39627636309235021,val
25053,39627636317623376,val
4922,39627636376340209,val
19139,39627636376340209,val
19129,39627636393121207,val
19154,39627636443448842,val
17415,39627636464420736,val
4122,39627636514752030,val
17329,39627636653163435,val
17335,39627636682526951,val
4093,39627636699300976,val
17308,39627636699300976,val
4094,39627636699301446,val
17898,39627636737049476,val
1377,39627636846101822,val
10717,39627636913211148,val
10564,39627636963547034,val
1404,39627637005484246,val
10596,39627637005484246,val
14466,39627637131315747,val
14487,39627637181649120,val
11265,39627637227787441,val
11387,39627637370388606,val
11084,39627637416531169,val
11090,39627637424917244,val
1906,39627637483637795,val
11857,39627637517189813,val
11827,39627637533970544,val
26793,39627637601075510,val
6492,39627637672383305,val
26939,39627637672384357,val
6461,39627637756265973,val
24706,39627640746806693,val
9711,39627640855860228,val
9708,39627640860054464,val
1036,39627640914576216,val
8802,39627640977494551,val
8799,39627640985880549,val
8463,39627641170434931,val
8453,39627641195598170,val
8457,39627641199789816,val
25149,39627642135122124,val
25254,39627642277724702,val
19161,39627642437111994,val
4141,39627642500023950,val
17565,39627642558745205,val
17507,39627642625852976,val
4317,39627642793627615,val
17775,39627642793627615,val
4300,39627642797822180,val
17797,39627642843955589,val
10512,39627642873318557,val
1376,39627642877512730,val
10516,39627642877512730,val
10735,39627642915263876,val
10395,39627643045285573,val
14464,39627643129172930,val
14459,39627643154335360,val
2842,39627643213058860,val
14482,39627643213058860,val
11270,39627643225641529,val
11253,39627643242419567,val
11411,39627643368248009,val
11094,39627643452130740,val
1849,39627643506658672,val
11874,39627643519240452,val
11877,39627643523433361,val
1847,39627643536015394,val
11870,39627643536015394,val
6493,39627643661847928,val
26854,39627643775091412,val
24855,39627646694326507,val
24645,39627646740465414,val
24646,39627646740466165,val
24702,39627646757243053,val
24712,39627646769828130,val
9715,39627646845324010,val
9624,39627646962764051,val
8804,39627646996316483,val
8930,39627647088595535,val
8941,39627647096982182,val
25236,39627648208471390,val
25262,39627648267193449,val
4983,39627648367855515,val
4951,39627648443351621,val
19199,39627648443351621,val
19201,39627648443351934,val
17425,39627648518850057,val
17778,39627648783091128,val
10387,39627649085080442,val
2919,39627649118639363,val
14631,39627649143802801,val
2844,39627649202524731,val
14488,39627649202524731,val
14478,39627649219300511,val
11280,39627649261247250,val
11353,39627649357713522,val
11113,39627649449987486,val
12029,39627649487733260,val
11888,39627649546454168,val
11896,39627649605174325,val
24852,39627652704768940,val
24867,39627652721546792,val
9752,39627652847374385,val
9638,39627652969009382,val
1045,39627652981589759,val
1053,39627652989979969,val
731,39627653027725633,val
850,39627653069673387,val
8474,39627653199693246,val
625,39627653199696674,val
8465,39627653199696674,val
7240,39627654122444992,val
6090,39627654155998759,val
25402,39627654168579175,val
6183,39627654176966444,val
25401,39627654176967336,val
25255,39627654302797242,val
25097,39627654336353446,val
4928,39627654487346865,val
19175,39627654508317453,val
4212,39627654571232278,val
4166,39627654613172362,val
17345,39627654713839787,val
4382,39627654743200102,val
17907,39627654743200102,val
1465,39627654923555978,val
1405,39627655053575124,val
10624,39627655066158177,val
14665,39627655112295191,val
14471,39627655175209092,val
2843,39627655212961883,val
14495,39627655238126237,val
2854,39627655242320930,val
14504,39627655250710422,val
1639,39627655267488861,val
1672,39627655380733625,val
11417,39627655414285502,val
12096,39627655493982408,val
12054,39627655531729824,val
12048,39627655535920351,val
12052,39627655540114027,val
1916,39627655540114100,val
12058,39627655540114100,val
11954,39627655586253292,val
1858,39627655598836693,val
26961,39627655716279887,val
26849,39627655749833022,val
6473,39627655766608721,val
24735,39627658811675188,val
9681,39627658954282429,val
9644,39627659004609279,val
9116,39627659092694127,val
775,39627659126246062,val
776,39627659134636040,val
817,39627659143021000,val
805,39627659143022618,val
8993,39627659143022618,val
806,39627659147219589,val
8996,39627659147219589,val
9001,39627659155604735,val
8468,39627659226910854,val
25274,39627660325817511,val
19177,39627660510367293,val
17496,39627660644584177,val
4388,39627660770414696,val
10767,39627660929798902,val
10764,39627660933991791,val
1464,39627660938184470,val
10615,39627661051429679,val
10620,39627661089178805,val
10403,39627661093376693,val
14621,39627661160482414,val
14635,39627661168874622,val
14629,39627661177262942,val
2841,39627661198229568,val
14472,39627661202429895,val
11279,39627661298899101,val
12109,39627661516998483,val
1913,39627661537971245,val
12076,39627661537972888,val
12047,39627661550555808,val
11969,39627661584110328,val
11907,39627661621856202,val
24872,39627664763391236,val
24759,39627664805334999,val
24756,39627664817916637,val
9741,39627664931162473,val
9608,39627664960524862,val
875,39627665065377928,val
876,39627665065380599,val
9100,39627665132486726,val
9002,39627665170238352,val
9005,39627665195402727,val
7244,39627666168485117,val
6121,39627666277536679,val
25241,39627666277536679,val
25324,39627666285924692,val
6148,39627666290114598,val
25098,39627666378196678,val
19272,39627666424335157,val
19213,39627666508220070,val
17517,39627666717937801,val
17956,39627666759877374,val
4407,39627666772460154,val
17957,39627666772460154,val
17816,39627666931846066,val
10765,39627666965398111,val
10747,39627666998952453,val
10741,39627667011540632,val
10590,39627667032511236,val
1416,39627667045094998,val
10674,39627667045094998,val
2939,39627667162533451,val
14562,39627667233836352,val
14561,39627667238028266,val
14505,39627667292555997,val
11480,39627667426771118,val
1931,39627667540017827,val
1932,39627667540022521,val
12112,39627667540022522,val
12113,39627667544216372,val
11948,39627667628097705,val
1860,39627667670044498,val
11915,39627667670044498,val
11924,39627667678432290,val
26991,39627667732959972,val
26972,39627667779093885,val
24770,39627670811576474,val
24763,39627670840936185,val
9768,39627670916437051,val
9757,39627670929016832,val
9732,39627670970961914,val
9115,39627671130344857,val
25406,39627672237643466,val
19325,39627672447353001,val
19218,39627672497686066,val
4955,39627672522855154,val
17582,39627672665458647,val
17946,39627672812258232,val
4350,39627672896148161,val
4341,39627672917119803,val
17832,39627672917119803,val
1455,39627673026169460,val
10748,39627673026169460,val
1453,39627673042950078,val
1486,39627673059721286,val
10658,39627673089085374,val
14564,39627673256857421,val
3013,39627673340741027,val
14858,39627673340741027,val
11595,39627673361713140,val
11552,39627673424626834,val
1700,39627673474961140,val
11439,39627673483350782,val
11435,39627673508515112,val
12077,39627673596593346,val
1921,39627673604980939,val
11962,39627673659509446,val
11960,39627673663704958,val
11965,39627673667898184,val
6511,39627673722426347,val
26903,39627673831479341,val
26891,39627673839863039,val
24884,39627676817819027,val
24764,39627676830401010,val
24782,39627676847182296,val
24784,39627676851372322,val
9771,39627676939453130,val
1102,39627676960424766,val
9139,39627677144976481,val
9010,39627677203698548,val
9294,39627677287583730,val
962,39627677321138956,val
25431,39627678281633635,val
6150,39627678336155871,val
25320,39627678336155871,val
6151,39627678336159239,val
25326,39627678336159239,val
19320,39627678441014729,val
19328,39627678474567875,val
19219,39627678524901349,val
17532,39627678738809858,val
18544,39627678797534016,val
4408,39627678814310936,val
17936,39627678864641894,val
17835,39627678965305881,val
4333,39627678977884662,val
1477,39627679036606351,val
10795,39627679036606351,val
10749,39627679044993356,val
10826,39627679082744595,val
10683,39627679099523534,val
2952,39627679221158257,val
2948,39627679225351997,val
2929,39627679237931169,val
14518,39627679346984570,val
2861,39627679346988022,val
14511,39627679346988022,val
11548,39627679447649239,val
11492,39627679506369342,val
13048,39627679556698512,val
12081,39627679615419570,val
12091,39627679623810409,val
11973,39627679661556968,val
11978,39627679665754256,val
11934,39627679703501375,val
26981,39627679795780038,val
27044,39627679829334779,val
26875,39627679888053456,val
24909,39627682845037029,val
24774,39627682874397273,val
24793,39627682895364547,val
24795,39627682899560262,val
6013,39627682924727429,val
24739,39627682924727429,val
1097,39627682996030695,val
9161,39627683230910896,val
968,39627683310601001,val
965,39627683310606157,val
9298,39627683310606157,val
25418,39627684283679549,val
25429,39627684287876936,val
25386,39627684338208523,val
25313,39627684388536856,val
25344,39627684405313772,val
6141,39627684413705815,val
25302,39627684413705815,val
19190,39627684606640840,val
19463,39627684636003085,val
4228,39627684665363323,val
4232,39627684673750797,val
17623,39627684673750797,val
4216,39627684715695858,val
17586,39627684715695858,val
17514,39627684812165316,val
17864,39627684954770949,val
10637,39627685164485242,val
10654,39627685181261715,val
1414,39627685181264874,val
2892,39627685323867160,val
14539,39627685361615147,val
14536,39627685374201630,val
14866,39627685390976785,val
14862,39627685399365631,val
1746,39627685424530860,val
11497,39627685529390922,val
13054,39627685575526720,val
2281,39627685579719991,val
12329,39627685768466930,val
26907,39627685906876428,val
6470,39627685923658486,val
6469,39627685927847345,val
26881,39627685927849044,val
24900,39627688859670054,val
9662,39627689136492473,val
1156,39627689170045557,val
9885,39627689170045557,val
9048,39627689283294814,val
9281,39627689367175834,val
7264,39627690298313552,val
25399,39627690365422531,val
6156,39627690415755916,val
25299,39627690449309578,val
6138,39627690461891186,val
19857,39627690482864253,val
5003,39627690499641726,val
5005,39627690520609060,val
5006,39627690537389001,val
19336,39627690537389001,val
19355,39627690566750065,val
5012,39627690566751135,val
19356,39627690566751135,val
17554,39627690797434638,val
18107,39627691032315839,val
18084,39627691036512704,val
18085,39627691040704109,val
1468,39627691065871152,val
10784,39627691065871152,val
10783,39627691074258828,val
10690,39627691191700883,val
10652,39627691204281744,val
10648,39627691212669360,val
14737,39627691338502818,val
14576,39627691342696981,val
14544,39627691397221769,val
11655,39627691523050129,val
1709,39627691552413936,val
11495,39627691552413936,val
11506,39627691560800524,val
12136,39627691627907625,val
1867,39627691770512415,val
12333,39627691812459187,val
27021,39627691858595555,val
24814,39627694941409641,val
9884,39627695214035489,val
914,39627695276951642,val
9176,39627695276951642,val
9183,39627695281145717,val
827,39627695339864799,val
25438,39627696375859095,val
25457,39627696430386097,val
19373,39627696589769451,val
17650,39627696799482283,val
17840,39627697051142565,val
10692,39627697227300969,val
14716,39627697294414785,val
14701,39627697306996435,val
14703,39627697327967362,val
14583,39627697407660933,val
14590,39627697420239619,val
1752,39627697508324508,val
1750,39627697512515268,val
11523,39627697575431405,val
13045,39627697642541980,val
13067,39627697646736401,val
12146,39627697684484393,val
1925,39627697713844363,val
12194,39627697747396224,val
27031,39627697860643894,val
26911,39627697969696144,val
10014,39627701031539541,val
10016,39627701031540918,val
9802,39627701115425054,val
9148,39627701291585305,val
9180,39627701295779399,val
9177,39627701295780374,val
9171,39627701329331009,val
19338,39627702570848691,val
19333,39627702600206312,val
19477,39627702726033720,val
17629,39627702780563046,val
17652,39627702830894442,val
17991,39627703032218725,val
17867,39627703065773259,val
17871,39627703069969390,val
18103,39627703090940403,val
4467,39627703103522466,val
18099,39627703103523394,val
18094,39627703116105677,val
10804,39627703141274998,val
10833,39627703216772840,val
10693,39627703254520708,val
15507,39627703292267088,val
15502,39627703321624975,val
14714,39627703334209922,val
2954,39627703359376477,val
14798,39627703363572681,val
14745,39627703384540853,val
3020,39627703476814299,val
3015,39627703489397429,val
11630,39627703531340259,val
11670,39627703556507809,val
11659,39627703594257237,val
13090,39627703661366581,val
1962,39627703753638139,val
12191,39627703782999433,val
1969,39627703787197130,val
12218,39627703787197130,val
12005,39627703816554395,val
27051,39627703967552063,val
26931,39627703988520551,val
26925,39627703992714822,val
26930,39627704001103825,val
22631,39627704022078039,val
9783,39627707117471431,val
9797,39627707146830480,val
1118,39627707172000128,val
1162,39627707264270964,val
9888,39627707268466366,val
1168,39627707281052580,val
891,39627707289440125,val
9156,39627707289440125,val
941,39627707327185933,val
904,39627707356549002,val
9170,39627707356549002,val
7321,39627708354795613,val
7317,39627708358985916,val
6160,39627708518371251,val
25355,39627708518371251,val
5133,39627708581283554,val
19341,39627708602255723,val
19376,39627708669366183,val
19367,39627708681946230,val
17997,39627709038463523,val
18002,39627709046851638,val
10859,39627709252373853,val
15516,39627709336258211,val
2953,39627709382398112,val
14707,39627709382398112,val
14756,39627709436924463,val
14950,39627709491446491,val
14884,39627709499839500,val
3016,39627709529200476,val
14869,39627709529200476,val
11671,39627709596304680,val
1717,39627709642444678,val
1719,39627709650831215,val
11519,39627709650831215,val
13151,39627709680189797,val
2315,39627709680191511,val
1961,39627709785049803,val
12012,39627709839574138,val
12009,39627709839574393,val
12336,39627709898297001,val
27037,39627709936043649,val
27062,39627709969602409,val
26921,39627710040904798,val
6024,39627713027249191,val
24944,39627713027249191,val
24934,39627713027249368,val
24834,39627713052412111,val
1114,39627713148882793,val
9782,39627713157268320,val
898,39627713325045160,val
9055,39627713434092603,val
7287,39627714440727424,val
7290,39627714453311881,val
19346,39627714650439964,val
5022,39627714704968300,val
19386,39627714721746146,val
19388,39627714730132565,val
4267,39627714864353961,val
17687,39627714864353961,val
4251,39627714897906048,val
4683,39627714960823840,val
18575,39627714960823840,val
17878,39627715116008264,val
10857,39627715287979761,val
15526,39627715380252273,val
14724,39627715409608827,val
14751,39627715464136464,val
2974,39627715472528412,val
14755,39627715472528412,val
14889,39627715548021203,val
14892,39627715552219581,val
3025,39627715556410911,val
14894,39627715556410911,val
3024,39627715556414106,val
14900,39627715556414106,val
1721,39627715686437014,val
11533,39627715686437014,val
13155,39627715724182229,val
2290,39627715732573698,val
13101,39627715732573698,val
1953,39627715795485113,val
12171,39627715795485113,val
12173,39627715799679368,val
12253,39627715820650884,val
12394,39627715908733764,val
6545,39627715992619170,val
27112,39627715992619170,val
22628,39627716089086275,val
10034,39627719117376828,val
9822,39627719243203085,val
9208,39627719431950013,val
7298,39627720497301181,val
25494,39627720539247775,val
25466,39627720551829869,val
25472,39627720572799211,val
19873,39627720665075454,val
19869,39627720673463723,val
19538,39627720803485376,val
4243,39627720878981722,val
4276,39627720895758663,val
4443,39627721126449499,val
18014,39627721139031523,val
4478,39627721231303306,val
1511,39627721277443022,val
10866,39627721323582432,val
10855,39627721331967007,val
15572,39627721365525108,val
15535,39627721432633074,val
14721,39627721449407796,val
2987,39627721478769225,val
14609,39627721550074425,val
14970,39627721554268717,val
14964,39627721558461501,val
14960,39627721575237531,val
14927,39627721625572046,val
1763,39627721633957911,val
11643,39627721633957911,val
1787,39627721692680270,val
1778,39627721717842971,val
11690,39627721717842971,val
12203,39627721877229675,val
1976,39627721914977385,val
1898,39627721923364727,val
27137,39627722032415215,val
5757,39627722137274712,val
10050,39627725148786682,val
1213,39627725211701645,val
1164,39627725366892755,val
1179,39627725400444722,val
928,39627725488526508,val
25467,39627726595817736,val
17705,39627726931365513,val
4677,39627727103328991,val
18035,39627727141077132,val
18164,39627727224966088,val
18153,39627727229160985,val
18125,39627727292072119,val
10863,39627727375959959,val
15575,39627727413707131,val
15536,39627727476622307,val
14921,39627727665366858,val
11741,39627727711503533,val
1783,39627727745059614,val
11711,39627727745059614,val
11532,39627727774420050,val
13170,39627727795389327,val
13148,39627727799582974,val
2318,39627727807973372,val
13162,39627727812166573,val
13132,39627727833142452,val
12275,39627727879276436,val
1980,39627727896052427,val
12257,39627727896052428,val
12237,39627727921222933,val
1975,39627727958966759,val
12226,39627727958966759,val
27121,39627728088993952,val
6535,39627728101579150,val
27087,39627728114155600,val
5758,39627728185463099,val
24950,39627731159222843,val
9843,39627731310215595,val
995,39627731574457534,val
25497,39627732602061364,val
25491,39627732618842566,val
6203,39627732677560738,val
19895,39627732681756185,val
5143,39627732740476199,val
19496,39627732958580430,val
30326,39627732958580430,val
4687,39627733101184066,val
4700,39627733101187969,val
18603,39627733101187969,val
4679,39627733126350740,val
18043,39627733155713264,val
18039,39627733189263526,val
18022,39627733206045645,val
4496,39627733260567106,val
18163,39627733260567106,val
4499,39627733273151180,val
10939,39627733348651198,val
10932,39627733378011092,val
10930,39627733382206959,val
10885,39627733419953891,val
15577,39627733445122276,val
3283,39627733453507938,val
15576,39627733453507938,val
15537,39627733516423145,val
2979,39627733583529629,val
14776,39627733583529629,val
14991,39627733671612645,val
14915,39627733713553348,val
11750,39627733730330068,val
11742,39627733747108729,val
12223,39627733998765315,val
12675,39627734002958550,val
31207,39627734002958550,val
27096,39627734149762758,val
27095,39627734162342513,val
27082,39627734183314076,val
22638,39627734221067172,val
10023,39627737291297651,val
1141,39627737329046270,val
9855,39627737329046270,val
9839,39627737345820110,val
9918,39627737496814048,val
991,39627737601672098,val
9360,39627737601672098,val
19896,39627738734133451,val
19893,39627738750913620,val
19439,39627738864159710,val
19672,39627738910296415,val
19504,39627738969019489,val
30327,39627738969019489,val
17719,39627739044517054,val
17715,39627739048710063,val
18060,39627739237452107,val
4440,39627739254228000,val
1518,39627739422005068,val
10947,39627739422005068,val
15548,39627739552024149,val
13169,39627739862404753,val
1986,39627739967260410,val
12285,39627739967260410,val
31048,39627739967260410,val
12267,39627739979846087,val
31041,39627739979846087,val
1979,39627740025981380,val
30453,39627740025981380,val
31205,39627740038564006,val
12375,39627740101477808,val
31088,39627740101477808,val
27136,39627740147617655,val
27148,39627740176975121,val
10196,39627743243015078,val
10054,39627743272374529,val
9363,39627743641473599,val
6211,39627744698435538,val
19882,39627744836850592,val
19930,39627744845238984,val
19430,39627744878790808,val
19436,39627744899762602,val
17714,39627745092700223,val
18570,39627745205945557,val
18623,39627745226920094,val
18054,39627745260475756,val
18064,39627745277252068,val
18170,39627745348553681,val
4514,39627745424049288,val
18217,39627745424049288,val
10948,39627745470188117,val
10902,39627745482771379,val
10911,39627745486967545,val
15749,39627745507938704,val
15631,39627745608599898,val
14817,39627745637960344,val
15207,39627745713460715,val
3061,39627745717653390,val
14988,39627745742816593,val
15056,39627745784763263,val
13400,39627745898004902,val
13140,39627745969312135,val
12288,39627746023838533,val
31052,39627746023838533,val
12477,39627746179026117,val
6542,39627746254525494,val
10057,39627749312173163,val
10107,39627749370891635,val
1256,39627749379279934,val
946,39627749618353311,val
9213,39627749651906911,val
5211,39627750813733638,val
5176,39627750880842447,val
18591,39627751203802997,val
18203,39627751400932955,val
18189,39627751400935617,val
4507,39627751409320628,val
1517,39627751505792383,val
10954,39627751505792383,val
30438,39627751505792383,val
31008,39627751505792383,val
15612,39627751589677234,val
3301,39627751593870281,val
14828,39627751707119586,val
14826,39627751711310946,val
3154,39627751732285035,val
15223,39627751732285035,val
15214,39627751757450443,val
15206,39627751761642266,val
14987,39627751786811521,val
15036,39627751832949818,val
2402,39627751921025757,val
13390,39627751929417940,val
13199,39627751988135894,val
2345,39627752030081515,val
13236,39627752030081515,val
12309,39627752067829253,val
30474,39627752067829253,val
31073,39627752067829253,val
12673,39627752122356737,val
30537,39627752122356737,val
31212,39627752122356737,val
2045,39627752164296135,val
12435,39627752164296135,val
30490,39627752164296135,val
31111,39627752164296135,val
27171,39627752256570150,val
1234,39627755381331698,val
10065,39627755398103284,val
1254,39627755414881102,val
10090,39627755423271465,val
10096,39627755427464902,val
9870,39627755473602243,val
9929,39627755595236832,val
9397,39627755708487348,val
7349,39627756689952887,val
25504,39627756765451274,val
20031,39627756832560490,val
5212,39627756845142050,val
19906,39627756887082526,val
5041,39627756996133605,val
19592,39627757121963229,val
19587,39627757138742678,val
4284,39627757168102943,val
4704,39627757247795588,val
18615,39627757247795588,val
4510,39627757444925519,val
18193,39627757444925519,val
18223,39627757482675649,val
18224,39627757486868687,val
10962,39627757553977003,val
30020,39627757553977003,val
31012,39627757553977003,val
1523,39627757566559895,val
10959,39627757566559895,val
3361,39627757574949590,val
15760,39627757604307121,val
31669,39627757604307121,val
15218,39627757805634438,val
1816,39627757902105608,val
1813,39627757931463064,val
1814,39627757935661392,val
2400,39627757981795384,val
12313,39627758111820144,val
31074,39627758111820144,val
12691,39627758174732780,val
31217,39627758174732780,val
2072,39627758246036649,val
12509,39627758246036649,val
1269,39627761437902953,val
10094,39627761471455641,val
7377,39627762767499631,val
7392,39627762809441638,val
20032,39627762872355770,val
20029,39627762897520759,val
29925,39627762897520759,val
19922,39627762914299924,val
5173,39627762977211891,val
19443,39627763031736617,val
18616,39627763304368063,val
18633,39627763363089289,val
18644,39627763371476960,val
4523,39627763526669427,val
18232,39627763535056938,val
18218,39627763551834037,val
18222,39627763560219288,val
15763,39627763644107315,val
31672,39627763644107315,val
15645,39627763711215740,val
15637,39627763740578115,val
15283,39627763799296712,val
15224,39627763807687796,val
15209,39627763837044306,val
3161,39627763849631119,val
11780,39627763979653374,val
13443,39627764013209254,val
13416,39627764025791387,val
12325,39627764151617786,val
31085,39627764151617786,val
1997,39627764160007015,val
12302,39627764160007015,val
30465,39627764160007015,val
31062,39627764160007015,val
2141,39627764185172886,val
30561,39627764185172886,val
12710,39627764189368760,val
31238,39627764189368760,val
12442,39627764264863349,val
31123,39627764264863349,val
22659,39627764394889715,val
22653,39627764399080590,val
9253,39627767737748037,val
369,39627768756965894,val
7356,39627768773741031,val
7430,39627768811488752,val
7379,39627768832461480,val
7396,39627768853435497,val
5220,39627768945705252,val
20043,39627768945705252,val
5165,39627768970872594,val
19942,39627769000235776,val
19949,39627769025397770,val
19935,39627769025402244,val
19458,39627769067340659,val
19566,39627769142839665,val
19560,39627769168003562,val
4754,39627769318999227,val
18700,39627769318999227,val
18637,39627769390304338,val
4459,39627769436443306,val
18082,39627769436443306,val
18207,39627769532909682,val
18271,39627769553880807,val
15849,39627769646156495,val
30030,39627769646156495,val
31753,39627769646156495,val
15787,39627769675516876,val
31698,39627769675516876,val
15599,39627769730045136,val
3329,39627769738430778,val
14845,39627769826510136,val
14831,39627769830703972,val
15236,39627769885231056,val
14997,39627769922980750,val
11800,39627769998476843,val
13198,39627770115919362,val
13329,39627770120113968,val
13316,39627770128501724,val
12311,39627770183027682,val
31071,39627770183027682,val
2147,39627770233359574,val
30568,39627770233359574,val
2060,39627770283693157,val
30507,39627770283693157,val
12570,39627770317244957,val
31162,39627770317244957,val
12498,39627770317247573,val
30513,39627770317247573,val
31152,39627770317247573,val
27174,39627770384352786,val
22671,39627770426300654,val
22652,39627770443072293,val
1288,39627773450390182,val
10211,39627773450392270,val
10208,39627773454583988,val
10154,39627773525886023,val
9932,39627773723020535,val
9938,39627773748183162,val
9412,39627773823683615,val
7419,39627774834512602,val
7417,39627774851286380,val
25518,39627774914204786,val
20024,39627774972920147,val
19574,39627775203607354,val
18709,39627775346216076,val
18642,39627775434293481,val
18641,39627775434295906,val
4714,39627775434296141,val
18640,39627775434296141,val
18647,39627775463655020,val
4605,39627775509793345,val
18359,39627775547542542,val
18265,39627775589484048,val
18267,39627775597872784,val
18236,39627775644010981,val
31842,39627775644010981,val
15842,39627775690151023,val
31748,39627775690151023,val
15841,39627775698536123,val
31744,39627775698536123,val
30812,39627775732094551,val
31703,39627775732094551,val
15802,39627775748869135,val
15809,39627775748869140,val
15659,39627775841141010,val
15273,39627775883084874,val
15020,39627775950196564,val
15108,39627775979555023,val
11805,39627776038273803,val
11803,39627776046663051,val
2437,39627776059246944,val
13457,39627776126358649,val
13232,39627776138940313,val
13325,39627776155714254,val
12473,39627776336069294,val
12531,39627776407373489,val
1290,39627779490189365,val
10207,39627779490189365,val
1291,39627779511159450,val
9970,39627779767009786,val
1194,39627779813150622,val
1006,39627779871869737,val
356,39627780874311491,val
7427,39627780882699433,val
7403,39627780941416920,val
20060,39627781012717682,val
19976,39627781084022324,val
19977,39627781088218918,val
19960,39627781130162326,val
19459,39627781142741939,val
18718,39627781369233945,val
18669,39627781465706351,val
18363,39627781604117949,val
4547,39627781654446992,val
18278,39627781654446992,val
29908,39627781654446992,val
18242,39627781679612206,val
31851,39627781679612206,val
15662,39627781872551480,val
15234,39627781960635706,val
3091,39627782044517761,val
3102,39627782048714036,val
15088,39627782065487980,val
15090,39627782065489867,val
13454,39627782161958041,val
13225,39627782182930038,val
13281,39627782254232996,val
31493,39627782254232996,val
12727,39627782321345824,val
31248,39627782321345824,val
12751,39627782354896321,val
31274,39627782354896321,val
12471,39627782363290374,val
31147,39627782363290374,val
12595,39627782371676295,val
31175,39627782371676295,val
12598,39627782380062745,val
31188,39627782380062745,val
10163,39627785613874388,val
10161,39627785618064759,val
1196,39627785827784738,val
9456,39627785873921108,val
9421,39627785915863958,val
9418,39627785941028739,val
7506,39627786859579732,val
7408,39627786947662865,val
5228,39627787060904846,val
20055,39627787060904846,val
20051,39627787073489039,val
19984,39627787107043633,val
5186,39627787153182142,val
19965,39627787153182142,val
19638,39627787283205250,val
5093,39627787308372648,val
18721,39627787383869053,val
18711,39627787438391860,val
4734,39627787505504725,val
18667,39627787505504725,val
4721,39627787555832593,val
4610,39627787568416299,val
18235,39627787723604898,val
31843,39627787723604898,val
15870,39627787757162947,val
30039,39627787757162947,val
31774,39627787757162947,val
15858,39627787778130704,val
30827,39627787778130704,val
31759,39627787778130704,val
15784,39627787794910205,val
31700,39627787794910205,val
15821,39627787799104333,val
31722,39627787799104333,val
15799,39627787820076076,val
31711,39627787820076076,val
15804,39627787824268992,val
31714,39627787824268992,val
15707,39627787853630056,val
3114,39627788054958546,val
15124,39627788054958546,val
15122,39627788075927359,val
15091,39627788105286580,val
15083,39627788117872245,val
2445,39627788147230764,val
13515,39627788147230764,val
13476,39627788172400871,val
2364,39627788294033197,val
13283,39627788294033197,val
30721,39627788294033197,val
31497,39627788294033197,val
2183,39627788319200450,val
12801,39627788319200450,val
30613,39627788319200450,val
31322,39627788319200450,val
12788,39627788348561013,val
30609,39627788348561013,val
31312,39627788348561013,val
2162,39627788382109772,val
12763,39627788382109772,val
30592,39627788382109772,val
2158,39627788390501273,val
30299,39627788390501273,val
30580,39627788390501273,val
12752,39627788398891486,val
30584,39627788398891486,val
31277,39627788398891486,val
12753,39627788403083562,val
31273,39627788403083562,val
30644,39627788407275937,val
31375,39627788407275937,val
2086,39627788491167070,val
22684,39627788545692403,val
1274,39627791657862425,val
10189,39627791662059623,val
10134,39627791699805123,val
10260,39627791708197373,val
9464,39627791922103415,val
373,39627792924541619,val
5237,39627793067149739,val
19991,39627793142647376,val
19707,39627793285255957,val
19646,39627793339778434,val
4736,39627793507552484,val
18673,39627793507552484,val
18654,39627793557885461,val
18653,39627793562075502,val
18418,39627793692099499,val
18251,39627793746629711,val
21311,39627793788568713,val
30094,39627793788568713,val
30932,39627793788568713,val
31939,39627793788568713,val
3392,39627793796958504,val
29878,39627793796958504,val
30831,39627793796958504,val
15816,39627793843093913,val
31724,39627793843093913,val
3338,39627793906010040,val
15714,39627793926980127,val
3163,39627794061200560,val
15248,39627794061200560,val
15118,39627794111531403,val
15117,39627794111533373,val
30314,39627794111533373,val
16397,39627794170250347,val
13506,39627794182833296,val
13533,39627794212194904,val
2466,39627794254136981,val
13573,39627794254136981,val
13578,39627794254139151,val
2381,39627794279302846,val
13339,39627794296081808,val
30645,39627794447075478,val
31377,39627794447075478,val
12602,39627794451270777,val
31180,39627794451270777,val
12554,39627794505796206,val
12555,39627794509989425,val
12558,39627794518382698,val
12535,39627794526768577,val
12542,39627794535154468,val
22701,39627794547742956,val
9958,39627797911569201,val
9460,39627797953514386,val
378,39627798951759968,val
377,39627798955950775,val
25525,39627799065002729,val
20092,39627799115338639,val
18825,39627799643817519,val
18296,39627799748676182,val
4542,39627799794815702,val
18261,39627799794815702,val
30883,39627799794815702,val
31859,39627799794815702,val
18259,39627799807395881,val
31857,39627799807395881,val
30929,39627799824171116,val
15878,39627799853532069,val
31781,39627799853532069,val
15879,39627799853533892,val
30839,39627799853533892,val
31779,39627799853533892,val
30838,39627799853533928,val
15897,39627799866116130,val
31787,39627799866116130,val
15300,39627800038083764,val
3181,39627800046474046,val
15269,39627800084221688,val
15135,39627800121969746,val
3107,39627800189080458,val
2450,39627800235215777,val
2435,39627800264574023,val
13474,39627800264575699,val
13483,39627800281352940,val
13347,39627800323296635,val
13305,39627800377821161,val
31521,39627800377821161,val
30728,39627800377821186,val
12800,39627800402985311,val
12789,39627800428153039,val
31309,39627800428153039,val
12611,39627800512037857,val
31193,39627800512037857,val
12608,39627800516234931,val
31198,39627800516234931,val
12565,39627800562370095,val
12559,39627800566565641,val
22712,39627800600121198,val
5786,39627800608508245,val
10237,39627803670348782,val
9979,39627803934591431,val
7464,39627805054473547,val
20089,39627805129966296,val
19759,39627805398402509,val
5095,39627805440347512,val
18729,39627805545201947,val
4776,39627805578758845,val
18752,39627805578758845,val
18679,39627805637481161,val
18388,39627805704589732,val
21305,39627805872359537,val
30095,39627805872359537,val
31932,39627805872359537,val
15900,39627805910112148,val
31788,39627805910112148,val
15679,39627806040133177,val
3186,39627806077880845,val
15320,39627806111434623,val
15313,39627806111436957,val
3193,39627806111438460,val
3202,39627806149186105,val
15334,39627806149186105,val
30321,39627806149186105,val
15340,39627806153379481,val
3121,39627806178542166,val
3123,39627806195323339,val
15149,39627806195323339,val
3109,39627806224679739,val
15103,39627806224679739,val
13550,39627806275013666,val
13479,39627806304375096,val
2464,39627806337930593,val
13571,39627806337930593,val
12830,39627806472148310,val
31338,39627806472148310,val
31382,39627806526670179,val
10251,39627809722729535,val
10188,39627809781449049,val
7537,39627811006187654,val
365,39627811098462734,val
20117,39627811257848309,val
19966,39627811312372268,val
19744,39627811366898090,val
19766,39627811425617274,val
31883,39627811425617274,val
19653,39627811484337991,val
18760,39627811610165599,val
4778,39627811626946085,val
18756,39627811626946085,val
4809,39627811719221099,val
18430,39627811794717777,val
4627,39627811807302033,val
18292,39627811836661168,val
29910,39627811836661168,val
4576,39627811853439836,val
18299,39627811857632401,val
21304,39627811907964032,val
30096,39627811907964032,val
31934,39627811907964032,val
5612,39627811920544754,val
30936,39627811920544754,val
15712,39627812029596614,val
15732,39627812033790922,val
15354,39627812188984043,val
15335,39627812193174105,val
3206,39627812193174342,val
15353,39627812193174342,val
30324,39627812197369633,val
15106,39627812256090764,val
16405,39627812285453359,val
3575,39627812298032937,val
16408,39627812298032937,val
13559,39627812323197646,val
13488,39627812352558517,val
2478,39627812356756109,val
13585,39627812381923936,val
2471,39627812394504418,val
13587,39627812394504418,val
13371,39627812419669539,val
13312,39627812449026238,val
31520,39627812449026238,val
13767,39627812453224559,val
31536,39627812453224559,val
13759,39627812478387691,val
13763,39627812486780156,val
12807,39627812495164636,val
12882,39627812587439913,val
12654,39627812604220255,val
2117,39627812625187957,val
12634,39627812625191083,val
2092,39627812633578530,val
12564,39627812633578530,val
20098,39627817230533486,val
20111,39627817289254220,val
18767,39627817662551458,val
4624,39627817796764473,val
18401,39627817813543567,val
5617,39627817943567887,val
21324,39627817943567887,val
30941,39627817943567887,val
31947,39627817943567887,val
15956,39627818031649369,val
15957,39627818035842594,val
15734,39627818073589461,val
15726,39627818098756406,val
15367,39627818216198360,val
15358,39627818237168735,val
3220,39627818253946995,val
15387,39627818253946995,val
3134,39627818266526944,val
16428,39627818304279303,val
13558,39627818358804008,val
2456,39627818367194194,val
13545,39627818371387529,val
13539,39627818375583494,val
2474,39627818409133440,val
13586,39627818425910509,val
13373,39627818459467088,val
2534,39627818509800627,val
12861,39627818547546845,val
12854,39627818576907636,val
31351,39627818576907636,val
31401,39627818589492106,val
9484,39627822167231240,val
406,39627823106752909,val
5111,39627823505214216,val
30900,39627823505214216,val
5097,39627823568129922,val
19662,39627823572322744,val
18860,39627823782035669,val
4817,39627823782035940,val
18835,39627823782035940,val
4632,39627823891091016,val
18425,39627823907866547,val
18313,39627823924645512,val
21341,39627824008531579,val
5620,39627824016917209,val
3407,39627824037892204,val
15925,39627824037892204,val
30858,39627824037892204,val
31816,39627824037892204,val
15907,39627824042083810,val
31797,39627824042083810,val
15964,39627824079831346,val
3461,39627824159526328,val
3192,39627824235022763,val
3222,39627824293741011,val
3219,39627824293742881,val
15162,39627824331494617,val
2452,39627824427962177,val
13604,39627824448934883,val
2469,39627824461515353,val
13385,39627824507652445,val
12902,39627824650260226,val
2126,39627824696395701,val
12661,39627824696397790,val
12628,39627824704783933,val
29554,39627824721562604,val
7124,39627824755117599,val
7667,39627829096220721,val
6239,39627829255603861,val
25566,39627829255603861,val
25547,39627829263993782,val
20009,39627829419184191,val
20240,39627829435957997,val
20210,39627829444350055,val
30899,39627829511456096,val
5403,39627829620508150,val
5392,39627829637286436,val
18684,39627829788282538,val
18861,39627829817643055,val
18449,39627829960246223,val
21330,39627830023164292,val
21335,39627830039938324,val
3410,39627830060912010,val
15967,39627830148991712,val
15725,39627830178351086,val
16078,39627830220295793,val
15328,39627830258042488,val
3197,39627830266430113,val
15329,39627830266430113,val
16490,39627830383873589,val
13569,39627830455174109,val
2504,39627830471952685,val
13667,39627830471952685,val
13672,39627830480340851,val
13615,39627830505505411,val
13629,39627830518090140,val
2564,39627830560033181,val
13833,39627830560033181,val
2565,39627830568419751,val
13836,39627830576808973,val
13788,39627830597781301,val
13813,39627830606168360,val
12864,39627830627143777,val
12970,39627830673278285,val
31430,39627830673278285,val
12910,39627830681668561,val
31406,39627830681668561,val
7684,39627835131825000,val
7597,39627835194740154,val
7583,39627835236683322,val
20237,39627835471564706,val
5298,39627835496730461,val
20212,39627835496730461,val
5301,39627835517698964,val
19783,39627835601587293,val
5391,39627835685471346,val
20490,39627835685471346,val
4796,39627835760973434,val
18794,39627835760973434,val
18784,39627835794523679,val
18842,39627835903578177,val
18484,39627835945519336,val
18474,39627835987462531,val
15928,39627836109097137,val
3464,39627836285260684,val
15401,39627836364948830,val
15192,39627836394312810,val
16508,39627836406890849,val
16455,39627836478195537,val
2481,39627836536914051,val
2494,39627836549498897,val
13617,39627836566276446,val
2207,39627836679522894,val
12870,39627836679522894,val
30639,39627836679522894,val
31367,39627836679522894,val
2243,39627836696301357,val
30665,39627836696301357,val
12957,39627836708882648,val
31429,39627836708882648,val
12903,39627836721464224,val
31407,39627836721464224,val
2225,39627836725657887,val
30654,39627836725657887,val
12659,39627836767601899,val
29544,39627836830518134,val
7677,39627841205177553,val
7476,39627841297453149,val
6243,39627841331007383,val
25576,39627841331007383,val
18850,39627841926597462,val
4825,39627841951764344,val
18847,39627841951764344,val
4644,39627842014678011,val
18469,39627842014678011,val
18465,39627842056619642,val
21357,39627842144698837,val
16006,39627842190840544,val
16130,39627842257948840,val
16120,39627842278921014,val
3472,39627842299891015,val
13647,39627842589300896,val
13838,39627842652212149,val
13804,39627842706736060,val
2255,39627842723513359,val
30683,39627842723513359,val
12939,39627842769655029,val
31414,39627842769655029,val
2234,39627842778038938,val
12915,39627842790625358,val
29571,39627842824180791,val
7132,39627842861926376,val
409,39627847270140906,val
7619,39627847270140906,val
7630,39627847295307065,val
402,39627847312082147,val
25621,39627847437910625,val
20222,39627847609876649,val
19815,39627847647626911,val
31916,39627847647626911,val
19799,39627847660212781,val
29921,39627847660212781,val
30905,39627847660212781,val
31893,39627847660212781,val
19784,39627847681183253,val
5410,39627847735708661,val
5405,39627847752484078,val
20530,39627847752484078,val
20508,39627847786042014,val
21350,39627848184496870,val
15989,39627848259996411,val
3483,39627848306132118,val
16134,39627848306132118,val
3245,39627848398408715,val
16465,39627848532624773,val
13688,39627848574570593,val
13637,39627848654260994,val
2580,39627848671037442,val
2584,39627848679427858,val
13864,39627848683619605,val
13806,39627848742339854,val
2556,39627848742342500,val
12987,39627848771702324,val
31445,39627848771702324,val
30682,39627848771702328,val
2261,39627848780092606,val
30693,39627848780092606,val
2253,39627848792671144,val
30675,39627848792671144,val
12930,39627848838807862,val
5284,39627853532233769,val
20177,39627853532233769,val
20146,39627853544819789,val
20262,39627853620315980,val
18851,39627854014580898,val
18497,39627854052329546,val
4647,39627854115245281,val
15977,39627854291405352,val
15983,39627854303988422,val
15984,39627854308184158,val
16103,39627854383678380,val
16171,39627854413043077,val
16451,39627854601781914,val
16580,39627854614367532,val
13686,39627854643725053,val
2496,39627854664700131,val
2673,39627854702448159,val
13851,39627854719222502,val
13849,39627854719224291,val
13876,39627854748585455,val
12927,39627854878606486,val
12926,39627854882799909,val
7141,39627854924747213,val
29563,39627854924747213,val
7715,39627859332960011,val
403,39627859391679464,val
7593,39627859391679464,val
7595,39627859391680754,val
6261,39627859530090158,val
5453,39627859806915693,val
20642,39627859806915693,val
20543,39627859840468559,val
5398,39627859861439376,val
20512,39627859861439376,val
18806,39627859932745948,val
18506,39627860104712347,val
4652,39627860117294278,val
21406,39627860196986416,val
21414,39627860222152132,val
21446,39627860264092158,val
21442,39627860280871609,val
16014,39627860285065283,val
15980,39627860343786124,val
15453,39627860478005620,val
15468,39627860511559500,val
3253,39627860515754381,val
15479,39627860515754381,val
16528,39627860599638135,val
16577,39627860637389168,val
16576,39627860641583423,val
2517,39627860675138650,val
14112,39627860750635669,val
2679,39627860754825428,val
14120,39627860754825428,val
13883,39627860788380888,val
13828,39627860821935262,val
2259,39627860859684553,val
12996,39627860859684553,val
30688,39627860859684553,val
2263,39627860859687289,val
30692,39627860859687289,val
7156,39627860943570252,val
29578,39627860951962505,val
7639,39627865423090190,val
6246,39627865481809365,val
25589,39627865481809365,val
25558,39627865532141199,val
5278,39627865582474177,val
20361,39627865636998478,val
20260,39627865687329150,val
19820,39627865767022719,val
30088,39627865767022719,val
31912,39627865767022719,val
4803,39627865972542417,val
4880,39627866035454008,val
21611,39627866199032144,val
21410,39627866236781977,val
21415,39627866257753989,val
21449,39627866303895391,val
15985,39627866375196159,val
15448,39627866521996475,val
15446,39627866526189273,val
3250,39627866538773417,val
13706,39627866706545894,val
2519,39627866710740824,val
13705,39627866710740824,val
2498,39627866756875659,val
13653,39627866756875659,val
14142,39627866769458551,val
13912,39627866815597194,val
2264,39627866891096039,val
30687,39627866891096039,val
2270,39627866937229455,val
29600,39627866970784289,val
7152,39627866970785890,val
29614,39627866979177728,val
7148,39627866995951462,val
29579,39627866995951462,val
20351,39627871689376429,val
5420,39627871894900010,val
20553,39627871894900010,val
18819,39627871991366226,val
18787,39627872029117185,val
4850,39627872087836365,val
18853,39627872129779273,val
18518,39627872180112211,val
18524,39627872188498445,val
21430,39627872272387540,val
5647,39627872289164891,val
21431,39627872289164891,val
3454,39627872381436794,val
16143,39627872456937494,val
3490,39627872465323700,val
16156,39627872465323700,val
16206,39627872549212572,val
15484,39627872574374884,val
16746,39627872599540441,val
3696,39627872628900211,val
16742,39627872633097717,val
16552,39627872649874171,val
30046,39627872649874171,val
16546,39627872662455408,val
3614,39627872683429699,val
14139,39627872796673235,val
31569,39627872796673235,val
14144,39627872796675551,val
31571,39627872796675551,val
14127,39627872813450262,val
13892,39627872872171404,val
2612,39627872922505591,val
30741,39627872922505591,val
13017,39627872956059880,val
29620,39627872981223135,val
7699,39627877389435271,val
432,39627877439768560,val
25605,39627877582375777,val
25602,39627877586567266,val
25641,39627877615929604,val
25628,39627877628512789,val
20191,39627877666262335,val
30925,39627877821450124,val
20576,39627877980832182,val
18818,39627878018585231,val
18995,39627878089883768,val
5664,39627878266046203,val
21610,39627878266046203,val
21607,39627878266048244,val
16150,39627878530286319,val
16179,39627878572233884,val
3257,39627878609980143,val
15481,39627878609980143,val
16750,39627878651922016,val
3619,39627878693866794,val
16539,39627878714835734,val
14158,39627878840664856,val
14132,39627878853248783,val
13914,39627878878417488,val
2635,39627878911971944,val
14039,39627878911971944,val
13015,39627878995854199,val
29623,39627879021020297,val
7155,39627879050380253,val
29602,39627879050380253,val
447,39627883433433243,val
5288,39627883693474232,val
20395,39627883714450578,val
20275,39627883781558158,val
20277,39627883785748744,val
20324,39627883815110380,val
20299,39627883827692934,val
19832,39627883890609155,val
20660,39627883924164685,val
20606,39627883995466164,val
5433,39627884024827029,val
20582,39627884024827029,val
4879,39627884125491197,val
18527,39627884247123647,val
21426,39627884368759809,val
16180,39627884595254670,val
3499,39627884603639466,val
3505,39627884607836375,val
15483,39627884628805178,val
15487,39627884628805186,val
3264,39627884633002031,val
16745,39627884670750338,val
16748,39627884674942061,val
16740,39627884695916596,val
16760,39627884708501230,val
30051,39627884708501230,val
16561,39627884737860311,val
2685,39627884859491236,val
30744,39627884859491236,val
2691,39627884876271777,val
14161,39627884876271777,val
30752,39627884876271777,val
31587,39627884876271777,val
2696,39627884893044879,val
14164,39627884893044879,val
13922,39627884914021114,val
13918,39627884922407214,val
7799,39627889414508968,val
450,39627889477424496,val
7731,39627889498395967,val
25730,39627889557115624,val
25717,39627889599059400,val
25645,39627889678746579,val
25644,39627889687134557,val
5334,39627889745855480,val
20398,39627889745855480,val
20377,39627889800384592,val
20326,39627889854907429,val
20618,39627890022678989,val
5435,39627890073012746,val
20588,39627890073012746,val
18894,39627890207229817,val
21660,39627890312089076,val
21634,39627890362419176,val
21626,39627890370807452,val
16321,39627890500834374,val
16330,39627890517608396,val
3541,39627890530193199,val
16296,39627890530193199,val
16309,39627890538580361,val
16604,39627890802820041,val
3647,39627890832183240,val
16617,39627890832183240,val
3645,39627890844763230,val
14236,39627890865734968,val
30784,39627890865734968,val
31624,39627890865734968,val
14216,39627890878319986,val
31601,39627890878319986,val
14150,39627890907681013,val
30749,39627890907681013,val
31581,39627890907681013,val
13977,39627890987371819,val
13974,39627891004148966,val
13989,39627891016729526,val
13043,39627891054479679,val
29638,39627891096423575,val
7802,39627895454308086,val
6311,39627895580135779,val
5329,39627895815015682,val
20385,39627895815015682,val
20381,39627895840183640,val
20284,39627895852761889,val
19852,39627895940844039,val
20704,39627895978593966,val
20669,39627896012148602,val
20594,39627896121198413,val
19030,39627896154753381,val
19016,39627896209281868,val
18953,39627896247027957,val
18532,39627896314138302,val
21692,39627896326722176,val
21669,39627896339302597,val
5674,39627896356080206,val
21674,39627896356080206,val
21622,39627896393830729,val
21638,39627896398024752,val
21524,39627896435774844,val
21477,39627896460937505,val
21495,39627896494491583,val
16319,39627896536433424,val
16297,39627896557406153,val
16310,39627896565797147,val
3735,39627896700012706,val
16755,39627896741955280,val
16614,39627896859395526,val
14031,39627896997810003,val
29676,39627897081692678,val
29635,39627897115251264,val
25654,39627901745759518,val
20194,39627901775122944,val
20382,39627901867395557,val
20312,39627901926114372,val
20709,39627901976447239,val
19018,39627902223910884,val
19010,39627902240689032,val
18937,39627902320379122,val
21682,39627902362326106,val
21649,39627902391686798,val
21549,39627902442012791,val
21539,39627902475569756,val
3524,39627902639146501,val
16244,39627902639146501,val
16765,39627902794339978,val
16677,39627902823698323,val
14246,39627902932746336,val
31633,39627902932746336,val
14231,39627902949528461,val
31622,39627902949528461,val
14173,39627902991468370,val
29646,39627903117298844,val
29662,39627903138270558,val
29643,39627903146658946,val
467,39627907487767386,val
440,39627907592623207,val
25723,39627907672313127,val
20378,39627907882027770,val
20715,39627908033023177,val
20591,39627908171437196,val
18973,39627908314039203,val
21942,39627908368564794,val
21677,39627908406313135,val
21571,39627908506981032,val
16343,39627908561502308,val
16339,39627908561506537,val
16332,39627908590865928,val
3545,39627908641194689,val
3525,39627908670554897,val
16222,39627908712498259,val
16227,39627908716697575,val
16211,39627908733469656,val
3728,39627908779610470,val
3674,39627908884467762,val
16696,39627908884467762,val
2724,39627908955767854,val
14239,39627908955767854,val
30785,39627908955767854,val
31638,39627908955767854,val
14223,39627908959962974,val
31617,39627908959962974,val
14180,39627909006101307,val
2626,39627909077403605,val
14000,39627909106765417,val
7173,39627909136123538,val
455,39627913573701790,val
26032,39627913632420861,val
6284,39627913749859537,val
5340,39627913867298323,val
20412,39627913867298323,val
5332,39627913900855035,val
20958,39627914014101769,val
20686,39627914077012862,val
20622,39627914131540399,val
19040,39627914223812985,val
19061,39627914295118302,val
21703,39627914433531684,val
21647,39627914446113265,val
21559,39627914509030891,val
21510,39627914538389924,val
21828,39627914567749069,val
3552,39627914647442036,val
16809,39627914794238852,val
3738,39627914815212057,val
16776,39627914819409668,val
16695,39627914907489041,val
14250,39627914991373779,val
31652,39627914991373779,val
2707,39627915024925749,val
14200,39627915024925749,val
14170,39627915037510090,val
14026,39627915117201284,val
2630,39627915121399001,val
29706,39627915129786883,val
454,39627919579942345,val
7755,39627919626079245,val
6314,39627919672214332,val
25754,39627919680604728,val
25763,39627919693189512,val
6328,39627919735131444,val
25681,39627919764491709,val
25839,39627919839986143,val
5447,39627920146172013,val
19052,39627920280389740,val
21730,39627920502686114,val
21554,39627920515271095,val
3532,39627920729180077,val
16261,39627920729180077,val
17047,39627920783706889,val
17051,39627920792095971,val
3744,39627920842424747,val
16826,39627920842424747,val
16687,39627920901146384,val
3679,39627920934699998,val
14244,39627920993422188,val
31640,39627920993422188,val
31644,39627921006003608,val
14023,39627921136026784,val
26045,39627925661685014,val
6366,39627925665877482,val
26035,39627925665877482,val
25787,39627925745568424,val
6286,39627925821063334,val
5341,39627925904951081,val
20960,39627926064336095,val
5477,39627926114665977,val
20805,39627926227914192,val
19055,39627926265660259,val
21723,39627926454407218,val
21854,39627926597013083,val
16386,39627926689287818,val
30068,39627926878028189,val
16853,39627926878031017,val
16848,39627926890615138,val
3755,39627926894806273,val
16878,39627926995470713,val
31823,39627926995470713,val
14258,39627927037413611,val
31655,39627927037413611,val
2663,39627927112908838,val
14075,39627927121301919,val
29729,39627927159051719,val
29711,39627927180021815,val
29689,39627927196797834,val
475,39627931575650367,val
7827,39627931575650367,val
7828,39627931584038721,val
7791,39627931638565057,val
6327,39627931764396706,val
25888,39627931848281800,val
25851,39627931856668951,val
20961,39627932074774246,val
19068,39627932351598354,val
21731,39627932536148890,val
21843,39627932628419754,val
16362,39627932674556762,val
16884,39627932993325130,val
29696,39627933215624172,val
6378,39627937674166971,val
25794,39627937808387235,val
20422,39627937925826024,val
20740,39627938148125362,val
20749,39627938164901153,val
20633,39627938198458852,val
20627,39627938227817243,val
20819,39627938261369028,val
19069,39627938362032333,val
21576,39627938596917803,val
21860,39627938630468749,val
16264,39627938785662204,val
17101,39627938798240651,val
3940,39627938806633234,val
16717,39627938957624895,val
3790,39627939007958096,val
16890,39627939007958096,val
30862,39627939024735634,val
31826,39627939024735634,val
3794,39627939033122582,val
30865,39627939033122582,val
31831,39627939033122582,val
2666,39627939154756289,val
7831,39627943617498196,val
26080,39627943667831652,val
25788,39627943793656144,val
25782,39627943806241055,val
5351,39627943944652991,val
20441,39627944011763340,val
20962,39627944087260380,val
5503,39627944145980134,val
5495,39627944158563449,val
20743,39627944158563449,val
20752,39627944171144052,val
20828,39627944238253663,val
21963,39627944447971106,val
21725,39627944489912714,val
21896,39627944624129230,val
21850,39627944624132889,val
21874,39627944640906853,val
21840,39627944653488209,val
3560,39627944758347201,val
17070,39627944833843486,val
17075,39627944859010200,val
16912,39627944989034286,val
14273,39627945056145373,val
2726,39627945072921360,val
29767,39627945177778597,val
29742,39627945202943529,val
26098,39627949674074633,val
6375,39627949716016931,val
25698,39627949846041826,val
25858,39627949892175834,val
25871,39627949913145895,val
20341,39627950034782261,val
20638,39627950227720601,val
21962,39627950454212913,val
21955,39627950462602998,val
21756,39627950567457044,val
16855,39627950961727308,val
3789,39627951016251326,val
14275,39627951062386996,val
14341,39627951125302685,val
2665,39627951158856756,val
25868,39627955931973839,val
21006,39627956061997522,val
20969,39627956087161146,val
20782,39627956141688307,val
21995,39627956456261626,val
21781,39627956523371782,val
21771,39627956540147122,val
21778,39627956548535334,val
21752,39627956590479965,val
21907,39627956636616450,val
3964,39627956808584349,val
17112,39627956821169389,val
3814,39627957014105492,val
2768,39627957077020144,val
7193,39627957190268673,val
7189,39627957219625046,val
26066,39627961715918973,val
6373,39627961741084055,val
25897,39627961866915612,val
21017,39627962047269788,val
21022,39627962051461937,val
20824,39627962282149122,val
21978,39627962487669673,val
16918,39627962982597825,val
16897,39627963045513601,val
29790,39627963171341455,val
29757,39627963213284940,val
26178,39627967659248636,val
25818,39627967785075497,val
21019,39627968049319820,val
21032,39627968074484969,val
20784,39627968145789170,val
21980,39627968472942275,val
22004,39627968506498333,val
21891,39627968649105175,val
14331,39627969144034992,val
2749,39627969144035280,val
29816,39627969160808449,val
497,39627973610968942,val
7879,39627973610968942,val
26103,39627973678073017,val
26124,39627973690657760,val
25968,39627973845844406,val
25877,39627973904567632,val
6348,39627973946509294,val
25917,39627973946509294,val
20787,39627974147838614,val
21788,39627974508547755,val
21798,39627974529516031,val
21811,39627974554682778,val
3954,39627974839896267,val
17092,39627974839896267,val
17083,39627974856675763,val
3766,39627974948948351,val
16858,39627974948948351,val
16963,39627974969918656,val
16924,39627974982502326,val
16905,39627975028642100,val
3805,39627975032832365,val
29792,39627975171245529,val
26074,39627979709485050,val
26129,39627979730454675,val
6331,39627979801761413,val
21799,39627980502209405,val
21814,39627980548342451,val
16864,39627980896470007,val
16928,39627981001329713,val
16941,39627981047464917,val
29820,39627981148131893,val
29810,39627981173298691,val
26117,39627985669592474,val
6334,39627985749283584,val
25825,39627985749283584,val
25810,39627985791223992,val
20794,39627986130962015,val
20864,39627986189685652,val
20867,39627986198072750,val
22013,39627986487477054,val
2774,39627987057906370,val
14385,39627987083070149,val
26122,39627991654859134,val
20474,39627991940075829,val
21110,39627991986213116,val
20895,39627992149788018,val
19073,39627992330144706,val
21820,39627992489526419,val
17133,39627992778932697,val
29896,39627992791517238,val
3983,39627992829269037,val
26203,39627997619159135,val
26147,39627997661104625,val
25979,39627997770157344,val
5582,39627997979872887,val
21111,39627997979872887,val
21037,39627998026007925,val
20802,39627998109892985,val
20788,39627998114091662,val
22018,39627998445441553,val
3981,39627998818731400,val
16942,39627998973921312,val
16944,39627998986503072,val
7218,39627999053613140,val
7207,39627999070393216,val
29823,39627999095558154,val
26149,39628003642180335,val
25934,39628003809956058,val
25929,39628003872867638,val
21048,39628003977724654,val
5511,39628004078387483,val
20804,39628004078387483,val
29933,39628004078387483,val
22026,39628004371991010,val
17155,39628004808199657,val
16977,39628004862725042,val
3881,39628004875309409,val
16979,39628004875309409,val
3888,39628004900472164,val
16986,39628004900472164,val
7911,39628009463876463,val
6399,39628009543566585,val
25938,39628009795225253,val
5383,39628009853945471,val
21042,39628009954608670,val
21075,39628009979775981,val
21059,39628010034300715,val
20877,39628010122380437,val
17170,39628010709583057,val
2790,39628010982214403,val
7210,39628011019961805,val
26231,39628015478505660,val
26159,39628015549811815,val
20472,39628015822439076,val
5591,39628015839218503,val
21117,39628015906328773,val
21063,39628015965046336,val
20902,39628016015380763,val
20883,39628016069907302,val
7929,39628021363117300,val
7919,39628021379894622,val
26234,39628021442807430,val
26218,39628021463781141,val
26221,39628021484752062,val
26210,39628021493141472,val
26158,39628021522502174,val
29936,39628021962899953,val
20905,39628021983872359,val
21923,39628022352973984,val
16991,39628022776596681,val
16959,39628022826927155,val
7223,39628022902426639,val
26143,39628027528741697,val
6355,39628027725876936,val
21116,39628027822345620,val
5539,39628027952366250,val
20910,39628027952366250,val
22057,39628028128529371,val
22032,39628028241773002,val
21925,39628028304689897,val
522,39628033274942033,val
26239,39628033354629272,val
26219,39628033388184663,val
26270,39628033425934648,val
26142,39628033488848068,val
25993,39628033551761882,val
25991,39628033560153642,val
21069,39628033845366626,val
16999,39628034721977173,val
3857,39628034747138273,val
525,39628039230849756,val
27187,39628039264405789,val
26163,39628039407013986,val
30388,39628039407013986,val
26004,39628039545424430,val
26003,39628039549619325,val
25950,39628039604146348,val
25933,39628039608341430,val
5578,39628039788695653,val
17173,39628040501726033,val
27203,39628045195150398,val
26328,39628045413257617,val
5580,39628045719437482,val
17184,39628046428279295,val
27201,39628051142673806,val
26008,39628051432080917,val
3911,39628052510016349,val
25996,39628057333468646,val
26007,39628057362829021,val
21150,39628057534795405,val
21094,39628057585125687,val
5598,39628057660624876,val
20939,39628057706759440,val
22071,39628057903894398,val
17004,39628058474320608,val
530,39628062979000666,val
27210,39628063037721933,val
25959,39628063343907936,val
26528,39628063352296328,val
22177,39628063746559379,val
5692,39628063817862415,val
27241,39628068926527717,val
26278,39628069031381709,val
26288,39628069048157258,val
26010,39628069211738523,val
21095,39628069450811424,val
6409,39628074945348439,val
26285,39628074987292526,val
26012,39628075159260720,val
26522,39628075243146201,val
21160,39628075360586621,val
4016,39628076170087189,val
7225,39628076329468810,val
6578,39628080788013398,val
26314,39628080859317773,val
26526,39628081148724558,val
5696,39628081580741501,val
17011,39628082163745166,val
6585,39628086672623810,val
27229,39628086693597882,val
26313,39628086760706836,val
21214,39628087192718997,val
5601,39628087264023282,val
7959,39628092515288448,val
26295,39628092687255902,val
26435,39628092725003985,val
30400,39628092725003985,val
21242,39628093089909448,val
5603,39628093136046917,val
20938,39628093240903178,val
20936,39628093240905023,val
3923,39628093945547737,val
17030,39628093962324459,val
27253,39628098467005644,val
27223,39628098492174125,val
26316,39628098571863883,val
6411,39628098580254396,val
21164,39628098953545246,val
21244,39628098966126823,val
22184,39628099192624467,val
6412,39628104435501603,val
26371,39628104561332101,val
26591,39628104670381853,val
27347,39628110190087649,val
26413,39628110450131585,val
26545,39628110676626687,val
21251,39628110747927286,val
21219,39628110794068315,val
17041,39628111616148729,val
27352,39628116095666505,val
27260,39628116125028545,val
27304,39628116137612266,val
27308,39628116150193541,val
26464,39628116242468654,val
26449,39628116280217748,val
7972,39628121900586612,val
27382,39628121934138963,val
27281,39628122034800900,val
27283,39628122055773621,val
26466,39628122110300214,val
26451,39628122152240302,val
26405,39628122236128355,val
21260,39628122483590770,val
5698,39628123121126618,val
4026,39628123305673173,val
27305,39628127881660226,val
27280,39628127898439973,val
27290,39628127944574013,val
26397,39628128112349988,val
22207,39628128540167060,val
22121,39628128875709214,val
6617,39628133640440627,val
26603,39628134026313956,val
21230,39628134294752609,val
22097,39628134596739219,val
27409,39628139525050892,val
26457,39628139722181573,val
26395,39628139827039996,val
26602,39628139873173674,val
26557,39628140007395145,val
21233,39628140141612146,val
22101,39628140439407190,val
26473,39628145539678935,val
26486,39628145606787748,val
21268,39628145900389436,val
22103,39628146277877017,val
22088,39628146407899727,val
17213,39628146739253744,val
22253,39628152074408914,val
17210,39628152577722425,val
27645,39628157006906547,val
26583,39628157510222258,val
26582,39628157510223263,val
22265,39628157900295343,val
27644,39628162841185266,val
27333,39628162941849508,val
26484,39628163034124201,val
21270,39628163428386046,val
22128,39628163923315221,val
5709,39628163927510517,val
4043,39628164170777115,val
4044,39628164179165664,val
7231,39628164254665160,val
27411,39628168704819857,val
27455,39628168709018351,val
22227,39628169409462882,val
27685,39628174430049904,val
30155,39628174430049904,val
27457,39628174518127420,val
27456,39628174522324395,val
27336,39628174585236053,val
22226,39628175214379638,val
29958,39628180230769409,val
29959,39628180234960950,val
21286,39628180918635450,val
30362,39628181539390605,val
27464,39628186123765860,val
27515,39628186257982607,val
22094,39628187088454320,val
26633,39628192327143536,val
26675,39628192335528265,val
30359,39628193128252222,val
26631,39628198094310859,val
26668,39628198106894067,val
27698,39628203374940115,val
27680,39628203408495473,val
27472,39628203446245384,val
21298,39628204008279419,val
22113,39628204410932633,val
22140,39628204448678858,val
7232,39628204800999732,val
27767,39628209121138264,val
30160,39628209121138264,val
27697,39628209137911648,val
27703,39628209154691675,val
27679,39628209184048184,val
26671,39628209649618388,val
22141,39628210220040429,val
27538,39628215093822459,val
27551,39628215165128021,val
26677,39628215433560925,val
22278,39628215777495271,val
27711,39628220676440455,val
21300,39628221318169892,val
22249,39628221498523823,val
22250,39628221498528014,val
27482,39628226519108888,val
26823,39628226842069772,val
26660,39628226879817495,val
26683,39628226900791161,val
22318,39628227139863626,val
27769,39628232114310043,val
30159,39628232114310043,val
27739,39628232189810622,val
27740,39628232214976477,val
27585,39628232269500534,val
27558,39628232391132809,val
27176,39628232433074513,val
22344,39628232802176164,val
22297,39628232982529476,val
22282,39628232990919497,val
22288,39628233007694617,val
27755,39628237898252799,val
26691,39628238351238732,val
27779,39628243564763380,val
27761,39628243610899321,val
27597,39628255141040573,val
22352,39628255665325615,val
22152,39628256030228967,val
27596,39628260841096774,val
27614,39628260878847667,val
22302,39628267279354035,val
27806,39628272065055006,val
27612,39628272237023176,val
30154,39628272257991441,val
22363,39628272706786759,val
27813,39628277710590715,val
27807,39628277723174859,val
27809,39628277735753451,val
6655,39628277840609377,val
22372,39628278503310593,val
6673,39628288963904038,val
22375,39628295414747286,val
27856,39628300380803893,val
27861,39628306017944469,val
6678,39628311487316443,val
22428,39628312439424165,val
27871,39628322795165143,val
27843,39628328239370864,val
27875,39628328394556521,val
27626,39628334006537390,val
22439,39628334706988667,val
30099,39628335017365278,val
28245,39628339958255082,val
22445,39628340285408172,val
31978,39628340541264113,val
30945,39628340549652405,val
6694,39628344932696987,val
6658,39628345087886417,val
30168,39628345121443819,val
26716,39628345427627402,val
26713,39628345431821056,val
30106,39628346090328051,val
30947,39628346090328051,val
31963,39628346090328051,val
28780,39628350435623906,val
27847,39628350456594483,val
28050,39628350641144837,val
31995,39628351647776842,val
6686,39628355967912836,val
27901,39628356081159278,val
27182,39628356471228909,val
22455,39628356848717401,val
32044,39628357121348408,val
30960,39628357133928564,val
30953,39628357138125045,val
30115,39628357167481432,val
30975,39628357167481432,val
26717,39628362003515912,val
22448,39628362397781627,val
32028,39628362666216100,val
32012,39628362674604740,val
27908,39628367112175641,val
30984,39628368135585873,val
28793,39628372459917910,val
22461,39628373361688815,val
32069,39628373638515308,val
30122,39628373663679069,val
32040,39628373663679069,val
27968,39628378038340833,val
22465,39628378835255805,val
32074,39628384585646314,val
30994,39628384585648232,val
32031,39628384598230593,val
28873,39628388897392600,val
27959,39628388935140769,val
22399,39628389597841141,val
22412,39628389669143029,val
22384,39628389669146049,val
22392,39628389681726352,val
32080,39628390046633141,val
28823,39628394261910383,val
6713,39628394555508359,val
28070,39628394563898914,val
31003,39628395474059427,val
28808,39628399710307247,val
27974,39628399861306785,val
27988,39628399873885206,val
6712,39628399987132220,val
22411,39628400532394565,val
28810,39628405133546234,val
28878,39628405217427996,val
27982,39628405280345560,val
6702,39628405292929618,val
6714,39628405418757297,val
28889,39628410611308119,val
28890,39628410615498521,val
22504,39628411450167498,val
6985,39628415996792487,val
28877,39628415996794655,val
28002,39628416068093083,val
28007,39628416076480831,val
27990,39628416114234432,val
27918,39628416126817644,val
22511,39628416852427376,val
6954,39628426696458314,val
6955,39628426696462204,val
28838,39628426696462204,val
28881,39628426792929475,val
28008,39628426839067764,val
22525,39628427606625385,val
22483,39628427682123766,val
30140,39628427682123766,val
28018,39628432182608144,val
22535,39628433004695868,val
28277,39628438180466567,val
22522,39628438310487039,val
28917,39628442861312152,val
28088,39628442978749282,val
28276,39628443519813118,val
6960,39628448062246196,val
28131,39628448267766740,val
28040,39628453548393145,val
28137,39628453573560327,val
28133,39628453594531652,val
22541,39628454332728777,val
28910,39628458749331511,val
6725,39628458879357239,val
6750,39628459290397363,val
28970,39628464021572312,val
6993,39628464055127286,val
6962,39628469235093864,val
28860,39628469235093864,val
28969,39628474557662290,val
28306,39628475132284165,val
7025,39628484972120985,val
29057,39628484972120985,val
28978,39628485030840117,val
28949,39628485081172684,val
28991,39628490227585018,val
22548,39628491079028583,val
5729,39628491196468903,val
29063,39628495403357147,val
29000,39628495495629996,val
28285,39628496095415126,val
28315,39628501266991939,val
29089,39628505780061065,val
7017,39628505834587200,val
6768,39628511597563236,val
30209,39628511647895244,val
22559,39628511849219529,val
5733,39628511962468457,val
30197,39628516425208211,val
29009,39628521349320069,val
29988,39628521433203799,val
28184,39628521517093015,val
30227,39628521848443167,val
30245,39628521886188688,val
29012,39628526491537436,val
29011,39628526495727962,val
6773,39628527049378824,val
30215,39628527124874752,val
22544,39628527309425767,val
29990,39632929730593528,val
28185,39632929810287311,val
30174,39632929952891463,val
22551,39632930393293722,val
29316,39632934788925770,val
28327,39632935300631232,val
28441,39632935476789844,val
5742,39632935560677269,val
22564,39632935569064856,val
30185,39632939964698187,val
6746,39632940468011095,val
5747,39632940652563225,val
22617,39632940652563225,val
29107,39632944825893944,val
30272,39632944851059579,val
29030,39632944859452163,val
29134,39632949854864571,val
7018,39632949938752272,val
29024,39632949938752272,val
30264,39632949963915925,val
30251,39632950471427123,val
7022,39632954984498331,val
30265,39632955013858840,val
22593,39632955781414942,val
22622,39632955827554944,val
29363,39632960063802750,val
28570,39632960403540124,val
22598,39632960789415070,val
29152,39632965004694047,val
29206,39632969920418140,val
7060,39632969949778430,val
29158,39632969987524796,val
28574,39632970423732986,val
22600,39632970809608027,val
22603,39632970813804233,val
5749,39632970843163925,val
29199,39632974915832313,val
29359,39632975071020314,val
28451,39632975716945518,val
28467,39632975784051294,val
29173,39632979940609382,val
29177,39632979944803001,val
29372,39632980016106240,val
29332,39632980062243575,val
30286,39632980062243575,val
7103,39632980133544596,val
28495,39632980674609360,val
28460,39632980720750654,val
7076,39632984856334589,val
29365,39632985007327970,val
28349,39632985493865540,val
6819,39632985590336626,val
6799,39632985707776122,val
29215,39632989801417271,val
29375,39632989889498396,val
28477,39632990627694647,val
29232,39632994679394146,val
29219,39632994700364585,val
7063,39632994805223779,val
29367,39632994880717176,val
29216,39632999628673747,val
29387,39632999741917406,val
28591,39633000127791691,val
28594,39633000140374160,val
28578,39633000173930772,val
6781,39633000270398234,val
28497,39633000404617706,val
29242,39633004502451107,val
29386,39633004632474845,val
28592,39633005026739105,val
28352,39633005165150941,val
28524,39633005299369927,val
28489,39633005324535862,val
7084,39633009351068541,val
28629,39633009837606941,val
28584,39633009921493785,val
28586,39633009925687504,val
28712,39633009950852542,val
28537,39633010164761704,val
7089,39633014237434573,val
29486,39633014354874802,val
28593,39633014765912229,val
28392,39633014883354397,val
28397,39633014883355933,val
6823,39633015004991154,val
29249,39633019094436941,val
7091,39633019127988590,val
28211,39633019371257982,val
28199,39633019446758806,val
28654,39633019564196275,val
29253,39633023901110190,val
29445,39633024165347727,val
28639,39633024358286566,val
28719,39633024471532661,val
28360,39633024576390086,val
28357,39633024588974103,val
28512,39633024672859075,val
29408,39633028925885759,val
28714,39633029299176680,val
29258,39633033535423542,val
29357,39633033757721987,val
28545,39633034231679222,val
6842,39633034252650693,val
29455,39633038593754796,val
29456,39633038593755676,val
28385,39633038912520905,val
28408,39633038950271155,val
28513,39633039055130252,val
28705,39633043530452357,val
29279,39633047884138804,val
6731,39633048131603635,val
28222,39633048131603635,val
28606,39633048349707640,val
6840,39633048538447981,val
29463,39633052841804637,val
6903,39633052967635301,val
28563,39633053244459660,val
29508,39633057434567836,val
6901,39633057723974372,val
28708,39633057761724280,val
28423,39633057904330378,val
28436,39633057908525558,val
28565,39633057967245523,val
28556,39633057971439321,val
29502,39633062073467153,val
29995,39633066825614063,val
29511,39633066825614633,val
6912,39633071770700647,val
28749,39633071770700647,val
29482,39633076212467912,val
28748,39633076422184771,val
28733,39633076485097407,val
28746,39633081023335299,val
29469,39633094709348776,val
29470,39633094717735153,val
6885,39633094877121569,val
8517,39636299749002173,val
23787,39636323316798077,val
8273,39636329574696888,val
8216,39636335467694163,val
8956,39636437234093670,val
1040,39636442988679475,val
810,39636443219364624,val
890,39636485284040431,val
9030,39636485384704970,val
9031,39636485384705884,val
9155,39636491323836933,val
9241,39636551759561881,val
1013,39636588027712152,val
27581,39637056959283349,val
273,2305843014745989845,val
287,2305843014901171797,val
1,2305843033519690383,val
5,2305843035914641859,val
8,2305843035918833455,val
13,2305843035960779088,val
21,2305843036053045946,val
30404,2305843036053050422,val
28,2305843036350842286,val
34,2305843036405378814,val
59,2305843036493451238,val
63,2305843036518623397,val
65,2305843036527004194,val
66,2305843036543782770,val
70,2305843036602507135,val
82,2305843036665420325,val
79,2305843036665423248,val
97,2305843036707357550,val
114,2305843036757689930,val
121,2305843036782854302,val
128,2305843036799638214,val
136,2305843036837390029,val
143,2305843037416196841,val
147,2305843037445559679,val
150,2305843037470729198,val
30417,2305843037487506435,val
174,2305843037583974952,val
177,2305843037609135102,val
183,2305843037739167827,val
189,2305843037781102185,val
191,2305843037785302293,val
192,2305843037789488873,val
204,2305843037911124910,val
207,2305843037948871938,val
225,2305843038221509500,val
237,2305843038242475527,val
244,2305843038603187982,val
263,2305843047281200793,val
